path,state,category,official_sha256,current_sha256,migration_number
.dockerignore,different,infrastructure,92d7bef819acf5536be8a674776e0a5dc2659b30223cc1d29ca4e42359433c52,a6f0d6c7e2f867b290edcbadcf1465df69ab97dfdc679820a8aefe3ae79b3cda,
.gitattributes,same,infrastructure,1e7e4dd88806c211173003844b25304bac2ba04d0c2dc4afbb7a5e181fd3bf7c,1e7e4dd88806c211173003844b25304bac2ba04d0c2dc4afbb7a5e181fd3bf7c,
.github/audit-exceptions.yml,different,infrastructure,174b013263e865382b750c87aac06215ddc4635ac07e8a65c30529cd87a5e30f,a7a8aac79b9ba3b14d3293594b1143b330a4cc58dbe38de61a7b0f62c9876818,
.github/workflows/backend-ci.yml,different,infrastructure,2f21bb3296e0487dfeaa69dde5683b169d907ec61bdafc2ab6b718a76d3ad3a2,30b16e16ec20b611cc77850f9867bd11f49c80377634fcc441c9bfe1518f9cd8,
.github/workflows/cla.yml,same,infrastructure,cb797d735c2dff6c383d1f5c4e417d9727752579345d8cb7d29d0dd1e6189650,cb797d735c2dff6c383d1f5c4e417d9727752579345d8cb7d29d0dd1e6189650,
.github/workflows/my2-release.yml,current_only,infrastructure,,ae071f5763274239c847c32149890edc9b73c6f77fcd1a17e10b5543856a8da1,
.github/workflows/release.yml,different,infrastructure,f0345c6bfefdc866ed247f34f00c2d151bf42b7d7e8fecffa6c1f83d61e94605,f5bdc297e88150249e34fffd185339b86c4f3e4b5f72bed8600a98648ddd7383,
.github/workflows/security-scan.yml,different,infrastructure,0dad696bd4c13f7396e934f706b7ad49c7eec2997bd3090faf17ec1257689147,8a57e344ce13edcf5ffbcecbe5e432b8dee6010011855c266820239889fd2d14,
.gitignore,different,infrastructure,492b0ca2c20bf89ece6b496eb3d55fae3e27470f72176ce28a176ac45a63b895,8334a0e18a9284d7cd639ab0e7fcea3961cd579bd035345712b1ba59422a4b68,
.goreleaser.simple.yaml,same,infrastructure,6cd3c751704ee592db2b1d91ef93ca87b93487c185545e79985c64f9c13d350f,6cd3c751704ee592db2b1d91ef93ca87b93487c185545e79985c64f9c13d350f,
.goreleaser.yaml,same,infrastructure,1a32e8ff228768eeec1a81000f8d55b717436be3c99dbd4a0791a17aa5281745,1a32e8ff228768eeec1a81000f8d55b717436be3c99dbd4a0791a17aa5281745,
CLA.md,same,documentation,8d44ce005572a6026c1f6ca176c6e56c6533d9608c73c3f80aaafca1ced19ad6,8d44ce005572a6026c1f6ca176c6e56c6533d9608c73c3f80aaafca1ced19ad6,
DEV_GUIDE.md,different,documentation,394861d5e480e1fbb7be373b4067e9b270447641373d74ad63bc8e0d54eb0e17,fb6cde6fd6dbf96ba0c4f8fcb392e38c3f64744a718b626340b2611e4f2865b7,
Dockerfile,different,infrastructure,2d87d5b38082e0bba357e64ee5fc32085c81e6aa82ced4f24e4d8e483661db72,20d075bf1194342cc5a30b3c37b56f952b198e6e5833590e36543b7f5e64cc98,
Dockerfile.goreleaser,different,infrastructure,d930c927560641d2dda75d56d608ce1d5ae39b32f98db293788b5ec1e23a9af5,56e1935040d6be8915a9c5e80ffa0f32f97f7cdced1b3865df337dc1bcf21941,
LICENSE,same,documentation,a5681bf9b05db14d86776930017c647ad9e6e56ff6bbcfdf21e5848288dfaf1b,a5681bf9b05db14d86776930017c647ad9e6e56ff6bbcfdf21e5848288dfaf1b,
Makefile,different,infrastructure,0714ac7f628e4440df784ca3313e7c6bec70992122e5a93611779d9cfc10b237,50029990dd9bf38c82120cf6e7f2f9a91d8b3ee89d4a65a3632afcd0f8bb4e28,
README.md,different,documentation,f71c812338bca288c938b7214cc631027976cfeef41823b6e0bbb67483a15a22,5dad94aac9c96d39250624bef72b35283546692464bb9ed35257d2e1caccf619,
README_CN.md,different,documentation,a81fcaa700b0e8e32825cdc93c893fdbf6532b1e820eb7803049909958090ca7,9b4cb3c7a27b114eea57e2d691afeed3cb9a9b65805a259e313837336bf63e8a,
README_JA.md,different,documentation,ccdd900b103154da15306ec01aa77c4d2b094443d2b6df0f0b4428de3a6dc064,acbc6dd19c4c5b26f21d72ecf2d67a0af7d0753d6322e36b501f97dfae6c5156,
assets/logo.svg,same,documentation,ce1f2ac07efcfff80904a9582578b5db8fdd14a3118a5c7b58f408ed06df18e1,ce1f2ac07efcfff80904a9582578b5db8fdd14a3118a5c7b58f408ed06df18e1,
assets/partners/logos/AICodeMirror.jpg,current_only,documentation,,bb783e6429df97ea0a3797c20db6ed5a436939ad3d0cff71332701e73afb1cc4,
assets/partners/logos/RoxyBrowser.png,same,documentation,260714a21c6d955e8f40074de985deb2aff97ced833e556d2d3b72fb9dc7cf59,260714a21c6d955e8f40074de985deb2aff97ced833e556d2d3b72fb9dc7cf59,
assets/partners/logos/aigocode.png,same,documentation,880b50b77771be2f3896fd3c93dfc7f492b3ef81f2e1c660dabfe72e62abc868,880b50b77771be2f3896fd3c93dfc7f492b3ef81f2e1c660dabfe72e62abc868,
assets/partners/logos/aimzoon.jpg,same,documentation,4999a736921e84a774c39fa5f359a8d861459476b18aaacfa0c812a24bd26f8b,4999a736921e84a774c39fa5f359a8d861459476b18aaacfa0c812a24bd26f8b,
assets/partners/logos/anpin.jpg,current_only,documentation,,ba0db84e67bcc2d4db382bcc31d1b0e760d01f3d5a860016c98de2c9adee0aaf,
assets/partners/logos/apikey-fun.png,same,documentation,ba11dcb884cc06069e9f13b28b05917b35a7d037e2872c3998b69d567c4aeea8,ba11dcb884cc06069e9f13b28b05917b35a7d037e2872c3998b69d567c4aeea8,
assets/partners/logos/apimart.jpg,official_only,documentation,29995c71318c9a866fd6a5448f10212babed3b00c3993dd3d662422c2e6099e7,,
assets/partners/logos/axisnow.jpg,official_only,documentation,167b032efc5cac067df4a445b02e3340f13b4d182ee8e5b95c06c6870728d1a5,,
assets/partners/logos/bestproxy.png,same,documentation,58f1344d07a1bae0aee9d209eaca07d168813ed0249b253869276d51fe1616db,58f1344d07a1bae0aee9d209eaca07d168813ed0249b253869276d51fe1616db,
assets/partners/logos/bmoplus.jpg,same,documentation,c00179742fbaba218559d9098264cafc0ac48a3f013cb7201784a9965663e81f,c00179742fbaba218559d9098264cafc0ac48a3f013cb7201784a9965663e81f,
assets/partners/logos/cctk.jpg,same,documentation,e3161534970bb96b0d25c4397cb8982c3003d0c7f2ea8c11d9f9c7a3a1f0daa6,e3161534970bb96b0d25c4397cb8982c3003d0c7f2ea8c11d9f9c7a3a1f0daa6,
assets/partners/logos/claudeapi.jpg,current_only,documentation,,06f51d22fa55ccee5f218392c4bd35016941421ce3bb51e83f3cf8b886582e2a,
assets/partners/logos/code0.jpg,current_only,documentation,,1923a3e07e9129daac5dbca0ca82da1ba1b154bf23c05100d7d519c50f759058,
assets/partners/logos/codex-everywhere.jpg,official_only,documentation,2b06315f148f148eca3933604cf07b705d188c56159e77dc98d6f4c89197870b,,
assets/partners/logos/ctok.png,same,documentation,d5c137c6cc68981d8485517a899f1f833be7f136e9b7ec8aec4e53468bef3041,d5c137c6cc68981d8485517a899f1f833be7f136e9b7ec8aec4e53468bef3041,
assets/partners/logos/duckip.png,official_only,documentation,1009605201082a7ceba066fd46eee8641025caded6bcc771c47ea8359f4c76ee,,
assets/partners/logos/etok.png,same,documentation,7ff9be47142c372910b730748210e121777b1998e5d5b298eb3d3c37674468fa,7ff9be47142c372910b730748210e121777b1998e5d5b298eb3d3c37674468fa,
assets/partners/logos/fastaitoken.jpg,same,documentation,25cfd0d020ebb61f7d06969007c9ba4154a8359516f0a32bab63e6613b3f3e4f,25cfd0d020ebb61f7d06969007c9ba4154a8359516f0a32bab63e6613b3f3e4f,
assets/partners/logos/fennoai.jpg,same,documentation,856aeed0b85c1e3b24a6838109b8d75dfa0e7ab80713d4285acb44e9c8d42b3b,856aeed0b85c1e3b24a6838109b8d75dfa0e7ab80713d4285acb44e9c8d42b3b,
assets/partners/logos/haoai.png,official_only,documentation,9447cda5aaf511a067374cdbd7ed57e91e3a1d74bd31e89be156841f3568097e,,
assets/partners/logos/lanox.jpg,different,documentation,44db85f98aeb436594e7867271a22d2f96e47d304fe9a87095bb85f66aefee5c,948e2b0bb1b9fadb427596e0ab3cb1f503f5f442101f3a2b356ce9a86498c1c7,
assets/partners/logos/nagora.png,same,documentation,5296cc26e76012a12b621087e9bec98c0107accd78758737def76591f663f599,5296cc26e76012a12b621087e9bec98c0107accd78758737def76591f663f599,
assets/partners/logos/novada.png,same,documentation,c1157701efdba516bbf52360222ec7d4e75505719312f1b9723d0b9f96f694b5,c1157701efdba516bbf52360222ec7d4e75505719312f1b9723d0b9f96f694b5,
assets/partners/logos/openmodel.jpg,same,documentation,a721d1fd75ef50b5c1f4dc7b57894d81f9d1f941ad4cdb19041e90bd9ba53ecf,a721d1fd75ef50b5c1f4dc7b57894d81f9d1f941ad4cdb19041e90bd9ba53ecf,
assets/partners/logos/pateway.png,same,documentation,b5b7fed8b61b2ee4b0c9e92932e57f90afe0044d44ed3f687bdde904ed329c36,b5b7fed8b61b2ee4b0c9e92932e57f90afe0044d44ed3f687bdde904ed329c36,
assets/partners/logos/pincc-logo.png,same,documentation,3a3752a166d3f7df4facafbe422bf4ad95738f18d1e9608d138239d75939494b,3a3752a166d3f7df4facafbe422bf4ad95738f18d1e9608d138239d75939494b,
assets/partners/logos/poixe.png,same,documentation,6f47bcf9a993e29c605889c2eb513cbb10309330e961a9909bfd3f158ec5788f,6f47bcf9a993e29c605889c2eb513cbb10309330e961a9909bfd3f158ec5788f,
assets/partners/logos/pptoken.png,same,documentation,d6ec5665b315ffa15bd34a7fe67f2134614380413e2380f1186bb4eff8f670cf,d6ec5665b315ffa15bd34a7fe67f2134614380413e2380f1186bb4eff8f670cf,
assets/partners/logos/proxy4free.png,same,documentation,2a962a1e725558f80deec0696b8e56697a0944bbcd20a8ce299cf52f19a93d60,2a962a1e725558f80deec0696b8e56697a0944bbcd20a8ce299cf52f19a93d60,
assets/partners/logos/qiniu.jpg,same,documentation,63571eaa57298170b08a0fcbce899853950de2e05e562886306b34f36d2b40fa,63571eaa57298170b08a0fcbce899853950de2e05e562886306b34f36d2b40fa,
assets/partners/logos/rapidproxy.jpg,official_only,documentation,d662f21749a3387bcf3365261b2b7f4c6e50e2df6b526379b5ef53b73b2b0846,,
assets/partners/logos/runapi.png,same,documentation,f52a6bc88b3057d00cb28a6392cc6a008424b9eee2cf9234d359e871723f538d,f52a6bc88b3057d00cb28a6392cc6a008424b9eee2cf9234d359e871723f538d,
assets/partners/logos/silkapi.png,same,documentation,82205954b5b644d4f213ee1a6cd5b7f62b2ac594351fbaa9ae7e179b98cfd655,82205954b5b644d4f213ee1a6cd5b7f62b2ac594351fbaa9ae7e179b98cfd655,
assets/partners/logos/sui-xiang.jpg,same,documentation,4832ef502b3c1f0a561721d12a6cb2a551e20420a6f8d71958eb03520cf261c7,4832ef502b3c1f0a561721d12a6cb2a551e20420a6f8d71958eb03520cf261c7,
assets/partners/logos/swiftprox.png,official_only,documentation,b9d0f4e054ba2fc0bfb358a5207b4d6ea4d964fbd873c04de8106cc00b78b554,,
assets/partners/logos/unity2.png,current_only,documentation,,d294eaec1d0d2a36fc42851d1f8c0f2c12e9ce27eee72080999820801763d2fa,
assets/partners/logos/veilx.png,same,documentation,4b636d893e19dc99ebe1f4381f48b5d06cf1e28cc07207b6882db7b023dd7d06,4b636d893e19dc99ebe1f4381f48b5d06cf1e28cc07207b6882db7b023dd7d06,
backend/.dockerignore,same,infrastructure,44a0e1876e9e2ed5c2b4cd18762fa3d5d2611532264ba80d619a5360239b3fea,44a0e1876e9e2ed5c2b4cd18762fa3d5d2611532264ba80d619a5360239b3fea,
backend/.golangci.yml,different,infrastructure,ed037798aa38c9e377aafa2fad35c12dc95b1edb29f18ec61f0a08b4bfbd5599,38afd7378cf41c538a591a492f02b625683895ff0ba62de9310c675ee06bf198,
backend/Dockerfile,different,infrastructure,4504ea263c1ecacc43822817bbefd183654e80f5492b31a39c9ef440283c5966,f0393b4d8bc7eec41ab54cef969404f15cdcafe20d76ebf1be0e069e70f8e8b7,
backend/Makefile,different,infrastructure,bdcaa1a9b2b722153b4269d619df89499b1bd6e8db22f79ac047b479ba6c8b66,d9fc6763ec5c5e861c316f79183de62254c7be6f6153dcb16e7aaa23920312d0,
backend/cmd/cleanup-ingress-reject-logs/README.md,same,infrastructure,89fd2a610915925760b14e58cb437ef7ee9d69d6df8057acfd4eab5d22507e05,89fd2a610915925760b14e58cb437ef7ee9d69d6df8057acfd4eab5d22507e05,
backend/cmd/cleanup-ingress-reject-logs/main.go,same,infrastructure,1bbaad2349b94ef86fe39f4c1fff79e4e7d05061c2748d510c1245bf753ce75c,1bbaad2349b94ef86fe39f4c1fff79e4e7d05061c2748d510c1245bf753ce75c,
backend/cmd/cleanup-ingress-reject-logs/main_test.go,same,infrastructure,25b7f04905bdad113fcaf221ef5e8da9e13913caecc6b1343529c923c770057a,25b7f04905bdad113fcaf221ef5e8da9e13913caecc6b1343529c923c770057a,
backend/cmd/jwtgen/main.go,same,infrastructure,29a587e1c2a533f9b2786ab195ed19aa9a75b2c458c4c67eee1eb48869172886,29a587e1c2a533f9b2786ab195ed19aa9a75b2c458c4c67eee1eb48869172886,
backend/cmd/platform-rebuild/README.md,current_only,infrastructure,,6519a73ebf730b6f6cd34debdb54af28f9dbaa97158b6fd28a7a1f3fc30e1f09,
backend/cmd/platform-rebuild/main.go,current_only,infrastructure,,80b173d38091be66a4dc4550a290d42f609c94df1b7367e03efa0148a0498c7e,
backend/cmd/profit-preview/main.go,official_only,infrastructure,cd59aa964071daf98db39a23f6ec1d34103d6190817c1f59072ebe6a9b257859,,
backend/cmd/profit-preview/main_test.go,official_only,infrastructure,e9074da89d1a1aaed2aeb1981af9187955c7ee5543f5b7858d91489c3a61c69b,,
backend/cmd/server/VERSION,different,infrastructure,7e555e7a3aea1eb8fec32b2074e0879b0ec6bfbf211bd19d8495c1549b171c87,dd2f14cf5c5e716bee511fd4910378f2fba86f8533a4c09b69aedf32f533edad,
backend/cmd/server/main.go,different,infrastructure,0d29c161513c785f7ce419aeee8fcfdd50f9dece99a1c53bcafedea37c92820d,9eaf507dd3c7c387a39285387b60e2df10a67871198164364757729bdc443c1e,
backend/cmd/server/wire.go,different,infrastructure,4975c5d957854b80433dedc54a1a81e766b946fce9fd5204edc11979ddb6afc0,773ecee0ff2cb23364369417abd5c08b410c9aac1d7afa25cf11fa5e14c40f5a,
backend/cmd/server/wire_gen.go,different,infrastructure,d17628b5051eee4615ad005a6fb53b7bae597be3be8ec8de958c42b5efd51b6f,3b50cc127de1eac50eaeb3c1695addda4a44db4ea857c036c3238cf4853e3f29,
backend/cmd/server/wire_gen_test.go,different,infrastructure,a8a6535ceed22ebc759420e69b57f616544d977ab63c0dd87589677396c66586,6c1ece216bf009afb6348e9db450699ea90ff2e74de70ee8fdcc0ac9823f9ae1,
backend/ent/account.go,different,database,3627afdaaa561ad64281a8c7bee6c17d8f38f5d28e3ee402cb9ac1d8f3fcc7c9,53728f08126e369f6cd276f058d050208a674cb0f31b3fc7f1c7d53f5e59f64d,
backend/ent/account/account.go,different,database,3072fadf996b297e2f18bef7a4d2936463efaad9fe8b0ad7592f5856d855b1cf,b418f7a9be83c0813445e974dfc7b0037159990d90538e6764c91e7231b2271e,
backend/ent/account/where.go,different,database,71a163687ff1711ca0026483877a069e907c8d61437f0d63c196b152ae92fb1b,61387cc05a8224023062326789b70189ad7459e42da567756bcb7607d03710b0,
backend/ent/account_create.go,different,database,f8dd5aba4a8ff6d1e9f00e443ab7e083cee001f6601c26003b15233312125a41,f4014a240a00ad6690c49bf31bb7035fcaf4a2ac322b118c91be20940a374dda,
backend/ent/account_delete.go,same,database,8bc27c9d5973825a7149d8903833f273a58cd4e31042d1241861bb542a8ac635,8bc27c9d5973825a7149d8903833f273a58cd4e31042d1241861bb542a8ac635,
backend/ent/account_query.go,different,database,3e7206f1337fe404da42d1f422c16d446df9b3cd8f7dce61a461aa9ce92c953b,be7a34e4c5867750e5808e37a6a31040ed880cf1588e8eaa14f598118513c825,
backend/ent/account_update.go,different,database,dcd3b1d90fbfaf57ea7a37ae8ecb91578decf6d29896e755e32a5fab513ae5e9,dcfdc9ab4b05b32383fb602eb3a4e213427c89f60fa2f41c80cbf7c80298cfbf,
backend/ent/accountgroup.go,official_only,database,4bc243dedd7cb769d48d81fe20d143d91b56662309e45abc5acabcc2a0ce503d,,
backend/ent/accountgroup/accountgroup.go,official_only,database,a8323702375ecbe96166c20888999ab73bebe2ab8f19dbd690987d67d02e97b2,,
backend/ent/accountgroup/where.go,official_only,database,19d9bc27e523f4946dfebd951e590e199f1b267ec52c4ed4ad746827ba4eea22,,
backend/ent/accountgroup_create.go,official_only,database,906debc58219f6103662ab2c4dbaee2e7f58f78a564a3ef23020154973d228f9,,
backend/ent/accountgroup_delete.go,official_only,database,ce03ee1adb7728c0f9230972aea1f1bc0fb27472051430e0e63dccb628696458,,
backend/ent/accountgroup_query.go,official_only,database,1989d0c912afbbae4419bd93a7903891a368d40f321e90a77230805839c6bf0b,,
backend/ent/accountgroup_update.go,official_only,database,43f9bb75a46f1fc83ebb6cb610167e57cbf09bbda3b68a0c0154016ecc49b40d,,
backend/ent/announcement.go,same,database,c46ec8afef8362f235a8d030f69ce9b99f44c6384c144d5f7714479748e1648b,c46ec8afef8362f235a8d030f69ce9b99f44c6384c144d5f7714479748e1648b,
backend/ent/announcement/announcement.go,same,database,146df1f94b83bc29635b4d59b703feafa845a6ce1054f7b5d410f71489c31ef4,146df1f94b83bc29635b4d59b703feafa845a6ce1054f7b5d410f71489c31ef4,
backend/ent/announcement/where.go,same,database,0598b7ef6caab3d657819132ce3ac25fab89107edead248d632f2c2df26a5b5c,0598b7ef6caab3d657819132ce3ac25fab89107edead248d632f2c2df26a5b5c,
backend/ent/announcement_create.go,same,database,ea5bd44138dfb317aa0e54bc740670f1df9f241e468fae558d7332b49bae7f36,ea5bd44138dfb317aa0e54bc740670f1df9f241e468fae558d7332b49bae7f36,
backend/ent/announcement_delete.go,same,database,399afa179eb48da3d0d34ae6b86dd12867c8322769447079f8ab643f4f05dbef,399afa179eb48da3d0d34ae6b86dd12867c8322769447079f8ab643f4f05dbef,
backend/ent/announcement_query.go,same,database,49df37ec9184ea6d1878ee07e50d9bd61eea6d01aa409ade512e112d278a8598,49df37ec9184ea6d1878ee07e50d9bd61eea6d01aa409ade512e112d278a8598,
backend/ent/announcement_update.go,same,database,5cc150f388f14dfcb72819c1bf756a4fcd7e9fd209d9c94bec0e9eb6bca794b3,5cc150f388f14dfcb72819c1bf756a4fcd7e9fd209d9c94bec0e9eb6bca794b3,
backend/ent/announcementread.go,same,database,0f069707e2a1cb29d3611ac40684cfdc009aa553aa8a5f1a5ec023cd2ce63c81,0f069707e2a1cb29d3611ac40684cfdc009aa553aa8a5f1a5ec023cd2ce63c81,
backend/ent/announcementread/announcementread.go,same,database,4e449c6530f37e53730532cbf348118068a69d1955dc3cf29b53c014575f65bd,4e449c6530f37e53730532cbf348118068a69d1955dc3cf29b53c014575f65bd,
backend/ent/announcementread/where.go,same,database,b43d4de2a1c6ca15c31664f77b392875f92e626694cdccb6f89eae86c3e5bea9,b43d4de2a1c6ca15c31664f77b392875f92e626694cdccb6f89eae86c3e5bea9,
backend/ent/announcementread_create.go,same,database,ae628ac37c8e064c3ea761d75e9b56f0cabc0f70d3ce4e35b9f539b63f2a4188,ae628ac37c8e064c3ea761d75e9b56f0cabc0f70d3ce4e35b9f539b63f2a4188,
backend/ent/announcementread_delete.go,same,database,8e7fd5505134ffe023e23533583d48affbade7771d55ff654159c0e33b8a89ac,8e7fd5505134ffe023e23533583d48affbade7771d55ff654159c0e33b8a89ac,
backend/ent/announcementread_query.go,same,database,d2dc7ede6925c30c129c7630b3823e7bb4b0a10818f481fc89bfc8341399abd7,d2dc7ede6925c30c129c7630b3823e7bb4b0a10818f481fc89bfc8341399abd7,
backend/ent/announcementread_update.go,same,database,5042498f147b1d0eba859425f8dfee0b57342366acbbae5e6cc5a79ea8fd0fb3,5042498f147b1d0eba859425f8dfee0b57342366acbbae5e6cc5a79ea8fd0fb3,
backend/ent/apikey.go,different,database,8edf5834e6aa2cbeb3528d963e236cc7072ff38f6bbad37bfc71021cc616719f,56c77c709341641d703820aefd357cf58220a132333326b944bd7b83510fe849,
backend/ent/apikey/apikey.go,different,database,d5ea46296533f5ed205aac92bdbc296501de769045ddcad9b3e2714e82ebabde,c2f948b1d0f5faaf8481a1749aadbc588b209cec8c05ae3461fedac78b94d8e5,
backend/ent/apikey/where.go,different,database,57dc9fa133c44e38a861f3d9da0d0809dd75b1b378daec91ea636fdcdd6f4459,1a3e1fa14eef0ff23581e27704477038a4e78fcb327fe5f7056afde2d8f60caa,
backend/ent/apikey_create.go,different,database,43937f0ab580444860a93b1b1bf33adf59421b3e7733c51f13f608b9a0465733,d2e8ffba77188a139bea91ce91430801238a996973c36814b2802fba5567ae41,
backend/ent/apikey_delete.go,same,database,6269b1fced62c88556c33f32c834664ee75fd08b3323e50d696b82699214b13a,6269b1fced62c88556c33f32c834664ee75fd08b3323e50d696b82699214b13a,
backend/ent/apikey_query.go,different,database,f579e4867b1e64171ad7df7d8bfa541c1de8979d428dc86685a76723754e89c3,a4db5529ab22f5a92a7c42bcc7674be720b16769530ebc367a830664e136bf51,
backend/ent/apikey_update.go,different,database,9d70431c7242e749f9223af3ec18dc867e4cf1253b14a3b48385638536bd0ee8,680317bb988bdca0ff9726c48550ea783d7807bc4485440ed35bb1d7eee0b62a,
backend/ent/authidentity.go,same,database,4884ba8c9ff74c31ab332cf2c552e1cf2722024927cfc03fbda2e84145d2defa,4884ba8c9ff74c31ab332cf2c552e1cf2722024927cfc03fbda2e84145d2defa,
backend/ent/authidentity/authidentity.go,same,database,892a3ed7ab25479765b11963e5a004107d5310226fe74b6dc89c6ea98fa2651c,892a3ed7ab25479765b11963e5a004107d5310226fe74b6dc89c6ea98fa2651c,
backend/ent/authidentity/where.go,same,database,fec4aba7ce7ed9bd5676fcc34e95aa99e3f563dcd23f1c9a9bbf226496e14b71,fec4aba7ce7ed9bd5676fcc34e95aa99e3f563dcd23f1c9a9bbf226496e14b71,
backend/ent/authidentity_create.go,same,database,69bf8a861da1555a6db96f466073fa3ac23b70defb38725277e10d3093e80b73,69bf8a861da1555a6db96f466073fa3ac23b70defb38725277e10d3093e80b73,
backend/ent/authidentity_delete.go,same,database,01233f917ee149f0513a67b34fb5b289cf63efb05a354ac43325de24013def9a,01233f917ee149f0513a67b34fb5b289cf63efb05a354ac43325de24013def9a,
backend/ent/authidentity_query.go,same,database,f76e6291416cb9abd267990379cdc4cef927f87c5e11a1324e4cdfce870eb32a,f76e6291416cb9abd267990379cdc4cef927f87c5e11a1324e4cdfce870eb32a,
backend/ent/authidentity_update.go,same,database,0674146ce686b651be62450eda5d05d97de332e611befb0a93c8fbefe912af08,0674146ce686b651be62450eda5d05d97de332e611befb0a93c8fbefe912af08,
backend/ent/authidentitychannel.go,same,database,a730b39f595eb687683bf32dd531b4ee8cc638c796c564f1a355079f13d7cd4c,a730b39f595eb687683bf32dd531b4ee8cc638c796c564f1a355079f13d7cd4c,
backend/ent/authidentitychannel/authidentitychannel.go,same,database,84a0123b141ec92586dd38eb0b1e92e65ad38cbccae800faa2412788ecfb5f9d,84a0123b141ec92586dd38eb0b1e92e65ad38cbccae800faa2412788ecfb5f9d,
backend/ent/authidentitychannel/where.go,same,database,134d74a7905305025be52841b69516e10e6a161b2807653fb0eb724261299ffb,134d74a7905305025be52841b69516e10e6a161b2807653fb0eb724261299ffb,
backend/ent/authidentitychannel_create.go,same,database,91bcb023e8c16f716ddd52708dabd148a8ec92212927622c10663063b49cb716,91bcb023e8c16f716ddd52708dabd148a8ec92212927622c10663063b49cb716,
backend/ent/authidentitychannel_delete.go,same,database,109454abef99bfb1bdaa8c4eaf5e003f0f3bceb370b1f806dc8489943d5d14b9,109454abef99bfb1bdaa8c4eaf5e003f0f3bceb370b1f806dc8489943d5d14b9,
backend/ent/authidentitychannel_query.go,same,database,1db538e917dd20707768ebe073a950790b40eb5772aca3c73f59f92080cc81b0,1db538e917dd20707768ebe073a950790b40eb5772aca3c73f59f92080cc81b0,
backend/ent/authidentitychannel_update.go,same,database,cc5d6147f7993d83366ba9a73170a188c336adf0ac899629579f7493533e9c0e,cc5d6147f7993d83366ba9a73170a188c336adf0ac899629579f7493533e9c0e,
backend/ent/batchimageevent.go,same,database,738d9223340b25d7d20f33a33e092441c48ca2443e93eb6e1dc240a81eb53fac,738d9223340b25d7d20f33a33e092441c48ca2443e93eb6e1dc240a81eb53fac,
backend/ent/batchimageevent/batchimageevent.go,same,database,07604642c40ab113075f32878169c17b0dc798521cad13a0a3febfdd0463c33b,07604642c40ab113075f32878169c17b0dc798521cad13a0a3febfdd0463c33b,
backend/ent/batchimageevent/where.go,same,database,558b1ad325361c4a10b0e06f37a78d6917a935df77f0cb84fb33b4934f610ea0,558b1ad325361c4a10b0e06f37a78d6917a935df77f0cb84fb33b4934f610ea0,
backend/ent/batchimageevent_create.go,same,database,8b964079bf563e3fd636be6279e8553a905636cddd9a030ce5e289eded4705a4,8b964079bf563e3fd636be6279e8553a905636cddd9a030ce5e289eded4705a4,
backend/ent/batchimageevent_delete.go,same,database,20f66d1e3a4bedde31c084f16a7effa96aba2b12a25df4c9b8a9da966d92edc1,20f66d1e3a4bedde31c084f16a7effa96aba2b12a25df4c9b8a9da966d92edc1,
backend/ent/batchimageevent_query.go,same,database,46223530712c7433cd1e6627f1948c9a2f0a8c29bac179f9359a22e09efbc746,46223530712c7433cd1e6627f1948c9a2f0a8c29bac179f9359a22e09efbc746,
backend/ent/batchimageevent_update.go,same,database,92c1b06e0350f567ebe7f3091ad571942db628115a11df38963eca30abb5aefb,92c1b06e0350f567ebe7f3091ad571942db628115a11df38963eca30abb5aefb,
backend/ent/batchimageitem.go,same,database,5d34c795d595e52b50b50ad7a790a48c4af20c198f68f5f999d6560b7fe65d6f,5d34c795d595e52b50b50ad7a790a48c4af20c198f68f5f999d6560b7fe65d6f,
backend/ent/batchimageitem/batchimageitem.go,same,database,b9cd2575bb03ee51fcd4ffa0f30e7162b228f6d57bb739feb7dd9a9963eef278,b9cd2575bb03ee51fcd4ffa0f30e7162b228f6d57bb739feb7dd9a9963eef278,
backend/ent/batchimageitem/where.go,same,database,b8e6cb734386ab33db787dcfb911e85137f85c9c591f56ff94aa5257e4fc6006,b8e6cb734386ab33db787dcfb911e85137f85c9c591f56ff94aa5257e4fc6006,
backend/ent/batchimageitem_create.go,same,database,8bd66410acd0f2dd4497e029712c2792d840ec51535f1e6601f1efe1888a3d5d,8bd66410acd0f2dd4497e029712c2792d840ec51535f1e6601f1efe1888a3d5d,
backend/ent/batchimageitem_delete.go,same,database,2f92bcd0c864c47ee14448981e400c14d101e69d2f028454e504a6f238df3351,2f92bcd0c864c47ee14448981e400c14d101e69d2f028454e504a6f238df3351,
backend/ent/batchimageitem_query.go,same,database,5799d7cad5d846734460b742c0168799ef4ddf1d6e9614ac323406a4345b82bb,5799d7cad5d846734460b742c0168799ef4ddf1d6e9614ac323406a4345b82bb,
backend/ent/batchimageitem_update.go,same,database,e0dea9f2fae312019565924e76c08483b3fe5ac7c5c1ffe19ac0ab0cabef6677,e0dea9f2fae312019565924e76c08483b3fe5ac7c5c1ffe19ac0ab0cabef6677,
backend/ent/batchimagejob.go,same,database,649a38ada96edc411f335b2fa27598331d74060e4f6d8307b89f49102b5381e9,649a38ada96edc411f335b2fa27598331d74060e4f6d8307b89f49102b5381e9,
backend/ent/batchimagejob/batchimagejob.go,same,database,952be6ba8f67cbfa11de4533e30061a606aaccdfa394e8eca2c18c1911fc538e,952be6ba8f67cbfa11de4533e30061a606aaccdfa394e8eca2c18c1911fc538e,
backend/ent/batchimagejob/where.go,same,database,8af1c62210c1225a6c943ebf546c0e8ad063970effb060d35317d4415bd00eb6,8af1c62210c1225a6c943ebf546c0e8ad063970effb060d35317d4415bd00eb6,
backend/ent/batchimagejob_create.go,same,database,0485a854df73ba397bf17ce919182504cb80ff25d0006a2cdff529aacc32a501,0485a854df73ba397bf17ce919182504cb80ff25d0006a2cdff529aacc32a501,
backend/ent/batchimagejob_delete.go,same,database,e11ce721c8394fc73050256ca7d576fc69021535b06a77bb7ff207eaf65c5130,e11ce721c8394fc73050256ca7d576fc69021535b06a77bb7ff207eaf65c5130,
backend/ent/batchimagejob_query.go,same,database,a2fd89423c1ab766c07a3f6c6f852649a50726a007f686ee8684452b04c357db,a2fd89423c1ab766c07a3f6c6f852649a50726a007f686ee8684452b04c357db,
backend/ent/batchimagejob_update.go,same,database,10dbbe09eba5fb0f3933b8958f64e9c68b4e867b941ac3c6083fa09f6db79c48,10dbbe09eba5fb0f3933b8958f64e9c68b4e867b941ac3c6083fa09f6db79c48,
backend/ent/channelmonitor.go,different,database,4912a94e02fefd3801400aa6b8f44707b3f7a34f3d141fd36b7844169a2ca668,110c7fbac5e026d008ae5354ba93fdd8757bcd2c7f203e9a334f8905b2fd2619,
backend/ent/channelmonitor/channelmonitor.go,different,database,db4e3aa6c2cacead771a6fd6a6454d02d0a008eebbf2472ad47cb5a82f934a32,6dffd3ff32a329703cd0308331a7e178e9fe8d9f76a61303fc8d98a79691d061,
backend/ent/channelmonitor/where.go,different,database,ba42f151dc32519c575cae1aa0fc603411244ec14d19cac1f8b5e624c534b1c5,ddd35c7f4e70f7f2cb7327f8c91841d5da9b484a8647b6d7b999550602e33839,
backend/ent/channelmonitor_create.go,different,database,3643533b6eaf306100d53edb3ee7ed1e38567daf0508b24be64938082614e250,fdde224f487d1b8af727c105a00fd5ccb1062fc221d732fc260902d18bdbc4f5,
backend/ent/channelmonitor_delete.go,same,database,c75dd1dac963dcecb81a88f70e0b1aa50d7b2164fa2abf505ee1a7d8ec8338f0,c75dd1dac963dcecb81a88f70e0b1aa50d7b2164fa2abf505ee1a7d8ec8338f0,
backend/ent/channelmonitor_query.go,same,database,5fa3166700d94611608f0d2f8cc19d412d4d5927a7c8004b23ecc8829c40646f,5fa3166700d94611608f0d2f8cc19d412d4d5927a7c8004b23ecc8829c40646f,
backend/ent/channelmonitor_update.go,different,database,81f59dd10430fc5db6b978950abe2fad01fa200afd55e0897569ac1e11d499db,9fa7a1d58356b9aada1ac9652d01ae4975bebfe633f201ac9b44cc950e848337,
backend/ent/channelmonitordailyrollup.go,same,database,e22bf172afb8045aef109bf02c223ac07a6e7eb0abcdeffa659c0e84b70b17d8,e22bf172afb8045aef109bf02c223ac07a6e7eb0abcdeffa659c0e84b70b17d8,
backend/ent/channelmonitordailyrollup/channelmonitordailyrollup.go,same,database,021750bd14b06e1b2d6a1fe8d7db4adea7f3f41470569a8207e821178d7ae079,021750bd14b06e1b2d6a1fe8d7db4adea7f3f41470569a8207e821178d7ae079,
backend/ent/channelmonitordailyrollup/where.go,same,database,ebb65f108e3eee25ec6522b31d25040b63bb788cff42cf564d20b7e147380db6,ebb65f108e3eee25ec6522b31d25040b63bb788cff42cf564d20b7e147380db6,
backend/ent/channelmonitordailyrollup_create.go,same,database,bca3bd0703d42a849d9c604fc7720cf6b166ee4cdc756323681b7cbef6f2fa64,bca3bd0703d42a849d9c604fc7720cf6b166ee4cdc756323681b7cbef6f2fa64,
backend/ent/channelmonitordailyrollup_delete.go,same,database,f75cf40b150e7b6a2cad73f119ed7e6a01e0aff4b2bf805f5fc257598fb3f7e0,f75cf40b150e7b6a2cad73f119ed7e6a01e0aff4b2bf805f5fc257598fb3f7e0,
backend/ent/channelmonitordailyrollup_query.go,same,database,06030bf5dfe01d539ee4d3b3c9d926dc85f608b8f4b2059c4b0dc9508a0ea9ae,06030bf5dfe01d539ee4d3b3c9d926dc85f608b8f4b2059c4b0dc9508a0ea9ae,
backend/ent/channelmonitordailyrollup_update.go,same,database,d3bdb8e383baedd49681067fa2950a8a36aa86adcc3424a26a492f701e33f467,d3bdb8e383baedd49681067fa2950a8a36aa86adcc3424a26a492f701e33f467,
backend/ent/channelmonitorhistory.go,different,database,e41f5481c0d9dc119a8411f1d7af76eda009c0519b73ff11b07579ac4faf4103,1156c16d69f331729a6e2bc657fe23f41fe505725dbe3279f9087ef5b2d247c8,
backend/ent/channelmonitorhistory/channelmonitorhistory.go,different,database,fb7f9a04d0af2ec3de25e35fd937ab0df0f1e993497801b3e9e1007e7d687576,3ca941e19bade6c3fdc59a648aff0ca8d1614cbfead3451b21ca5654c50c3cef,
backend/ent/channelmonitorhistory/where.go,different,database,0c89322daafce3f12f367a9d1e8bb0d29c2ef75a7e65e0fd34b10911f52bf4a0,3f2a0e33ca3e83aa13d54ab414689c2223ff5bad4c65f5d8fd045be02d86d46e,
backend/ent/channelmonitorhistory_create.go,different,database,225d7feaae50ef81b99d4ce17916da6fa5cf28ceaa729c4959abb96de8c73db6,588d455f99068ed85439daba65adbbb4358000682d3e3efd2b040705d590f8ee,
backend/ent/channelmonitorhistory_delete.go,same,database,1b42ae286b13544920be2e80d96e7a54659a99dc32eba1415e3e5ce99735e11d,1b42ae286b13544920be2e80d96e7a54659a99dc32eba1415e3e5ce99735e11d,
backend/ent/channelmonitorhistory_query.go,same,database,a6d3bc5d7277caa6a340a8a9c79bb4bdc03159ad63da8f5358031c989320f4a8,a6d3bc5d7277caa6a340a8a9c79bb4bdc03159ad63da8f5358031c989320f4a8,
backend/ent/channelmonitorhistory_update.go,different,database,28cc38be797ad4f6e1baeab777dc6e5dc216ada73674db168bd7c00dc9cb23cc,394243fff1f566731c87fa7f43f85dc56a2e287384a63e423d0b4a3c6e922e4d,
backend/ent/channelmonitorrequesttemplate.go,same,database,94cdc58af34abcb2e2dd3d47f40907dc147f96817e41ec6a7d4e18196d7c573d,94cdc58af34abcb2e2dd3d47f40907dc147f96817e41ec6a7d4e18196d7c573d,
backend/ent/channelmonitorrequesttemplate/channelmonitorrequesttemplate.go,different,database,385e27df9f1ef841145c83a5d25fb286960e155a6ae613a4acceb254a3ab8d3c,ef92e453f68be6ab5046a60626d3e469091ca79e68e5b6996a32269cf5e2a4e1,
backend/ent/channelmonitorrequesttemplate/where.go,same,database,42f379006586c0aaa0795765d4615261af596f9c6afae06a53563f5dabe05c7d,42f379006586c0aaa0795765d4615261af596f9c6afae06a53563f5dabe05c7d,
backend/ent/channelmonitorrequesttemplate_create.go,same,database,8a694a76833c9fbb1c69e6fd1149f7decddada55a7196e812251fa5b2c4bb646,8a694a76833c9fbb1c69e6fd1149f7decddada55a7196e812251fa5b2c4bb646,
backend/ent/channelmonitorrequesttemplate_delete.go,same,database,20a90cef668b0340965a09e9a49dc39912a122e4fb4203a872e59cc68fae638f,20a90cef668b0340965a09e9a49dc39912a122e4fb4203a872e59cc68fae638f,
backend/ent/channelmonitorrequesttemplate_query.go,same,database,8d74e3b9461520382cd4b1ff7043e3e4a8b019c93eaef41d636062351a902151,8d74e3b9461520382cd4b1ff7043e3e4a8b019c93eaef41d636062351a902151,
backend/ent/channelmonitorrequesttemplate_update.go,same,database,a1f625fda0fba3d6b3a98fd1c35d09228e950c5251441e72afbde226910db8d9,a1f625fda0fba3d6b3a98fd1c35d09228e950c5251441e72afbde226910db8d9,
backend/ent/client.go,different,database,8cb70143b1681aa1f296f0f6904ff81c82fd0fa5d9f92d92eb174d93c2533149,d099ca2f6fad64d80d924fc8800a2feb147ad5a735b4fd246b0c1a1f0c5d188f,
backend/ent/compositemodelroute.go,official_only,database,b131ff98ee8113eddcd5f59155e1849d1eb8f6d3cb77e6716b9a55cf08fef282,,
backend/ent/compositemodelroute/compositemodelroute.go,official_only,database,6362ff8c2b829ef9897ef09946fcc985c982f9a431cf43150c06d824bad2e680,,
backend/ent/compositemodelroute/where.go,official_only,database,4c820fdf38d36c8c3ef49ab8dec7bb003482fd0e60bce7715d507cbdc752d3c7,,
backend/ent/compositemodelroute_create.go,official_only,database,5a0678d2fce005faf2029b7d6a98c904c7ea8117e135d72e6319a4fc14952833,,
backend/ent/compositemodelroute_delete.go,official_only,database,f0de34332e700931f6d372803bfd61a27a13b671ddcd31fef41e329867b7565b,,
backend/ent/compositemodelroute_query.go,official_only,database,a7da1bb8801aeaa2cae6fee891e01895d14aca58e283ca72bb705cf27400b400,,
backend/ent/compositemodelroute_update.go,official_only,database,cd072eadb166f4bde94a2256d1111bc87300019decdd7cc0c98712f322d48eb3,,
backend/ent/driver_access.go,same,database,3e7d997409cc913ae0c8b80b975d4750bdd8c705ac1e8eaaa6acf01ca5ef7458,3e7d997409cc913ae0c8b80b975d4750bdd8c705ac1e8eaaa6acf01ca5ef7458,
backend/ent/ent.go,different,database,e50f8ddc00b89d910579b3771d9d06b6372fd752e130cdc030b7cdddc6eec9cd,a80e16837ecd437fa92d3d911fa008fccdd6a3f4f4c4c8ccb729a38b001dc9da,
backend/ent/enttest/enttest.go,same,database,0976bf060491bd1ed188fdad65e13f20b9db04f2d2ce7973978e1bfb54af8afd,0976bf060491bd1ed188fdad65e13f20b9db04f2d2ce7973978e1bfb54af8afd,
backend/ent/errorpassthroughrule.go,same,database,dc627f1edf1c561fd63691ad8ff3d11ff9edbfe27442691ae2bbf315f9893cd1,dc627f1edf1c561fd63691ad8ff3d11ff9edbfe27442691ae2bbf315f9893cd1,
backend/ent/errorpassthroughrule/errorpassthroughrule.go,same,database,8230f88df77b26ac78d1b181c254179f9a38747abfce6810965b2439d8a64c28,8230f88df77b26ac78d1b181c254179f9a38747abfce6810965b2439d8a64c28,
backend/ent/errorpassthroughrule/where.go,same,database,37e5175dabdb83f251654b3d3292470bf233383507835953c5281101609aa6c6,37e5175dabdb83f251654b3d3292470bf233383507835953c5281101609aa6c6,
backend/ent/errorpassthroughrule_create.go,same,database,4b17c6d35511a44857b77d472f2a856a9ba02bdf442fbe985fedb969d2a297c5,4b17c6d35511a44857b77d472f2a856a9ba02bdf442fbe985fedb969d2a297c5,
backend/ent/errorpassthroughrule_delete.go,same,database,2e9ada23847ac4b754cc53afd02c7910b54750ffeb4978f70e7ca8b6011cb953,2e9ada23847ac4b754cc53afd02c7910b54750ffeb4978f70e7ca8b6011cb953,
backend/ent/errorpassthroughrule_query.go,same,database,9be597c652229d9be30df62fddf0d46e940b8e8d8fd06564cbc88f4945de04ef,9be597c652229d9be30df62fddf0d46e940b8e8d8fd06564cbc88f4945de04ef,
backend/ent/errorpassthroughrule_update.go,same,database,a9f72274445a69eb3b3ab5c6a5cb72af9ca92889cfb33bff1d5f1bf9b47e2ee9,a9f72274445a69eb3b3ab5c6a5cb72af9ca92889cfb33bff1d5f1bf9b47e2ee9,
backend/ent/generate.go,same,database,881d119de5f8a9d886f360777222cf01441ed3085e820d742357f4f0d44cc558,881d119de5f8a9d886f360777222cf01441ed3085e820d742357f4f0d44cc558,
backend/ent/group.go,official_only,database,70e9461bd3edfc6a6531dbc32bc66431d189284c602f828d343db2db36c80c73,,
backend/ent/group/group.go,official_only,database,f99c4ef1d05ee9899a435fdca2d73fc02f72a461d171e0737eef78fc2fe252a1,,
backend/ent/group/where.go,official_only,database,d956d377e0628a799cdd50c7eb0205037579283f0c4ef4e6686e3bb546e1c8b1,,
backend/ent/group_create.go,official_only,database,aead35847b7167da2d1bdb9fc6870b811887c72df111641341acb1c3d246b00a,,
backend/ent/group_delete.go,official_only,database,24d4cfd74f7fb6fec34085508b2b0a11e88cd668361c9a345ac67c0aeef5c01b,,
backend/ent/group_query.go,official_only,database,c50409bb88fb65ef2b6c02132a2acecd9dada1d044df53ce608db716f4b2fc4b,,
backend/ent/group_update.go,official_only,database,a4503da714c885c288984299f620aa2fbb889d06dcccf29897c6e26afd4f8853,,
backend/ent/hook/hook.go,different,database,074b4656ff398f96568efe7c55de4a8fe5cae62489e17e1ab42d716b9abf0ea4,2d64be1f6ed19ebd2ecd0c89e39f09eff78025baaf7896beb15c05ff04d945a2,
backend/ent/idempotencyrecord.go,same,database,839ea072f98aacc3c5c226ed240c7c341102d40ee9092a0f2470f7a89d7571b9,839ea072f98aacc3c5c226ed240c7c341102d40ee9092a0f2470f7a89d7571b9,
backend/ent/idempotencyrecord/idempotencyrecord.go,same,database,9bf7c739b0ec04ce35029155071bef4704e14982c0519dbfdf832167e60fb4c0,9bf7c739b0ec04ce35029155071bef4704e14982c0519dbfdf832167e60fb4c0,
backend/ent/idempotencyrecord/where.go,same,database,4a431d9049454095bc83179c944fa84d969b6e6c767e7c77899bac0f98b7671a,4a431d9049454095bc83179c944fa84d969b6e6c767e7c77899bac0f98b7671a,
backend/ent/idempotencyrecord_create.go,same,database,90e9e374b43b79d044e1b3fab0b21ebad21b8c2459de4b6354e39bd4c9baa458,90e9e374b43b79d044e1b3fab0b21ebad21b8c2459de4b6354e39bd4c9baa458,
backend/ent/idempotencyrecord_delete.go,same,database,8f814a47a5ec46405b397d962383820356f36df78dcf20de0bf52b697d2cf851,8f814a47a5ec46405b397d962383820356f36df78dcf20de0bf52b697d2cf851,
backend/ent/idempotencyrecord_query.go,same,database,7e48ce4ed752678a6a17ca97cf70031d0aaa5a56ee2a7da7f095e0a64e9a926e,7e48ce4ed752678a6a17ca97cf70031d0aaa5a56ee2a7da7f095e0a64e9a926e,
backend/ent/idempotencyrecord_update.go,same,database,ab9e1a05eb4aa37d37183f7995309f880a1432ceec366c96aa3e8b6df24c0a0a,ab9e1a05eb4aa37d37183f7995309f880a1432ceec366c96aa3e8b6df24c0a0a,
backend/ent/identityadoptiondecision.go,same,database,a098edc182ca19c8518b50cd99ff3fdfb3de1a8420323cd3d83dbc7d0a8be5da,a098edc182ca19c8518b50cd99ff3fdfb3de1a8420323cd3d83dbc7d0a8be5da,
backend/ent/identityadoptiondecision/identityadoptiondecision.go,same,database,aa77672ed5c4c3838342490db3c4d387a2a1f9d98371d107779a515f41c81b60,aa77672ed5c4c3838342490db3c4d387a2a1f9d98371d107779a515f41c81b60,
backend/ent/identityadoptiondecision/where.go,same,database,529d67949ab3405153aa61af12f3579df8f7de3f84b6c2f4c85a2fcafece42f1,529d67949ab3405153aa61af12f3579df8f7de3f84b6c2f4c85a2fcafece42f1,
backend/ent/identityadoptiondecision_create.go,same,database,b9f975d154c038e2cbe94af6f3c9c21f3e826aad4a399e7ecf48c4f1dbb7b9b7,b9f975d154c038e2cbe94af6f3c9c21f3e826aad4a399e7ecf48c4f1dbb7b9b7,
backend/ent/identityadoptiondecision_delete.go,same,database,2660e38fb78bc9292f4b0ad7c8cfaa8de41930d237a95e3e26095d33d8b230c0,2660e38fb78bc9292f4b0ad7c8cfaa8de41930d237a95e3e26095d33d8b230c0,
backend/ent/identityadoptiondecision_query.go,same,database,5c9f1f4462282d8378b0f382c6d3e42cc6312836dc56cc84cc0d10964c130b7c,5c9f1f4462282d8378b0f382c6d3e42cc6312836dc56cc84cc0d10964c130b7c,
backend/ent/identityadoptiondecision_update.go,same,database,00d6a1b38658579df0baef8e286e62944dcc800b5860f7116c641f7f3afbf440,00d6a1b38658579df0baef8e286e62944dcc800b5860f7116c641f7f3afbf440,
backend/ent/intercept/intercept.go,different,database,4c1ba5c5d825067c5ca7cbece323cf83829112e363ae12da6e5e2b6d4bec0d28,cee27166a1a7bfb802c708ae978adefa15dc2b3f56858f02e4db2fdc9b5f5566,
backend/ent/migrate/auth_identity_fk_ondelete_test.go,same,database,09bebc11f1005e794d6862ac8ef68b55b3f040f68d46dc547a4bc8fdf968cc5a,09bebc11f1005e794d6862ac8ef68b55b3f040f68d46dc547a4bc8fdf968cc5a,
backend/ent/migrate/migrate.go,same,database,ecad9fce48563ec2f7d6bbaab5e564825163c823ff38058b393845ba5ccf1f66,ecad9fce48563ec2f7d6bbaab5e564825163c823ff38058b393845ba5ccf1f66,
backend/ent/migrate/schema.go,different,database,5361d53f928c3e559923735da538faa9fa75223c2a99f0ff6ba7e70644d7e5bc,e33aec7689e3d8abb87b7ebe7614facfaddf0ccb60832ffdd474002acb296be7,
backend/ent/modelpricingoverride.go,current_only,database,,d5428f1bc302b1f5b4bc11d418bdfff9ba368043307e58e7189fb6eacea48580,
backend/ent/modelpricingoverride/modelpricingoverride.go,current_only,database,,29ae2d7e671ceb518141765cf2e9da5834dbec6abe16860d28062bc1e94112a7,
backend/ent/modelpricingoverride/where.go,current_only,database,,ac507b4ffdd71bf03ee4009d06ba9bd972580d65de42e3a322923cc04d15f11f,
backend/ent/modelpricingoverride_create.go,current_only,database,,4dc9f008ea94069fa54c4f60d6876a13940f3507b87636f9c2d45474d4881449,
backend/ent/modelpricingoverride_delete.go,current_only,database,,7f968d0272cb8c07fca13c3d830f83944469bda8ce27d7ea2ee2f5b76f6f5a28,
backend/ent/modelpricingoverride_query.go,current_only,database,,8a2a0c4ad4a453e411b193b2508401544ad8df1bb8124257511fa055ac63d44a,
backend/ent/modelpricingoverride_update.go,current_only,database,,cbb52b6fc8b292c316178e199cfcdeb6c0c4c856fe8c87fb85dfec9fd09124f3,
backend/ent/mutation.go,different,database,6f2f92e4b9dc0138a8630496f7e494571d658c5f0cb62da79ee0cb7a33360632,bfe3538a3b5644b429438fdfae876c911ceb741d790b922375f6c5f9fa42e9c3,
backend/ent/paymentauditlog.go,same,database,54e4e715d9531f0dd493a874b2e2996e3e46d506c3a137618db4321c1e927a56,54e4e715d9531f0dd493a874b2e2996e3e46d506c3a137618db4321c1e927a56,
backend/ent/paymentauditlog/paymentauditlog.go,same,database,df181d796e5caf8186ee10ae5030862300e951a01e0a1d314e5d3bc7cf0ef78e,df181d796e5caf8186ee10ae5030862300e951a01e0a1d314e5d3bc7cf0ef78e,
backend/ent/paymentauditlog/where.go,same,database,91211a79e2fd4d3c5e9cbc08dcd5915edc997909af1f0bf864d29a6769ebc298,91211a79e2fd4d3c5e9cbc08dcd5915edc997909af1f0bf864d29a6769ebc298,
backend/ent/paymentauditlog_create.go,same,database,aa6c51f2d848d298a2a9a9205ab798c815df8adc6d6eb9b4b4a5e2dbb0cbff6d,aa6c51f2d848d298a2a9a9205ab798c815df8adc6d6eb9b4b4a5e2dbb0cbff6d,
backend/ent/paymentauditlog_delete.go,same,database,ac2cc25b34e6841a6d06202219edfd11e6f0d81140b54e91533f5b1ea6e22a24,ac2cc25b34e6841a6d06202219edfd11e6f0d81140b54e91533f5b1ea6e22a24,
backend/ent/paymentauditlog_query.go,same,database,b4bd82773e6c2918cfce86c8c1a2abc192279996d28286190eb4fa46b9b1a19a,b4bd82773e6c2918cfce86c8c1a2abc192279996d28286190eb4fa46b9b1a19a,
backend/ent/paymentauditlog_update.go,same,database,dc38a3946377ad9dcc0c6c1d6b92103b6f47830f6db79986b53420529502eecd,dc38a3946377ad9dcc0c6c1d6b92103b6f47830f6db79986b53420529502eecd,
backend/ent/paymentorder.go,different,database,b360500c56556fa151ab77b700ec10654ecc76747d557c0666b49cf53248f570,0d46f8b7bc0eb567d9d6b6892430d9ce9ae247b33bf57acd041c16b408e3df8a,
backend/ent/paymentorder/paymentorder.go,different,database,d32a4271bfe5a37aa1cdcd037e8cf5a8f48e366b1575ceda20912b466bda9bcf,4cd363c0942fc8b823247d039a85285d18156f81af5854368e05bcdf37e0df6d,
backend/ent/paymentorder/where.go,different,database,60b5d384f003817efb7879a86e12e6c46ce73a8f5d10490b33dc86dade2e31a2,68ea34442b066f9396983455b806c513ecd206a23b3c22d715ab8b8eaa723a34,
backend/ent/paymentorder_create.go,different,database,b5771a86ae9528aea2a6c9679bf696a48de68ebb47d6f8aa9ff7ef1d5e5a6841,15f994298e54930fea2dddcc9d3f230788a7102cb14def22089f3b5e4f49c7fa,
backend/ent/paymentorder_delete.go,same,database,60531b6fd18d275ce0110821a4ca1d25f85b75357dfef8264922cce6f1e9d8d4,60531b6fd18d275ce0110821a4ca1d25f85b75357dfef8264922cce6f1e9d8d4,
backend/ent/paymentorder_query.go,same,database,436fb411820eedd1818201ac210c2a7fd40fe5f808105bba8bd9d902e0850896,436fb411820eedd1818201ac210c2a7fd40fe5f808105bba8bd9d902e0850896,
backend/ent/paymentorder_update.go,different,database,ac76b35cfe860804ba347f847b088f590f25170ecfe5c8d11236ab5ceb05f1e7,ea1f925902607ca298a73a468aace974aa2314343928c9fdd04044c2ef492585,
backend/ent/paymentproviderinstance.go,same,database,7dc74a98c85c5fc3dd282a8e2b31a07e30db668e0bd381efdf55c99316ddfb80,7dc74a98c85c5fc3dd282a8e2b31a07e30db668e0bd381efdf55c99316ddfb80,
backend/ent/paymentproviderinstance/paymentproviderinstance.go,same,database,bdedb38b0b39bc0768b61ff09af81c48acad6f6140700069bae2185aa8d8388e,bdedb38b0b39bc0768b61ff09af81c48acad6f6140700069bae2185aa8d8388e,
backend/ent/paymentproviderinstance/where.go,same,database,489f8706fd8b51acd6e560c22223958209d99bad9592203054b31fd88a997d6d,489f8706fd8b51acd6e560c22223958209d99bad9592203054b31fd88a997d6d,
backend/ent/paymentproviderinstance_create.go,same,database,ecc58138cfe10f9f5a2caf8c257f7574a4717239984576e04aa34225190acace,ecc58138cfe10f9f5a2caf8c257f7574a4717239984576e04aa34225190acace,
backend/ent/paymentproviderinstance_delete.go,same,database,9d8e0d60696529dfc57ea6e10c8b6559b9aa908d38c5c58088d77911614ecaee,9d8e0d60696529dfc57ea6e10c8b6559b9aa908d38c5c58088d77911614ecaee,
backend/ent/paymentproviderinstance_query.go,same,database,a9b66761e2a8cfad9fefbfa352e7753f77f2ca9dacbdb8ad02ee1ddf1fe5f49d,a9b66761e2a8cfad9fefbfa352e7753f77f2ca9dacbdb8ad02ee1ddf1fe5f49d,
backend/ent/paymentproviderinstance_update.go,same,database,bd36ea66ef2185b63adff641f346ad57c0c30cab80d35226f13659128de33344,bd36ea66ef2185b63adff641f346ad57c0c30cab80d35226f13659128de33344,
backend/ent/pendingauthsession.go,same,database,347b18763c4b1eddf34f9e494a1cb799a01faa10d29fef5f795caf5e848d029f,347b18763c4b1eddf34f9e494a1cb799a01faa10d29fef5f795caf5e848d029f,
backend/ent/pendingauthsession/pendingauthsession.go,same,database,044b8220c3bda6a8c0b0844e5b307acc9390ddc7186bed17f8d3e9dd53bea846,044b8220c3bda6a8c0b0844e5b307acc9390ddc7186bed17f8d3e9dd53bea846,
backend/ent/pendingauthsession/where.go,same,database,875e572e496ac9e47eb8d001117c8dd738264cdfa35b7c7e5bdf5402e0239979,875e572e496ac9e47eb8d001117c8dd738264cdfa35b7c7e5bdf5402e0239979,
backend/ent/pendingauthsession_create.go,same,database,6d47094433540e9c049aab469850495788e6c7ce2d05efebde53e7e366a68fa3,6d47094433540e9c049aab469850495788e6c7ce2d05efebde53e7e366a68fa3,
backend/ent/pendingauthsession_delete.go,same,database,5d1b9fb3714edd2574e15f21bbe9ae03e3d6f30b2b07a3e210b8e735f9d384b9,5d1b9fb3714edd2574e15f21bbe9ae03e3d6f30b2b07a3e210b8e735f9d384b9,
backend/ent/pendingauthsession_query.go,same,database,cad171eecd7c38cf1f04fbd8f3146940d74a37686b2de648699a70610beeb8f6,cad171eecd7c38cf1f04fbd8f3146940d74a37686b2de648699a70610beeb8f6,
backend/ent/pendingauthsession_update.go,same,database,878b83532bcc4f8604dd911638254b6dc9de454e60486b7e01f0ea117ce475a5,878b83532bcc4f8604dd911638254b6dc9de454e60486b7e01f0ea117ce475a5,
backend/ent/platform.go,current_only,database,,76dbc37af70bb07a57d0b6b6d3c98064a778b9ee5fbfb85b8dd84c97dc61d5f6,
backend/ent/platform/platform.go,current_only,database,,a7b6b4df5dfefe003ff8684d0b1a5e61c64a687921f33b8fc634241c18cf5555,
backend/ent/platform/where.go,current_only,database,,db07c44dc3ec63bf7afa7a6a4d8478996bbb80b6b510271873650edfa9acc6d5,
backend/ent/platform_create.go,current_only,database,,4dd1768f35160951d6f2ff34e2e1325e812d10c8693112e6033b6ad39ec2ee12,
backend/ent/platform_delete.go,current_only,database,,774d4d62b1be742803d4c916b053762e226515cec5c657e8dc0f085b23ca5406,
backend/ent/platform_query.go,current_only,database,,b4c20d6f89deb4cb583789a9081c4b675553d4d19217ec678819e92af0ad6f91,
backend/ent/platform_update.go,current_only,database,,1756e3f019ac3efac7208fe507a07bbc99fc0ed31b9a3ed018f8eefbd218693c,
backend/ent/platformmodelrule.go,current_only,database,,1cbf2f1503812b835f6aeafe90525ac422ab754775d1bdcc170b67ece103cab8,
backend/ent/platformmodelrule/platformmodelrule.go,current_only,database,,d988d95a956311f1f3210c677c5d6b8a1c655a78f9fe20858067789821ff6215,
backend/ent/platformmodelrule/where.go,current_only,database,,9f9ca1d4af34f6f73aa49d23683e21c29c6569efd135a6d3ba2d3c9c67e732ce,
backend/ent/platformmodelrule_create.go,current_only,database,,19fe9ffa7492cfba7215e1450cd5f89720d251a02ea9851dcb00c34520de5233,
backend/ent/platformmodelrule_delete.go,current_only,database,,d3c17b7eb3d9ce580d939c4509e67f9dc5de8ddbd1f342f71bb907fff73a949c,
backend/ent/platformmodelrule_query.go,current_only,database,,ca2f228a30fb6c33dc1b630f02468bbf76252c29bd348f0edfcb7ce83deb32e6,
backend/ent/platformmodelrule_update.go,current_only,database,,d842b9502549d21072ec8d3b5da8b88df7ee8c476dee89164f49c68d47905f6c,
backend/ent/predicate/predicate.go,different,database,15893e696c33a9aad2bdb0fdb9d3fa1179c1b518ef5af4c4e75bd46de71501ee,1e0dc0ddc1dde4c3fde105ebb2646cd6d2ec5498b055a57afeb0a09e89d0f232,
backend/ent/promocode.go,same,database,6269c4479fae92c2f7d2e47c76ad30e15c457115fd996f526b0fdc5c27598179,6269c4479fae92c2f7d2e47c76ad30e15c457115fd996f526b0fdc5c27598179,
backend/ent/promocode/promocode.go,same,database,b57483ca7731276c4e762a774d908f07b10b8f80212e1a339632c8255d3a55a6,b57483ca7731276c4e762a774d908f07b10b8f80212e1a339632c8255d3a55a6,
backend/ent/promocode/where.go,same,database,1cfbd0003479f39aedc4ee79acaccfd2b92a64fe365cbc67573d7c18705abdbe,1cfbd0003479f39aedc4ee79acaccfd2b92a64fe365cbc67573d7c18705abdbe,
backend/ent/promocode_create.go,same,database,668bfa54e24c93a5b5aaefe1f4932a38f0fb104d71b1b2447f54c563b8cd7cd5,668bfa54e24c93a5b5aaefe1f4932a38f0fb104d71b1b2447f54c563b8cd7cd5,
backend/ent/promocode_delete.go,same,database,31d46d0f55792d42f3698c5591c7bec1a553d0016c7f7761831876cc84c4c7fd,31d46d0f55792d42f3698c5591c7bec1a553d0016c7f7761831876cc84c4c7fd,
backend/ent/promocode_query.go,same,database,377c79b39e2be3d110b02c4282ce14bd0ea903b9ed6432236b74f4d55423ff35,377c79b39e2be3d110b02c4282ce14bd0ea903b9ed6432236b74f4d55423ff35,
backend/ent/promocode_update.go,same,database,a8fcca79f8bcd373672dc9810cf23ecf1253a72b848f1b21b12a5bc3b2043624,a8fcca79f8bcd373672dc9810cf23ecf1253a72b848f1b21b12a5bc3b2043624,
backend/ent/promocodeusage.go,same,database,644f2c9561c6e7c73a285086b5a673c17dadc51919faec4700c0dc3c7f0c3c0d,644f2c9561c6e7c73a285086b5a673c17dadc51919faec4700c0dc3c7f0c3c0d,
backend/ent/promocodeusage/promocodeusage.go,same,database,64cb277f88afaa559f39139c6624f411f3b03e63ab714767e8a30fcaeea97b80,64cb277f88afaa559f39139c6624f411f3b03e63ab714767e8a30fcaeea97b80,
backend/ent/promocodeusage/where.go,same,database,974d33e4b25a4910c92583825c637fa4ca48071b4d39e710b612122e5e85b14a,974d33e4b25a4910c92583825c637fa4ca48071b4d39e710b612122e5e85b14a,
backend/ent/promocodeusage_create.go,same,database,194dec4027aa0c532b269db757b6b57185421b204635868cd4c8b0d368c7ba67,194dec4027aa0c532b269db757b6b57185421b204635868cd4c8b0d368c7ba67,
backend/ent/promocodeusage_delete.go,same,database,3a45a9dd3c67aec71723d883e45fa5fbdd7672ab2d7f0a7702706385a7c6dfe1,3a45a9dd3c67aec71723d883e45fa5fbdd7672ab2d7f0a7702706385a7c6dfe1,
backend/ent/promocodeusage_query.go,same,database,38466dd1005fbcbd02de685a298eb1ff18836087dc7d1f663ce3b522a6eee71c,38466dd1005fbcbd02de685a298eb1ff18836087dc7d1f663ce3b522a6eee71c,
backend/ent/promocodeusage_update.go,same,database,bbdeb893d7ebfae1b9326c961e46346faff9b8d3b08ad78f0d4ba62b3d3b2048,bbdeb893d7ebfae1b9326c961e46346faff9b8d3b08ad78f0d4ba62b3d3b2048,
backend/ent/proxy.go,same,database,26b7491263d2adf8add879fb7f3faae51680cd9f5ff7b7decb17e0b370a52fe4,26b7491263d2adf8add879fb7f3faae51680cd9f5ff7b7decb17e0b370a52fe4,
backend/ent/proxy/proxy.go,same,database,53a06804d08d38e90caaf31a15c1cf63142216fbe6e8a3db28f57c4fb4a4cbec,53a06804d08d38e90caaf31a15c1cf63142216fbe6e8a3db28f57c4fb4a4cbec,
backend/ent/proxy/where.go,same,database,cadb7dd1e1a30aaacb737e4431a2a5e622722b6f17ca1952193916663618c640,cadb7dd1e1a30aaacb737e4431a2a5e622722b6f17ca1952193916663618c640,
backend/ent/proxy_create.go,same,database,71491af5280d82ebca630fac83d48f0d403dcf866aea611eb8274ed61e50131b,71491af5280d82ebca630fac83d48f0d403dcf866aea611eb8274ed61e50131b,
backend/ent/proxy_delete.go,same,database,75c2fa0b843e914b2c91812b79d9a46f452102082691aab66c0ff6009bf619e9,75c2fa0b843e914b2c91812b79d9a46f452102082691aab66c0ff6009bf619e9,
backend/ent/proxy_query.go,same,database,a46184d76679839d669546e8564cfe43fcdbb1b625b8a293e0505477e4d9c13e,a46184d76679839d669546e8564cfe43fcdbb1b625b8a293e0505477e4d9c13e,
backend/ent/proxy_update.go,same,database,4811a83d47382fd62b212a54df0e36f1def8bdfaba3ec2da32541f71f9f729ea,4811a83d47382fd62b212a54df0e36f1def8bdfaba3ec2da32541f71f9f729ea,
backend/ent/redeemcode.go,different,database,b78f8fb81095a39ac405fa2feb668b58abc62db8c4712524b9bfac1f69646d9a,1b656fa2d8d5a67323fb663868ec989f648f66e354c3e907b5bdaee20ee870a6,
backend/ent/redeemcode/redeemcode.go,different,database,d69fb70c5e226f9a7e1e354534723512fcf5285d28398e78dbd085026ec2f3cd,2faf254e7ca43081d2b10a5871c9ce64b2f95290198ce5aca079190b941230f8,
backend/ent/redeemcode/where.go,different,database,05b6d7c8649962ee9095d9314d9f8d2ca37282a2e0bc8762afe484d8156cf506,fa748de6396637e645a22f7a86b5a011ae3ee09d5a1bcdf5c241e1fdfe513286,
backend/ent/redeemcode_create.go,different,database,e48b5aecde91d5ecbcffe4d209d24afea39a372608e6464a4ce222a5de20a200,2a433d60df397ed0b9aa94c0b1025f6198be27432d4b00b469e64bbdec2200d0,
backend/ent/redeemcode_delete.go,same,database,d077f188b0192a935d5524d1e0c72af0f45da7abef368eb2543c749ad58f54eb,d077f188b0192a935d5524d1e0c72af0f45da7abef368eb2543c749ad58f54eb,
backend/ent/redeemcode_query.go,different,database,b1fda1e23461b53fe306620eabc9c7ca846b0b070edfc63068d626f150dc578c,17652c2f40894f9711abd84d64f194ac6417f8a2606b707f84cbf227042100cb,
backend/ent/redeemcode_update.go,different,database,bed76a16e2ea187ab32ec48730c665d3f91d772c81bfa0c7f722523ec52b06ac,ddc9e6088d5341f6a633f9b75d676f3263bd5368eb08498eb6945c3a28ba6b5b,
backend/ent/runtime.go,same,database,e3fbe82ecd2441faafa4213becf0dc3577121d4ee6f489f583c53d9322710864,e3fbe82ecd2441faafa4213becf0dc3577121d4ee6f489f583c53d9322710864,
backend/ent/runtime/runtime.go,different,database,259a87cea0fe386f0cbeefd8485abd41fe5c05a43ac648fe8aebf178f1ef7f54,f733ebf13bbf7f7cba589a0533d8e6e85534b4622d0822e8f91f16a4e6ec551b,
backend/ent/schema/account.go,different,database,dfc1cd50c5d0736234fe5c5553f49a12e8153801a7a06a9ccd6ffa4dc7917ff2,76431dd3ce55a4f2b0331cb28e26f901d2173591cab484e032175f95f15c5642,
backend/ent/schema/account_group.go,official_only,database,209d0c71aef796416844d64ebe7aa13b57468494f2c48df4eaad4fc68b3a5e2d,,
backend/ent/schema/announcement.go,same,database,c7b7fbaf283ec84fa6acd000de63f522d400e9b7f3352779c1546979ab9e62ab,c7b7fbaf283ec84fa6acd000de63f522d400e9b7f3352779c1546979ab9e62ab,
backend/ent/schema/announcement_read.go,same,database,d7a6ad02c28ec66bac7948f53e6477e7abad914d69ee96cce7ccec8ad776b794,d7a6ad02c28ec66bac7948f53e6477e7abad914d69ee96cce7ccec8ad776b794,
backend/ent/schema/api_key.go,different,database,5c75c9e5eb4a3be1142da558e7b7d8538abdc480ec3a0f5813c5ae839852ab12,dfa30fec3db259531b6775caa7d7767ec51a855041c1bb048deed84f540698c7,
backend/ent/schema/auth_identity.go,same,database,499e0b02102d0264a2bb6e07e3a02504b8f946de717cbc86e744501b8a9ff28b,499e0b02102d0264a2bb6e07e3a02504b8f946de717cbc86e744501b8a9ff28b,
backend/ent/schema/auth_identity_channel.go,same,database,660a965811e65a2e1b2507a5bfb04fa59b92f67cfd2fcbff8d106d98073fae51,660a965811e65a2e1b2507a5bfb04fa59b92f67cfd2fcbff8d106d98073fae51,
backend/ent/schema/auth_identity_schema_test.go,same,database,1b9f45f9c8e8e5ca6e30f517285110dcf1dc3cc178e999649374ea3feda41668,1b9f45f9c8e8e5ca6e30f517285110dcf1dc3cc178e999649374ea3feda41668,
backend/ent/schema/batch_image_event.go,same,database,a77d3988686a2971668253227e502b5a609a00f1e015ab323245ad0dc5eb9721,a77d3988686a2971668253227e502b5a609a00f1e015ab323245ad0dc5eb9721,
backend/ent/schema/batch_image_item.go,same,database,4d57d2d5f210779d3455bc0b5a39fb9b420b2770fd5a331d3315c6277ac94849,4d57d2d5f210779d3455bc0b5a39fb9b420b2770fd5a331d3315c6277ac94849,
backend/ent/schema/batch_image_job.go,same,database,01d5b7e423f17591f74f5cd982827e367d6fb3c2da95320769a85c4041071cfc,01d5b7e423f17591f74f5cd982827e367d6fb3c2da95320769a85c4041071cfc,
backend/ent/schema/channel_monitor.go,different,database,b33d245aa6228b1b940be0a0fd1d5aa5af3a9db9e80b4f8a7603c6538d1e3722,f6efeb2065299b20b6b78cf3b73d2f60c9518eaec8fb8096c8d0b5856fa67647,
backend/ent/schema/channel_monitor_daily_rollup.go,same,database,9317ccef924a68a7cd347df491ef4952f62cda05f3059cc4100087bdcd3a8b0c,9317ccef924a68a7cd347df491ef4952f62cda05f3059cc4100087bdcd3a8b0c,
backend/ent/schema/channel_monitor_history.go,different,database,c417c608574cefdd9766e2cbbd1fee6e19b3649f4506c7e19394df0e9a3deffc,12a30f9a654a8cad8ed8ee012e8e2173e4dccbba3ff381c8336d56bd24e37cc6,
backend/ent/schema/channel_monitor_request_template.go,different,database,417915025aa0080a45d58b66d6922d2683d4023810d8aee450f2e85ca5834d32,04a18d0ea367b55bb38a0f1e7b18af22122f7b5586e99a2979a35a61b68a4af5,
backend/ent/schema/composite_model_route.go,official_only,database,eae0dbf26ba7217ae73df79564a52eec82cfa61db4f84968114f8293e7d0868d,,
backend/ent/schema/error_passthrough_rule.go,same,database,5a9ac183e52d1d9179064ded3085470010d37ccff608fe815abf32c717209835,5a9ac183e52d1d9179064ded3085470010d37ccff608fe815abf32c717209835,
backend/ent/schema/group.go,official_only,database,f96b9e8a61d35548eabb2156f170307835dc88193c41ce50b625dd94c8ef3a45,,
backend/ent/schema/idempotency_record.go,same,database,97d39453da93a2c29dd181c60415024051e7abc1f7f6cbb359ff4451b3a482f4,97d39453da93a2c29dd181c60415024051e7abc1f7f6cbb359ff4451b3a482f4,
backend/ent/schema/identity_adoption_decision.go,same,database,e2ce101ceed71186695ee415f1555dacffaa4ec612084305c8dd33b936ff73b7,e2ce101ceed71186695ee415f1555dacffaa4ec612084305c8dd33b936ff73b7,
backend/ent/schema/mixins/soft_delete.go,same,database,cfa2588dc84452a37ec084dfa88f11e8e09864bc990829a7b23c6a41c174fafd,cfa2588dc84452a37ec084dfa88f11e8e09864bc990829a7b23c6a41c174fafd,
backend/ent/schema/mixins/time.go,same,database,e07761a1312ea64edce5e1cd4e63e2dcd3ea3753258e5ba83f8b50a3339a7e05,e07761a1312ea64edce5e1cd4e63e2dcd3ea3753258e5ba83f8b50a3339a7e05,
backend/ent/schema/model_pricing_override.go,current_only,database,,a2c9af54f341292e428ca4c93918b8c3fc187ce20dbc0145b70cf2734da6c3e8,
backend/ent/schema/payment_audit_log.go,same,database,8729a8bd8cc038f66e11a6d00732f1808c526406660f515757f320a3a3036b6d,8729a8bd8cc038f66e11a6d00732f1808c526406660f515757f320a3a3036b6d,
backend/ent/schema/payment_order.go,different,database,3bd061fdf838c0264ba8f2c756671d87326b4d32a50a6f1be2a9d3291e155456,8748b8f51ac354c5017cc43e334af4272dd00e3afaf2e6e9c5cb9449fe62b05e,
backend/ent/schema/payment_provider_instance.go,same,database,90fcdeac829bfc65212cc02ea1ded7a3dd0eac46964d39546d33ea78d873b7a5,90fcdeac829bfc65212cc02ea1ded7a3dd0eac46964d39546d33ea78d873b7a5,
backend/ent/schema/pending_auth_session.go,same,database,c2850638620478689da1976e65bfa8f5ba02cfc3a848091e6eaf003786936f5e,c2850638620478689da1976e65bfa8f5ba02cfc3a848091e6eaf003786936f5e,
backend/ent/schema/platform.go,current_only,database,,b9bdf86e6ac3281ea59184ce023ff2fb455eb858d69e3120e283b4337c822dd5,
backend/ent/schema/platform_model_rule.go,current_only,database,,61327ea29541ac1c6278614f02d476782711162cdf52905169df89a0013d2693,
backend/ent/schema/promo_code.go,same,database,9a5c3c5b1bf15cd33b2f074160107b039933427c7c077d5da08e435d0cb27a59,9a5c3c5b1bf15cd33b2f074160107b039933427c7c077d5da08e435d0cb27a59,
backend/ent/schema/promo_code_usage.go,same,database,833a872bb339c56931ee0070fe3d404d4c26d3320d19305feececd32c09b0c76,833a872bb339c56931ee0070fe3d404d4c26d3320d19305feececd32c09b0c76,
backend/ent/schema/proxy.go,same,database,aef1597ac790092b4a0913dfde5bcb0808606248e3317160d303bae714b7dc15,aef1597ac790092b4a0913dfde5bcb0808606248e3317160d303bae714b7dc15,
backend/ent/schema/redeem_code.go,different,database,80db58da371352aaeb027f6a98b8527a176c84c64ffba873c855c77307e4a188,a52b44fa3312ed4dcf20e44029e11e3cfd2acbdf2aae6e986dd36e51effc843f,
backend/ent/schema/security_secret.go,same,database,ec1f2a22cc1d7fc7654153647b246241c883683a268d7c4d5b44fea70282dfd6,ec1f2a22cc1d7fc7654153647b246241c883683a268d7c4d5b44fea70282dfd6,
backend/ent/schema/setting.go,same,database,b237b73537116ad7c02487f9ac5068e25c7b42e497437f2b967be91f413c8ce3,b237b73537116ad7c02487f9ac5068e25c7b42e497437f2b967be91f413c8ce3,
backend/ent/schema/subscription_plan.go,different,database,a131adc9a1b37d5dcda960f5f5c9ceac75e437a455af479da5d76a418e04acd4,4df0de20fe6e4e3275a5a8270f5e4492433466c290e98bcff1da2342c0b96cdf,
backend/ent/schema/tls_fingerprint_profile.go,same,database,f8d0046e9cdb8177a34053ff47f883de96df44e407610cf582d034999744819e,f8d0046e9cdb8177a34053ff47f883de96df44e407610cf582d034999744819e,
backend/ent/schema/usage_cleanup_task.go,same,database,67bc7e2b1488f472f2d64db378936a2cb3e481edee4d2dff3cf821f0663bc26a,67bc7e2b1488f472f2d64db378936a2cb3e481edee4d2dff3cf821f0663bc26a,
backend/ent/schema/usage_log.go,different,database,d8ef79f914070d7875d1ece895226cc6c408d63fea20ce0d29a0b3cda80befa2,291560ac7e86f2b7bd3eb0ef46541a02a08e988dd96fb273961c72e8198e5825,
backend/ent/schema/user.go,different,database,91e76482045d7b268511f8e9f6e5d6b2053ea60fcc630f19a5086b35530d66f1,7bbda5efd30c66de881b1330def30ac27703b1a6b725ee770dbe69921d8fa82e,
backend/ent/schema/user_allowed_group.go,official_only,database,1d714b0005f3a5c7214754bb6f1859c8011d1c940243e53d3d989c1a2b3b7f89,,
backend/ent/schema/user_attribute_definition.go,same,database,03a10c44fb26dc038314cff41d0c79fbe2d9aece580b95ce7832f88ba037811e,03a10c44fb26dc038314cff41d0c79fbe2d9aece580b95ce7832f88ba037811e,
backend/ent/schema/user_attribute_value.go,same,database,1c0da2c7e95fb82d1cb151a2db0ec7acb79b7e4ee722b62a14155791fd372e89,1c0da2c7e95fb82d1cb151a2db0ec7acb79b7e4ee722b62a14155791fd372e89,
backend/ent/schema/user_platform_quota.go,different,database,d7fe26f699292bf2ed491b668e064055b448b2e41538ddc0b9c344d8ec922d5c,9acb9ff5602f10b029dba3839f7f77e90bf3f0976e006a2a74627cd21c570771,
backend/ent/schema/user_subscription.go,different,database,58ab438b5f33b127bdf4c4ba5f6f906113d99f289726c51cdee79d018f10c3b1,49ca4bd4a0f6de107cf42f19765a6c95e33113ba488ba478aa4c692fb8b21037,
backend/ent/securitysecret.go,same,database,8a617d7ddc1db169bc480c718855fcb7575fa7c15b337177b063e680f1ee5c28,8a617d7ddc1db169bc480c718855fcb7575fa7c15b337177b063e680f1ee5c28,
backend/ent/securitysecret/securitysecret.go,same,database,9b729850bd5cf52ece23c2ff8dbd63b7b6c8fdf425cee257d830115d264d769b,9b729850bd5cf52ece23c2ff8dbd63b7b6c8fdf425cee257d830115d264d769b,
backend/ent/securitysecret/where.go,same,database,2544966aa3abc38c5f8e4c92e4b22827f3cb5f2e7a5747410ac2ef6eea6fe3d6,2544966aa3abc38c5f8e4c92e4b22827f3cb5f2e7a5747410ac2ef6eea6fe3d6,
backend/ent/securitysecret_create.go,same,database,51ad2d9030ea985e1b806d2161c6bde705f6b596248cd0b819fd0d55f547d069,51ad2d9030ea985e1b806d2161c6bde705f6b596248cd0b819fd0d55f547d069,
backend/ent/securitysecret_delete.go,same,database,4e5d3f59d2d7733ee94b81e5d83559160750c06886f5fbecb428df9ee98119dc,4e5d3f59d2d7733ee94b81e5d83559160750c06886f5fbecb428df9ee98119dc,
backend/ent/securitysecret_query.go,same,database,1f70ac2dd963c369dd5fc5b6e879057db80767b05071cc36400e4d15c4ee13a0,1f70ac2dd963c369dd5fc5b6e879057db80767b05071cc36400e4d15c4ee13a0,
backend/ent/securitysecret_update.go,same,database,0efeb1440613723a34c9cc9abd4da3d6611224695780e190f076627018f08261,0efeb1440613723a34c9cc9abd4da3d6611224695780e190f076627018f08261,
backend/ent/setting.go,same,database,050a98f27aa301ffbd6944afe833c1bf176b96179b5f16050b30e12991f24db5,050a98f27aa301ffbd6944afe833c1bf176b96179b5f16050b30e12991f24db5,
backend/ent/setting/setting.go,same,database,f82316d9cdd5fedc4a9d07a0de75d24493f4e9d22d73b7544890193378c89f55,f82316d9cdd5fedc4a9d07a0de75d24493f4e9d22d73b7544890193378c89f55,
backend/ent/setting/where.go,same,database,b41fbcc4695437fed97be935cf07cc0be86871b2bd57f51658a28168c10a4d06,b41fbcc4695437fed97be935cf07cc0be86871b2bd57f51658a28168c10a4d06,
backend/ent/setting_create.go,same,database,6bd4ce7dd0b4f2fb0072e5575fc409e7b279f0245deb84fda3e52aac4081d572,6bd4ce7dd0b4f2fb0072e5575fc409e7b279f0245deb84fda3e52aac4081d572,
backend/ent/setting_delete.go,same,database,243acd1b3f8151e3950cd0fd7c8f16334fc91df6fbd950c94d26b68c72a90325,243acd1b3f8151e3950cd0fd7c8f16334fc91df6fbd950c94d26b68c72a90325,
backend/ent/setting_query.go,same,database,21f002646c4a834a6fdafa564da41b369944bf44df20a2c517cb2bbe2dfd61b0,21f002646c4a834a6fdafa564da41b369944bf44df20a2c517cb2bbe2dfd61b0,
backend/ent/setting_update.go,same,database,3486742420c596dd4c1df7155755645cca4ab8651dba96cd775bd868d9f3853c,3486742420c596dd4c1df7155755645cca4ab8651dba96cd775bd868d9f3853c,
backend/ent/subscriptionplan.go,different,database,0ba4681eab01c525e33f6a4b0cf681c6359d76d84a6d07d84f8159163d256a08,c648ac533667e3ef54a49461a162ee6b18d4bd2d75087cfa82b580c20ad3b57d,
backend/ent/subscriptionplan/subscriptionplan.go,different,database,f9ebc8a28191cba51d0f0a8ab47a86adfd1326f3e117f6bfd89db39ae72f863f,106f4554b590ad193f753e03b9a3bd71bf2a030cf5d416ebbc702f0685b5ffc7,
backend/ent/subscriptionplan/where.go,different,database,f002aef17b437a6e136423b674eda44b0dcf20026c9ec683b0fab33c6064eabb,d098415f4ce09246a73cb797a70ab2558282fd324ed1f714c410301164651fd3,
backend/ent/subscriptionplan_create.go,different,database,6a9b4f01ad6aa3d85a213050b705e2fb5056872b10e709472a60aa0075db0116,59bc14319687b8179c7020d32f99c29083f9def07916d77fe0244f77219c97c4,
backend/ent/subscriptionplan_delete.go,same,database,64d909c8b5426b7101dfe99fcccd6c5efebe70439bedac841a99126e3ded2298,64d909c8b5426b7101dfe99fcccd6c5efebe70439bedac841a99126e3ded2298,
backend/ent/subscriptionplan_query.go,different,database,abc84f60863ac14e65fd23bdf1f2c112a78573511f47e8101e17b38b06b8695a,98b6db166c01b5995753101f475015176b69ae19b8c857b1d97a88eb499a00ee,
backend/ent/subscriptionplan_update.go,different,database,cded858fb3a539d74e9d52ea4cec4d60862321884eec54ec212c2acb23272896,dcac1df6e2d168ea50bcd3e010c0a01f7a57a2dc749343eaecdd0de8ebbc0ac9,
backend/ent/tlsfingerprintprofile.go,same,database,97747e5e1f98793146adff008ab05a73c9f48abd87734a9a097c2ff71b7df485,97747e5e1f98793146adff008ab05a73c9f48abd87734a9a097c2ff71b7df485,
backend/ent/tlsfingerprintprofile/tlsfingerprintprofile.go,same,database,d47f3e8eec40b8568909a13cbbea170479eba628a6c4307ddc9dbce7580cd374,d47f3e8eec40b8568909a13cbbea170479eba628a6c4307ddc9dbce7580cd374,
backend/ent/tlsfingerprintprofile/where.go,same,database,3a0593c7e20ac62c365d33ae43314a8a3424208dbb7c1d21be31503419ff4de9,3a0593c7e20ac62c365d33ae43314a8a3424208dbb7c1d21be31503419ff4de9,
backend/ent/tlsfingerprintprofile_create.go,same,database,aedf8537c9c38e43c7b498c4622dbe698f8f9b964bb282952ea0b7461d5f3876,aedf8537c9c38e43c7b498c4622dbe698f8f9b964bb282952ea0b7461d5f3876,
backend/ent/tlsfingerprintprofile_delete.go,same,database,10741f357ca9e3152d5c8514c4fbe3e83e90dc9936cae886631b9f365594bb50,10741f357ca9e3152d5c8514c4fbe3e83e90dc9936cae886631b9f365594bb50,
backend/ent/tlsfingerprintprofile_query.go,same,database,5fe20249fb9712d3c8f736aa63652a5d554ddadad8dc65362904481ee8fee5c4,5fe20249fb9712d3c8f736aa63652a5d554ddadad8dc65362904481ee8fee5c4,
backend/ent/tlsfingerprintprofile_update.go,same,database,05f4d0f8cc3b147a7013139b237899e84b7e84204297a505062e9aa066cf2169,05f4d0f8cc3b147a7013139b237899e84b7e84204297a505062e9aa066cf2169,
backend/ent/tx.go,different,database,e35858157993f9ae96ac85c703c22c1be7f1012b60d0d664fcc797339d2aab72,74462740d614c62c7928b80a9921678ea15cfc099a9080e0e8038b7a809affb0,
backend/ent/tx_context.go,same,database,39205503771449cc1b92cf941fc66f4bd9b91bd6860611af7ca148fd0b662bfc,39205503771449cc1b92cf941fc66f4bd9b91bd6860611af7ca148fd0b662bfc,
backend/ent/usagecleanuptask.go,different,database,24a3b9aca4a5284b52555f2f18b3ded119ae03f554b5a3a350208b78d2577307,8f3f7d7222903b66726c88786b8d2605eafde6f192d2f68c2148ffc5d1e0f2b1,
backend/ent/usagecleanuptask/usagecleanuptask.go,same,database,763e6cc146a2ac5f7d0d3fdf19e9a2f6f8c48bbfd9f7c116f60126d229e2a81e,763e6cc146a2ac5f7d0d3fdf19e9a2f6f8c48bbfd9f7c116f60126d229e2a81e,
backend/ent/usagecleanuptask/where.go,same,database,f077e8267a06927a8b3efee0d0bcfec23ffa9721852199e87f8a1f0884b13573,f077e8267a06927a8b3efee0d0bcfec23ffa9721852199e87f8a1f0884b13573,
backend/ent/usagecleanuptask_create.go,different,database,d612af8a0a3c9c2788c392dba97516280128d35f0d6ec338d4b8296976024f59,5b61af5d51d79048059ccbc511a9dbfe36bc51a7a3874af775b29863deeffe7a,
backend/ent/usagecleanuptask_delete.go,same,database,5bcb6dac39831cd422ec4bec0dc6c0468ea065552e6b4f181bc14dc82f50776e,5bcb6dac39831cd422ec4bec0dc6c0468ea065552e6b4f181bc14dc82f50776e,
backend/ent/usagecleanuptask_query.go,same,database,8056c5e43c945e47ee2f5bb37b76701d7addd03a410fc8d1e5e27de91fc5aa46,8056c5e43c945e47ee2f5bb37b76701d7addd03a410fc8d1e5e27de91fc5aa46,
backend/ent/usagecleanuptask_update.go,different,database,49b946e4316d78bf0c6a92def65f4eec750395263d21a7d70ee3521155471184,d612082fce2bed7f84b57e3320485324f18aa459d5d072aacb5817553ef94759,
backend/ent/usagelog.go,different,database,c4630ecb7f3175c1de2aa48b511170662e0ecba84fa44917a06391592ffab72e,c9817e170b4a29cc2b0d94379e303bbdf2e7af68d0be7f4e2cb663bca8b5766c,
backend/ent/usagelog/usagelog.go,different,database,d95688da0929164f52722f8f371e7912e6ab6c2442913c6f5c1a9caded989b5e,75d26b03fa34ee6f6a4e34737b90670d6f684c095fe20552e9550e173733e0c1,
backend/ent/usagelog/where.go,different,database,1af5cdec12f64fb4cd6c762a7a6a89078e4138124c00cf012c0436de2d0b8b90,e7b0bc625cf3c43dec07fca88ed63d795eaf43141add4be25e334ced84908e50,
backend/ent/usagelog_create.go,different,database,45c8236527c6695df113eab1301a242e108cf673c0499b7fa279ddd361de092c,bb6b7161dc240df11f765641222d2f99d267da56dc2036de33dd856b3a0cf741,
backend/ent/usagelog_delete.go,same,database,6f911c52d39830b082936a0e7b922d8b33872684edb2bfb746de7bf1c7ea6d29,6f911c52d39830b082936a0e7b922d8b33872684edb2bfb746de7bf1c7ea6d29,
backend/ent/usagelog_query.go,different,database,44b5cd4f25e075fd3f11819e16a097cf93ad4a4df3bf110cc87718d0275f7079,c921a23fe4aadea880247baa27b4b9606f718e71cf8b63ae3eb41a0362cb5950,
backend/ent/usagelog_update.go,different,database,965081e0622f55d63a2c2e4d96035a5fc8ba1ffeb2e06d8b07fd554e43baa720,104e48a5dfa4230dc069c1525b44a8b79fabbe4d9b21aba7163842e3175caeac,
backend/ent/user.go,different,database,37062e3cdba608de4ee5d8118dfe35d28ec81a4466335e07b9f3d5492119d26d,2270f6388c172570238f087b22a3ebc0c69153c4daf169f6e258711bdf78325b,
backend/ent/user/user.go,different,database,1011110ba4ffe5062901fa042ab0fbbbbb1bb32b1f75e1f9dc8502226ccfff1a,5b027f700ea3c1c5b0be6eb72299982ee26a0aafe2a1139c60ef2106983f3831,
backend/ent/user/where.go,different,database,b79056bd45f4c349f687779516cc3f780ed292edbb38f4f1b94965529c7d77e8,89f23dabc7cc9aff4b0f9a5ad97f042460fbd0140f464d11cac14b8e64148d59,
backend/ent/user_create.go,different,database,99c1f70f9d080484b34fa06465eeee6ce1d9aabf1523d830be658ab7d68739de,003089c1be4a601422f5eecbbf09a2191af6db3503803590fef80f9f1a7fa75f,
backend/ent/user_delete.go,same,database,c8313d71c0a02f93d81ba2b92e0d395b87b4602da4e26eb3e9d0fc04b29cc204,c8313d71c0a02f93d81ba2b92e0d395b87b4602da4e26eb3e9d0fc04b29cc204,
backend/ent/user_query.go,different,database,9fcd46a4168d0f593b998715b4c2ee1b1ca56d5244b31029540db10a436bd500,f948112361a3c64210988e43ed5fb6018dad67887bbb920b8e7405820c2781fc,
backend/ent/user_update.go,different,database,4d7b650e35863d0eee3b80265769c05693aded499b138188035f712076e1e498,a561cd0e8172bf3ff75c3ccaf162fbd5e492f3d180c51f93334b455b2a0d70d8,
backend/ent/userallowedgroup.go,official_only,database,69a4d7f7b71cd42c090d1d7a8f38a2d830ae78b82172e101a43993cd47fdbc5f,,
backend/ent/userallowedgroup/userallowedgroup.go,official_only,database,c1fd817686b782253613fbec68bacc6a4b0e9957cb284b8d305e63e1e5d836bf,,
backend/ent/userallowedgroup/where.go,official_only,database,c968db882a6e725af14531ee47026f51e55fd8779f62f241625d7bb9c5772f54,,
backend/ent/userallowedgroup_create.go,official_only,database,058daa8e95041dc8b3705cb8c0318d8cd92abbf4fa4ac000351b6f37af600c9a,,
backend/ent/userallowedgroup_delete.go,official_only,database,b27233b6f65c8e90c9a63140f1ea2dedc25ba9bf8c454b1c4f73ed186a87d419,,
backend/ent/userallowedgroup_query.go,official_only,database,aa84ab9c5a833e66020cfe47b042fbb62d3597181a8eb327b696a6af7e71531e,,
backend/ent/userallowedgroup_update.go,official_only,database,2b213e1e1cc3b0c28a468e9bf05d57627be14473dc94f28e5f1a11efdabab564,,
backend/ent/userattributedefinition.go,same,database,bdc3eec7058bb4d1393a038a30eba4162a8b5ab82d6fabd2091c1ae96d5ab235,bdc3eec7058bb4d1393a038a30eba4162a8b5ab82d6fabd2091c1ae96d5ab235,
backend/ent/userattributedefinition/userattributedefinition.go,same,database,76edd269760cca56f25472449dd30be04ca0dab1f7d9673440d0c6b81bedc317,76edd269760cca56f25472449dd30be04ca0dab1f7d9673440d0c6b81bedc317,
backend/ent/userattributedefinition/where.go,same,database,1b2ebfc4a716acafb5130a8b8b1726a668a85385bd940bb34103b3841bc6537e,1b2ebfc4a716acafb5130a8b8b1726a668a85385bd940bb34103b3841bc6537e,
backend/ent/userattributedefinition_create.go,same,database,1dfce62fa0c09e74524e4786828b26de71dcf18816bec9fa7d872634415e4ab6,1dfce62fa0c09e74524e4786828b26de71dcf18816bec9fa7d872634415e4ab6,
backend/ent/userattributedefinition_delete.go,same,database,d5c2b67eb9aa2bdab1a026710a694064ae74a5395bb41ae1590467e250342799,d5c2b67eb9aa2bdab1a026710a694064ae74a5395bb41ae1590467e250342799,
backend/ent/userattributedefinition_query.go,same,database,7300fdb7714f519ba7d9db28bfbb61129a97d9af2084be2134135841b6bf7279,7300fdb7714f519ba7d9db28bfbb61129a97d9af2084be2134135841b6bf7279,
backend/ent/userattributedefinition_update.go,same,database,ff32f5e75cad90d3a39a4aafef23cf3b043405c2ef33b931238af4b8d5516f15,ff32f5e75cad90d3a39a4aafef23cf3b043405c2ef33b931238af4b8d5516f15,
backend/ent/userattributevalue.go,same,database,5c2c1216b64cfd6065e1fb3128c24737816b9695d2f3b7dbc934402f343a226f,5c2c1216b64cfd6065e1fb3128c24737816b9695d2f3b7dbc934402f343a226f,
backend/ent/userattributevalue/userattributevalue.go,same,database,9e1bbdb906809390dc35b1c728fdda6a77ce0a7180cc42cbbc3e39e614a4560b,9e1bbdb906809390dc35b1c728fdda6a77ce0a7180cc42cbbc3e39e614a4560b,
backend/ent/userattributevalue/where.go,same,database,8e89e704f0ef31894cd2c9e5324efbcc704bdfeba45d0b2094a63b86564b9e69,8e89e704f0ef31894cd2c9e5324efbcc704bdfeba45d0b2094a63b86564b9e69,
backend/ent/userattributevalue_create.go,same,database,0ffeca2ee523480c069b5cd7eec78945110fc484ca94adcdcb6a2f9c884704f7,0ffeca2ee523480c069b5cd7eec78945110fc484ca94adcdcb6a2f9c884704f7,
backend/ent/userattributevalue_delete.go,same,database,3fe5ad5d0aae2b4a312577ce04af2eae24065c464f9250f90e6853a13dec3d7d,3fe5ad5d0aae2b4a312577ce04af2eae24065c464f9250f90e6853a13dec3d7d,
backend/ent/userattributevalue_query.go,same,database,eac1c6eede93ba8ad9ca40fe098077b3e1a8602e733c77118923e6f0b8d8e18d,eac1c6eede93ba8ad9ca40fe098077b3e1a8602e733c77118923e6f0b8d8e18d,
backend/ent/userattributevalue_update.go,same,database,7593cc0ed7dad1f74033920a0eebdf92ec15847a13f0f09df17bd7aa5c92f211,7593cc0ed7dad1f74033920a0eebdf92ec15847a13f0f09df17bd7aa5c92f211,
backend/ent/userplatformquota.go,same,database,5a79c6667cad55c988e253121ad2bf6483f3095f661e5a8456586069f478e61d,5a79c6667cad55c988e253121ad2bf6483f3095f661e5a8456586069f478e61d,
backend/ent/userplatformquota/userplatformquota.go,same,database,9565a136ed255c94f4845234ecbef05b4ccc9c152815540e7877242799ab8444,9565a136ed255c94f4845234ecbef05b4ccc9c152815540e7877242799ab8444,
backend/ent/userplatformquota/where.go,same,database,58cdbb2cbee9bfd26b50ad9655b36c9ac9277f2d9ea0ddbbc196c0136a3465dc,58cdbb2cbee9bfd26b50ad9655b36c9ac9277f2d9ea0ddbbc196c0136a3465dc,
backend/ent/userplatformquota_create.go,same,database,381068a8ec056548ce470ceba37a5fe21fe555d1a20511a7c11ac81160257907,381068a8ec056548ce470ceba37a5fe21fe555d1a20511a7c11ac81160257907,
backend/ent/userplatformquota_delete.go,same,database,16e4d15f9ceb24c85678054a0fe1138838672fe688a177d9f6c8e1f60ffe9ea0,16e4d15f9ceb24c85678054a0fe1138838672fe688a177d9f6c8e1f60ffe9ea0,
backend/ent/userplatformquota_query.go,same,database,e6aba899fcf1a77b104bae6bae451ea1f7f03ea3cedd1ebc5b88c92d1e1fe9ab,e6aba899fcf1a77b104bae6bae451ea1f7f03ea3cedd1ebc5b88c92d1e1fe9ab,
backend/ent/userplatformquota_update.go,same,database,2b1f72c149555c59b419f132c4c7281f4b75f2dfa809b69d33908cb4b92020a7,2b1f72c149555c59b419f132c4c7281f4b75f2dfa809b69d33908cb4b92020a7,
backend/ent/usersubscription.go,different,database,fd46ba264eb16c9440ab7b6f6f5276797fd2b8447ab0151b4ce92007f29d1ec4,33c1c44f630e9423b1af359da28404e3b44d7f333695b4cae2b72578572b5526,
backend/ent/usersubscription/usersubscription.go,different,database,792c4cc62d3ac1d418c0b12be3eb856a9743195ef0e67706b090c8389f94b839,2d9e3a64b2d8635e6b95504993df9984c46e10051cad68bed6295c72349b73a2,
backend/ent/usersubscription/where.go,different,database,16fe6b031181290bd8cc092a181700ccfc0433bd4fda107912563f5775fb3e4d,f81be1b8e5cdf98241c45a1b586026498a326b0dbd8cd3b598ea109798fa58af,
backend/ent/usersubscription_create.go,different,database,25a4aaecfe15bc8609dabf66f48fd2b79caaf7150cad505b91b2384acc591b3f,d07f7daca0a63a940357e4f66355c42e7da1c94792cf363cd1c72a2d0ebf06b5,
backend/ent/usersubscription_delete.go,same,database,5e820dba2731130c12d89a477228ffc94127d33ab634258127d7d833f493829e,5e820dba2731130c12d89a477228ffc94127d33ab634258127d7d833f493829e,
backend/ent/usersubscription_query.go,different,database,28504340bd0be8645a8d62e52b45d2c9ee697370f7843d10a546f3f111a9a000,571471e057dda4f8b44d5f0723743ba9b3c835ca008c142da97c443fdf197053,
backend/ent/usersubscription_update.go,different,database,cacb6079d57bdc202fd497d69def09f3625498885a95375e936c293bcec75a69,0f835809958cfd5802ae5b0a15702295abf865f9701237b45dbc551c142eac46,
backend/go.mod,different,infrastructure,9ee79c32bba6a3f0dd156c9784513403a55d60fdd73fba911dbf0c6732ba37ce,a8b80ff0f0cbecd251d2f06727c73c4a6fa7332833649c511792707ff6668099,
backend/go.sum,different,infrastructure,88741fab658416b34e564275ffdb1a7e7bb283e9bdd3c818f1ee557c42ba7b81,5438281ff0bd940de9ffb0483523fd4ed22ecff4fca5673ea85591d7be50bb82,
backend/internal/applicationgateway/gateway.go,current_only,runtime_protocol,,2d3095e33df9a0f165bca878537e5ca66ddbc7d50e70acb0294c7833255a3468,
backend/internal/applicationgateway/gateway_test.go,current_only,runtime_protocol,,c7f8c69c55ccfb424405b8899911d0425be5a77734259e23bff493a711058c2b,
backend/internal/architecture/legacy_configuration_guard_test.go,current_only,test,,326bed493bd26cd4c5820bd0b41cbe09022ebb9706b8082621f18e13f5a49cb5,
backend/internal/architecture/migration_namespace_guard_test.go,current_only,test,,2b23d09f3790b98df33569d30331d6d568fb128e26c6729d1e9b1ff116f00bcc,
backend/internal/architecture/my2_release_gate_test.go,current_only,test,,5378cdbcdbe5228b695e7847d7f7a6a25f2dd19d7369f453b4a1af5eee72b312,
backend/internal/architecture/runtime_external_gate_test.go,current_only,test,,a1c39722ff2ef161788b3068fb9823bcfc634aeba8f7c838e94a85f22e76cb06,
backend/internal/architecture/runtime_sub2api_purity_guard_test.go,current_only,test,,1e7effc0562002995ed7db9c975f0b6d7b1b1d306de55d69e21460a7d88eb7f6,
backend/internal/architecture/sub2api_adapter_purity_guard_test.go,current_only,test,,2b62832fae70737f228c50bb12909a18605aeb0cd5e527ae81d75da8b083059f,
backend/internal/architecture/sub2api_upstream_boundary_test.go,current_only,test,,c53ed156047c11006d44c99f74304cd8874ae322fb888cb4695dec643ace8402,
backend/internal/config/config.go,different,infrastructure,7c1e7c68658c18a7aa1c337b51d0fb7131dbe2e1c8d519804b3f4a36f208571c,3f0a257931c4599f9af45e2f4074c3fe0aa6d241b91706400c8156d5cfb39972,
backend/internal/config/config_test.go,different,infrastructure,99dd70fe721851357eb63c2a2e8106ae5a9d1d4e4cd77bc4e1d9c99a67e92e34,5758f9509d808f3a7814590110c7f96d18e3550554141bd146822f6c8bdb4bc0,
backend/internal/config/env_reachability_test.go,different,infrastructure,789a33f69914263f03db8cdb11702b13ed6d180880b8e2f726b4fec0f75f0615,3ab94e81b8760a20fa0bea33c1837abeab7a0663ab73238a3b6b88c91de2907f,
backend/internal/config/image_storage_env_test.go,same,infrastructure,dd6b09cb0b8e0109cc89b875c6579c523ddc285e58c42d802d1da26dc543b8b7,dd6b09cb0b8e0109cc89b875c6579c523ddc285e58c42d802d1da26dc543b8b7,
backend/internal/config/proxy_probe_config_test.go,official_only,infrastructure,6ab6e046630b9f7fbed8117680dab91ae0861f268391ad6977763a5f907fe89a,,
backend/internal/config/validate_dingtalk.go,same,infrastructure,96f1f7d2d177f9325cb6d352f2f5190a07e284079ef404fcd9a750d758fc8002,96f1f7d2d177f9325cb6d352f2f5190a07e284079ef404fcd9a750d758fc8002,
backend/internal/config/validate_dingtalk_test.go,same,infrastructure,f8624d895b0f388f524fac6752c90b5cb23a6396322685f0fe3d99640cadce48,f8624d895b0f388f524fac6752c90b5cb23a6396322685f0fe3d99640cadce48,
backend/internal/config/webauthn_test.go,same,infrastructure,2e9b04859d0227597e4308e7cc3736646f218fcbd1a405a79becbf8b208ef096,2e9b04859d0227597e4308e7cc3736646f218fcbd1a405a79becbf8b208ef096,
backend/internal/config/wire.go,same,infrastructure,a9699f3a3666a613f3bcfdee695ec7118dbb58ea9efbc58681796926338c1d2d,a9699f3a3666a613f3bcfdee695ec7118dbb58ea9efbc58681796926338c1d2d,
backend/internal/domain/announcement.go,different,productcore,47971003a1e02d43e1fcd114421e4decf4e5d7c26cc941c862eab58d1c669936,79c36d704aeec67b4991ba6c7a3c01b2c80b4f7dc559cb4e5e58bd6fe2114e47,
backend/internal/domain/channel_monitor_quota.go,official_only,productcore,e4a6db08122fa32e4b659adfccbcbe873f70a0ded44e8f867de9954ed11e3ff6,,
backend/internal/domain/constants.go,different,productcore,f53bb2703d21140d6f3537338ba3b111bc782046c79e60bfa83f1e6689146ec1,1a71e9532786b5c0cfcd8bfb13e8c5223a351a633e71e10a883502b16cfb49c6,
backend/internal/domain/constants_test.go,different,productcore,348534424bfe35fad4e52e6fc63a9b0fdf62bc09b66ddfb4b04e30fd600d3a12,8ff3a247d2c02c46b97b0085199b53ce8b3ca7cf323b6e2680c17d68f71652fd,
backend/internal/domain/model_pricing.go,current_only,productcore,,78b4154359fc2be444ca0e69ebcc39bf65856819e2c310b473bc1357bc98908b,
backend/internal/domain/models_list_config.go,official_only,productcore,eeea7a8a00cb0a1b680d2bec426cc908bf1b6058e1880f33fe36d37f982f945b,,
backend/internal/domain/openai_messages_dispatch.go,same,runtime_protocol,c26623f1ae4c35a7ee9691feab637d1cc58860a62f5ef169e5721d8f775e2ab4,c26623f1ae4c35a7ee9691feab637d1cc58860a62f5ef169e5721d8f775e2ab4,
backend/internal/domain/reasoning_effort.go,different,runtime_protocol,6e4f2fefdabe6938080baa4407d076b907850a0e1556c8a75c529fbffd8d49fc,c83e9dfb8df319ae1386444a31021c3fa2636646fa1a5bf6e7ca86da938c0dfd,
backend/internal/gatewayruntime/errors.go,current_only,runtime_protocol,,5a1dae7de8033c25ba54fd967460a6f4ff27f2c03d74f21fc38e1c34ccf20033,
backend/internal/gatewayruntime/exchange.go,current_only,runtime_protocol,,e7eb8d0b51187f4cc65745523b0ad08acfaf80ab66b8dd5f52b69bbd761fe3ba,
backend/internal/gatewayruntime/intent.go,current_only,runtime_protocol,,6965d3c3e2d4c07b9da24341310f3074f10a2e7ad551a17111d7ad5bafdd3645,
backend/internal/gatewayruntime/intent_test.go,current_only,runtime_protocol,,cff9e1e6c42a3f14d107e794fe9aeb490331b959b37855cba7111ec568f13c73,
backend/internal/gatewayruntime/runtime.go,current_only,runtime_protocol,,ad0dcc902596287ee1cc6deac6b5f1b3ec1ab9b4347e4229da2ae7bf2215358d,
backend/internal/gatewayruntime/runtime_test.go,current_only,runtime_protocol,,830ea557782fb31b033951667d22bf72d4a643db429562a28dd72b86483fcab0,
backend/internal/gatewayruntime/terminal.go,current_only,runtime_protocol,,7ddce0123413c5df7ad90261e6243e46f69e55a9b169ce4186785991449cc721,
backend/internal/gatewayruntime/types.go,current_only,runtime_protocol,,8fb3585dbc0a939d0cfea47f6acb3c26b4ae3a7fa713506539c3a027e69c34d4,
backend/internal/gatewayruntime/usage_context.go,current_only,runtime_protocol,,35abcba978310e53ff80898c5257ab3209157fa1c8f26432f0a4416e131c850d,
backend/internal/handler/admin/account_codex_agent_identity_import_test.go,different,runtime_provider,6293507e8ff83c1283bf96bea47ab9c17c9770400a6bb448b19709412fea609e,bcb4e0736f9fdeaf5c3b6e8aa640e2e8ab9837d1862e6c302d4496af00cea199,
backend/internal/handler/admin/account_codex_import.go,different,runtime_provider,f1b555983cc626978c74b83e7231d7a4c876ca47da2164ef648572ceb0ad3373,1e92c60da6cb2aea867990b65406a873dd181e495f8108ad9595563b19171585,
backend/internal/handler/admin/account_codex_import_test.go,different,runtime_provider,1799d4c50e18bb5976519fb12030a0d6f2c5e5d576803d288874cab3d3a4dd58,3514b2bec4d04fb1b19bab088db931fa8b38e520f91ad8e706c97a015226e676,
backend/internal/handler/admin/account_data.go,different,runtime_provider,ace1a00e2a5d470652fd24906018a7b2611602386bca25c1f7e69e530a349b99,4ca86de2a8799a30b97030dd59826dbfa5e087a9de70828e00c7af5b71181eb8,
backend/internal/handler/admin/account_data_handler_test.go,different,runtime_provider,7a8152438db7ba67106a1f9b5bdd9794d269dfbe18cb2863c58269d0ebd6f528,6110d82b492a3f4202e0c98f3013954536eb29b7144e8cd58e9575305620974d,
backend/internal/handler/admin/account_handler.go,different,runtime_provider,39479aa94c5c664d66dca61da74817667b09c468f8fa61c3918e04baff5a8671,9921b61ae5311d7bf56a7d45fbd628cce6c42a3409cea6baf1d5d54f6286b522,
backend/internal/handler/admin/account_handler_available_models_test.go,different,runtime_provider,cb6209a240c7e05454bf39a299ac7e3158e34ddf5f55db92d810ca729afae004,7c2d11b0670aeaa6fdc936bb97a1fdb893de17e4c4ab53a2ed64c84628f5b272,
backend/internal/handler/admin/account_handler_batch_delete_test.go,same,runtime_provider,1533e02dae30806f5b7fa6e6faf29be209c9e2188e335336b1e9c7f04383f7dd,1533e02dae30806f5b7fa6e6faf29be209c9e2188e335336b1e9c7f04383f7dd,
backend/internal/handler/admin/account_handler_duplicate_test.go,same,runtime_provider,69d1a2fbfaabf272b955d6bef474108cefa40be1a884d3431e076393ffc05729,69d1a2fbfaabf272b955d6bef474108cefa40be1a884d3431e076393ffc05729,
backend/internal/handler/admin/account_handler_grok_refresh_test.go,same,runtime_provider,591114ab4a346d951b7823fc2b92a7c9d3c85f504f5c4469e80a9ebd99e34d79,591114ab4a346d951b7823fc2b92a7c9d3c85f504f5c4469e80a9ebd99e34d79,
backend/internal/handler/admin/account_handler_list_test.go,official_only,runtime_provider,21a96d2da512204dacf7d7a622c2abeaaabbc455e6287282be0caf12af341169,,
backend/internal/handler/admin/account_handler_long_context_billing_test.go,different,runtime_provider,566d380e52db1438bcf2b8a9c4390b15d7395f4a470fba349a6b133597675b9c,da6eccd33b3f958f4b25aca635ad53096fef57694f0ab3ee551502544029213b,
backend/internal/handler/admin/account_handler_mixed_channel_test.go,official_only,runtime_provider,bae50ab62055072dbb5163bd6af430ba76ef287a25aa7d62a124f565c0902ff1,,
backend/internal/handler/admin/account_handler_passthrough_test.go,different,runtime_provider,3f3f535621b1e46366195c7391ad786aad48c86d981801345ab3a608e627db93,eb99a68c34016a358c092bf2fac9ee08b73eda3fba450403d983c91cff2ed8e5,
backend/internal/handler/admin/account_handler_spark_shadow_test.go,same,runtime_provider,992b4190ae8a0bff7568f9b2ca7f88f37f7cd894d801f4f1d8a7f648a9bf191e,992b4190ae8a0bff7568f9b2ca7f88f37f7cd894d801f4f1d8a7f648a9bf191e,
backend/internal/handler/admin/account_ollama_cloud_usage.go,same,runtime_provider,5693aa5067f408407d51c715b359657d13d0eef924b9b4f7af32a13c91f6af3a,5693aa5067f408407d51c715b359657d13d0eef924b9b4f7af32a13c91f6af3a,
backend/internal/handler/admin/account_ollama_cloud_usage_test.go,same,runtime_provider,e4cce75f4154b0e2e8f8b7a4749a5c59aa9b92e157e7de431d1f2f2b31d90e1a,e4cce75f4154b0e2e8f8b7a4749a5c59aa9b92e157e7de431d1f2f2b31d90e1a,
backend/internal/handler/admin/account_platform_pool_handler_test.go,current_only,runtime_provider,,7480c1140a86cdc3f0ff640760c15c6c97f1eba24022256c155b58b1bfad8e30,
backend/internal/handler/admin/account_shadow_parent.go,same,runtime_provider,ed27b273acf850c6ab70d0fb267a859e3e069c63e484b4eb862613a77f7c459c,ed27b273acf850c6ab70d0fb267a859e3e069c63e484b4eb862613a77f7c459c,
backend/internal/handler/admin/account_shadow_parent_test.go,same,runtime_provider,02ac4f1f0b723f64bc6b9a6b20ef8701193f9d0b3f5fa1efa560aee84e5a4ae9,02ac4f1f0b723f64bc6b9a6b20ef8701193f9d0b3f5fa1efa560aee84e5a4ae9,
backend/internal/handler/admin/account_today_stats_cache.go,same,runtime_provider,98b70021971756a48401ca19df232ec8440712299ac0d2756ce909de993b1074,98b70021971756a48401ca19df232ec8440712299ac0d2756ce909de993b1074,
backend/internal/handler/admin/account_upstream_billing_probe.go,same,runtime_provider,505cb44af23d2dce26ffa233b558607413c1032ff5ab3410502d6e22dbfd882c,505cb44af23d2dce26ffa233b558607413c1032ff5ab3410502d6e22dbfd882c,
backend/internal/handler/admin/account_upstream_billing_probe_test.go,same,runtime_provider,004224aabb0c2cb2c8b8d354ef9febb0931c199317a0665a93401a9f00c21eec,004224aabb0c2cb2c8b8d354ef9febb0931c199317a0665a93401a9f00c21eec,
backend/internal/handler/admin/account_upstream_billing_rates.go,official_only,runtime_provider,17a5877dcd15a50051e68869663837ef3c467449dcd026d622b924edd604055d,,
backend/internal/handler/admin/admin_basic_handlers_test.go,different,productcore,750a1c318e334432471234be18aab3a488e2e02ecffd99b3f069123208f03a74,61178fcae8753703d61028b19b70a2a72f5fd49b369a8e7c4f6a1d8c6b7d5669,
backend/internal/handler/admin/admin_helpers_test.go,different,productcore,34699498764c0cbc9030c41beb2b0f3626ab0ac8955194b53d16de903e818794,06c525e93bced037c80611b5e8aebb5a8fa7598a1fd84b7189125afeaab45590,
backend/internal/handler/admin/admin_service_stub_test.go,different,productcore,0d01570d6ed122758a8622c963a9a388c6aec178e7c837913eb3c45b47cf1618,9a1b65e3b395cf6624b2e46f3b2c4542f09b79a06a23587dd3e02a9f2c1768ae,
backend/internal/handler/admin/affiliate_handler.go,same,productcore,4b908b6bfb9fd4c809fbcd2dfb9c0caa1d7484f416e1175eab1e0ba417544616,4b908b6bfb9fd4c809fbcd2dfb9c0caa1d7484f416e1175eab1e0ba417544616,
backend/internal/handler/admin/announcement_handler.go,same,productcore,3ec7a59fcf81d85c06ac06467b32a1243092377fc0addaf83e3c181ce47d8804,3ec7a59fcf81d85c06ac06467b32a1243092377fc0addaf83e3c181ce47d8804,
backend/internal/handler/admin/announcement_handler_sort_test.go,same,productcore,04c250c01e5786498175872b9a8351e3aa6b591c17c5517a12c6eaa558d7be4f,04c250c01e5786498175872b9a8351e3aa6b591c17c5517a12c6eaa558d7be4f,
backend/internal/handler/admin/antigravity_oauth_handler.go,same,runtime_provider,c47c66c111768e0f0a2c8a1efc5bc4b9c966f8af4cc8b654e8d5f92ca3a3cba8,c47c66c111768e0f0a2c8a1efc5bc4b9c966f8af4cc8b654e8d5f92ca3a3cba8,
backend/internal/handler/admin/apikey_handler.go,official_only,productcore,3e829a4e2c427d5b85ee6c5fa705b9889b8f4c24b439973d1f48519d023bfbee,,
backend/internal/handler/admin/apikey_handler_test.go,official_only,productcore,1b7b75fdb705569273cb8d5a56ec6f3c05c28db61ec14477c44ef5ac55801c57,,
backend/internal/handler/admin/audit_log_handler.go,same,productcore,67907b1b924e83af688d6c321c84e9dfb6d7efc8904b4f6d81f52214b95d1893,67907b1b924e83af688d6c321c84e9dfb6d7efc8904b4f6d81f52214b95d1893,
backend/internal/handler/admin/backup_handler.go,different,productcore,60888382f40cbb791f14e556f8c9fc5d999f81216af0fdf5a6e08a283270e077,49d14f671e4147b520cd2da02ace834eec6a5db4bb68fa4eecb7acf522e8393d,
backend/internal/handler/admin/batch_update_credentials_test.go,different,productcore,c05e12d068af25d62669534529ef4d22e2f740e795c749ab44df9c2fca3d84ff,32906d9df8fec2e75243d74f530f6e7f962662088d74dea36fd0a59c02023a2d,
backend/internal/handler/admin/channel_handler.go,official_only,productcore,217bb6c21b385b8e1412513b52e83d6fac00ddaec2c3e171de88c47527cbed66,,
backend/internal/handler/admin/channel_handler_test.go,official_only,productcore,ce125b79fd43f69efde1be70481ee9824bf133565cef9520d9ea50021446fef5,,
backend/internal/handler/admin/channel_monitor_duplicate_test.go,same,productcore,6dc1472435926752b8ea2a0255c5463096ae822b45bfcc66e3d80c3a28357188,6dc1472435926752b8ea2a0255c5463096ae822b45bfcc66e3d80c3a28357188,
backend/internal/handler/admin/channel_monitor_handler.go,different,productcore,59ca93572c91c70a51776d8b6671d9243ba12db6937a05bce64dfb65e641db2c,242f00008dec86cdc3b43b4bb9ce615c9017ac78a246e31c15662d68d0a832f4,
backend/internal/handler/admin/channel_monitor_template_handler.go,same,productcore,35b26caa7bb6b029f31a8900baad9ede6b50aa2feb4da47d948e4739b28b5cfe,35b26caa7bb6b029f31a8900baad9ede6b50aa2feb4da47d948e4739b28b5cfe,
backend/internal/handler/admin/cn_provider_handler.go,official_only,runtime_provider,0bb8befb97725a53cce2365ee89f7e206685b7ee7904f0ecfc0d7d1aa5fc2bcf,,
backend/internal/handler/admin/compliance_handler.go,same,productcore,06f0c9403bb7befe700bde22ec7d21b196d3872799385b96e2cd6c27e906a75e,06f0c9403bb7befe700bde22ec7d21b196d3872799385b96e2cd6c27e906a75e,
backend/internal/handler/admin/content_moderation_handler.go,different,productcore,9552529ef23cea8c394fb44d235a5ddd132dd2d5c1e0134c9419ee144f443bfe,8ffb2db3a22a82eeeb0e57961a0f69bae37562c3ee0eab6a78d5d9567d3db337,
backend/internal/handler/admin/dashboard_handler.go,different,productcore,b934f0d946d8fd30b441ef23607f9847d5c11c5d14301dddb6f74aff75ef7368,2cb43b365b5ecf635f8db8ed45dd10423c53ba9171bc27612d6c6e0938ec6306,
backend/internal/handler/admin/dashboard_handler_cache_test.go,official_only,productcore,76f735c0cdd83aa2ad3a8e605369b90076ec51a55608895a327b6d55fa045c1f,,
backend/internal/handler/admin/dashboard_handler_request_type_test.go,different,productcore,8a3b451a0aa3fc3e025b8f7a794b4ef90ba03d55c7522629d63727c36b2f2d4a,d55b0ec0af9174c0149db1e484eb854b217855fbe7f2fadbf218b3c625759096,
backend/internal/handler/admin/dashboard_handler_user_breakdown_test.go,different,productcore,7d3c6369db90b331c345a96ceeee342e9489735a59c40b10b7e84fe8274a86cc,50edbb12f099aef89a3c3fb477f4521fe81d65513702a09d5b12027dfffe2685,
backend/internal/handler/admin/dashboard_query_cache.go,different,productcore,e5883fa869eaff51459a667071a3ee215ffe179c4162cf48704933133ab0a543,1bb7c0412d8d291cd50a69abd68c32373788bd95269f005efca9b26d661d7789,
backend/internal/handler/admin/dashboard_snapshot_v2_handler.go,different,productcore,f61bf6ac73cb814acd52d5f63c9c6183bf4ec29ba0c3643e1b1d3878fb6c60a9,3af36200448d9c63d856f4d1c41fb454efae55694ae2c387c754fa5954d87904,
backend/internal/handler/admin/data_management_handler.go,same,productcore,90a7e9c551be8888b580c3b4e62dfc691c4d15473a6b1d5421a3f4918e997999,90a7e9c551be8888b580c3b4e62dfc691c4d15473a6b1d5421a3f4918e997999,
backend/internal/handler/admin/data_management_handler_test.go,same,productcore,48979bfa9ce748984538522482b91ed5bea625f6a66cfb8457e7d11aa3a8fd89,48979bfa9ce748984538522482b91ed5bea625f6a66cfb8457e7d11aa3a8fd89,
backend/internal/handler/admin/error_passthrough_handler.go,same,productcore,4677230d6f56c9f55cc9b64b75ec6c57b001e38be75050e2a5ba07f6c1640137,4677230d6f56c9f55cc9b64b75ec6c57b001e38be75050e2a5ba07f6c1640137,
backend/internal/handler/admin/gemini_oauth_handler.go,same,runtime_provider,4b5cbd54571f85da61776f954fc17060125706c99a86daa5ddf4f7f117fd6bcc,4b5cbd54571f85da61776f954fc17060125706c99a86daa5ddf4f7f117fd6bcc,
backend/internal/handler/admin/glm_quota_handler.go,current_only,productcore,,8b0865862ce581503e31b6b7eb65eaf11db9061e90b2e122d12f89002a6768d1,
backend/internal/handler/admin/glm_quota_handler_test.go,current_only,productcore,,3f8ea20ccbcf5362c577ea4775cd01330fc604ec05455e5a7d47941978f079ac,
backend/internal/handler/admin/grok_import_probe.go,different,runtime_provider,befca3b5e57ea3c40dd3a2455ca35ee39017af262696255cccc197625bcb0575,1dda7c95944bc17414a16e99fe4bb5810a433d3715049d2c20076cb46d88dab9,
backend/internal/handler/admin/grok_import_probe_handler_test.go,different,runtime_provider,ec23881f1e0d7d1b4c19cfdd0c88b48091a6adc68ec9bd3c03bca7e3188c3503,0d330349fe722a41c6930cdce93497f936f1b3e9e2e788747a1dde1828fa7268,
backend/internal/handler/admin/grok_import_probe_test.go,different,runtime_provider,be51abc3d3f8ad633feaa39bcbf139aadce54509776f8e3205f724215782d070,662bed822f62de87f5aa1150bdd2dc4fad4200cb92a205fbbcdcb82baa666942,
backend/internal/handler/admin/grok_oauth_handler.go,different,runtime_provider,03d5c5cb8c61cb23439ae477903c27392c272f69e095e5b8d4600907fbb5d725,927440cb80a0c176748cbe426701c19c1c64a0c44a31d3eb225bbc772f149ca1,
backend/internal/handler/admin/grok_oauth_handler_test.go,different,runtime_provider,a5a3c187be2a8cdf53fb5182e0d6b2c1db0d525676050a10e2044323a0b6a0b5,0e9bb9484851cfc4c2366037b1ae504a329bbfd9e07eb896af6b167c04ef3068,
backend/internal/handler/admin/group_handler.go,official_only,productcore,e222af2b62a108a78e7b5ce19c92636d17e3e3fc5127a9d119e2d26fa3c5730c,,
backend/internal/handler/admin/group_handler_duplicate_test.go,official_only,productcore,a568de95f70ce0e276f621b2cc76081ad1eaca47beb8bc56c583876df66f879d,,
backend/internal/handler/admin/group_handler_limit_test.go,official_only,productcore,e844248362cf7a3e2fbfaf819afc5e5707653fafe8811424464c237d5abe3a69,,
backend/internal/handler/admin/group_handler_openai_fast_test.go,official_only,productcore,72b36d1b83437d370da9e062adbe1899ba8ded7bb22f70fe06422d3d7a39e012,,
backend/internal/handler/admin/group_handler_platform_test.go,official_only,productcore,cc9322cd05f89d73531c2f8b79e29a06b805cbb67fe9441e360bb5b71504f056,,
backend/internal/handler/admin/group_handler_reasoning_effort_test.go,official_only,productcore,810bf2a9a0a9e521702e94e142f4dc671df6ef5e5c041ea9f04ac3e2d346b46f,,
backend/internal/handler/admin/id_list_utils.go,same,productcore,7ab98719bb1bf0cc4e88024dd62c77b8622a9af3eccb0dcf801d8cd4bfd5797f,7ab98719bb1bf0cc4e88024dd62c77b8622a9af3eccb0dcf801d8cd4bfd5797f,
backend/internal/handler/admin/id_list_utils_test.go,same,productcore,cce857155864a51cbaa14b69e7387ec31388bee103aba72689fa05816903355b,cce857155864a51cbaa14b69e7387ec31388bee103aba72689fa05816903355b,
backend/internal/handler/admin/id_param.go,current_only,productcore,,4e8c29d3853ea4a34088fc803fc633bdaef7784001629a66bf8b79d34103614c,
backend/internal/handler/admin/idempotency_helper.go,same,productcore,48e34532b9bbd4b388a7b4bc6b6419b2c68ff8ee8247bf3939ec46b176c434b3,48e34532b9bbd4b388a7b4bc6b6419b2c68ff8ee8247bf3939ec46b176c434b3,
backend/internal/handler/admin/idempotency_helper_test.go,same,productcore,be97ef483237e7ec2d1624f26a05400b4cc054b537910152843d385ef8696d9f,be97ef483237e7ec2d1624f26a05400b4cc054b537910152843d385ef8696d9f,
backend/internal/handler/admin/model_pricing_handler.go,current_only,productcore,,db26e17c037e94c0866cc0c3130b1275c66870731e0534b7069b018f441bc716,
backend/internal/handler/admin/model_pricing_handler_test.go,current_only,productcore,,ced3ce2f2dbfd120f4b32da7617999408145b985c17d9c536696a2f8e12af16c,
backend/internal/handler/admin/openai_oauth_handler.go,different,runtime_provider,c16646fa40a03af7171336082e8c9b3fa29c8049296cbb30cb9ab92cb234e35d,45f1053aab6677e2c3a72f9d53a3788ede8eabe701c11c63d4282b774e978cd4,
backend/internal/handler/admin/openai_oauth_handler_reset_quota_test.go,official_only,runtime_provider,3ca77fc30467cce9b63010e108e0ff85491ce9dbd85e1cc1dfa93df93bd24e2a,,
backend/internal/handler/admin/openai_oauth_handler_spark_shadow_test.go,different,runtime_provider,9c88082b4479f19217aa5dfc9d6251d9a0e53bd8cb4a8d3213b6bc2e404f1763,184c60243453086f4fcb6a0fc0d7af453690a800a768df4018c907a81b6a50b2,
backend/internal/handler/admin/ops_alerts_handler.go,different,productcore,6a0919674e6547ce271a01d795b17fc8a35dc5883aa2914055691203ba66e9a4,0d1758dc6e6769b0fd78900a35c2a4603632dd5717458792aa275c77949909d6,
backend/internal/handler/admin/ops_auth_cache_health_handler.go,same,productcore,66fa43689b7b3a48b6d6ddf9f64540e872080d870a5c2bfc88a4ee82b04e1913,66fa43689b7b3a48b6d6ddf9f64540e872080d870a5c2bfc88a4ee82b04e1913,
backend/internal/handler/admin/ops_dashboard_handler.go,different,productcore,a9667deee37200e81bfbbd5d8f19b56467a9b131c29b03190f88fb25936adac7,3078cff95196988edad00e08378d656b0814e22248a4ea1d75f9b4676c91f1fa,
backend/internal/handler/admin/ops_handler.go,different,productcore,99131f870b2c1abceec478827f48bb86823137b04c912f7f0277eff7dda1d0dc,820c2d5ef26c3d6797e05faafb347b99505759757ed508ac918aead57b41274e,
backend/internal/handler/admin/ops_ingress_reject_handler.go,same,productcore,11cc95c94f0d4c1b4e0840a4970f6b8c7623a99887d43e6837dcd57a3a0e5772,11cc95c94f0d4c1b4e0840a4970f6b8c7623a99887d43e6837dcd57a3a0e5772,
backend/internal/handler/admin/ops_ingress_reject_handler_test.go,same,productcore,7a9e946d4c267ea9468df1bf1a431172a34c8948b1febd1303841bba89d67237,7a9e946d4c267ea9468df1bf1a431172a34c8948b1febd1303841bba89d67237,
backend/internal/handler/admin/ops_realtime_handler.go,different,productcore,1a165241ee786b40d1d909ea452164e9aa10c0d35010cbb039e5a8515f7dad62,824c0f64a9b768a20e29642724a94ce5f51aee89de2ec91bbdd4baa427b8aef6,
backend/internal/handler/admin/ops_runtime_logging_handler_test.go,same,productcore,162de66bf5c89ee0c95de9b9ece5b5cffe79fc166295819089867c743ef1f77f,162de66bf5c89ee0c95de9b9ece5b5cffe79fc166295819089867c743ef1f77f,
backend/internal/handler/admin/ops_settings_handler.go,same,productcore,638e19170f2e0dbcb6810621b1eda7fac67391b498706f1585a5e538b8094370,638e19170f2e0dbcb6810621b1eda7fac67391b498706f1585a5e538b8094370,
backend/internal/handler/admin/ops_snapshot_v2_handler.go,different,productcore,3958eda6de96609ecc017a677582b0aff752cd0c3a3e27a7d2659cdce84fa9d1,ec408d022a223d0e64140918c3cf66190f71d45c58f6168b9ee3d6722c126a4d,
backend/internal/handler/admin/ops_system_log_handler.go,same,productcore,869487754781e2f0f9d791e954cf9e37ae73f94fff0644cbc3441d93dbe4ac56,869487754781e2f0f9d791e954cf9e37ae73f94fff0644cbc3441d93dbe4ac56,
backend/internal/handler/admin/ops_system_log_handler_test.go,same,productcore,714e635735a48b6f13d6463f046c6a90096c2fe6e029e95d16fbaab78cf699c3,714e635735a48b6f13d6463f046c6a90096c2fe6e029e95d16fbaab78cf699c3,
backend/internal/handler/admin/ops_ws_handler.go,same,productcore,d689ad50680232c9764e2630df321b277538e65e53da0825c7baccccea02aa33,d689ad50680232c9764e2630df321b277538e65e53da0825c7baccccea02aa33,
backend/internal/handler/admin/payment_handler.go,different,productcore,ffbba895fb850c84d47fc45a7101dca715ef4d090fb38694425417d4eb821d3c,d14c932703b1811b9eba55669f6b98ccb466ce6cff5b29585055567f08ffb5cc,
backend/internal/handler/admin/payment_handler_test.go,different,productcore,a629b74e6e7e0433ba1c1b506fa7ab855b663d670188997bd9e1ec75ae41c95a,ee366c75d02def44f9b326277c4d9c2752c07d9937d42c6ffa818d17c3adb3eb,
backend/internal/handler/admin/platform_handler.go,current_only,productcore,,71ff749adc0edcf2e04f092aaf9249a11636fafb76f79525e781da96db327f1b,
backend/internal/handler/admin/platform_handler_test.go,current_only,productcore,,755fca9f5346cb991a3a7dd3813ae9894e0189b2e61b2c98c505fe6d9a315f78,
backend/internal/handler/admin/plugin_handler.go,official_only,productcore,4cd07220ac40167fd8fb0b778b04ab834b63c8297241447d316058c89d8f46d4,,
backend/internal/handler/admin/promo_handler.go,same,productcore,9f2a7049868cccddcb6c2c0d666ecd25dafff5f9b5c9c96b853212c09f721644,9f2a7049868cccddcb6c2c0d666ecd25dafff5f9b5c9c96b853212c09f721644,
backend/internal/handler/admin/proxy_data.go,same,runtime_provider,9f66d57aed6e6922b296ecf69f22e9fb6ae14663cc87be5da72e553f761f8bbc,9f66d57aed6e6922b296ecf69f22e9fb6ae14663cc87be5da72e553f761f8bbc,
backend/internal/handler/admin/proxy_data_handler_test.go,same,runtime_provider,02332303d5a1cc8efaae76abc8690fdd0e45d12ba0b22f6a59cd9425b90e4af7,02332303d5a1cc8efaae76abc8690fdd0e45d12ba0b22f6a59cd9425b90e4af7,
backend/internal/handler/admin/proxy_handler.go,same,runtime_provider,79c265a2be5f102039c01951053d72a1dcb02cc11f18f566560355acbc361fa8,79c265a2be5f102039c01951053d72a1dcb02cc11f18f566560355acbc361fa8,
backend/internal/handler/admin/redeem_export_handler_test.go,same,productcore,833e3f75f00a592dbf15af228963aa4abc0949e7e4f9bec3e8da7147622fe06e,833e3f75f00a592dbf15af228963aa4abc0949e7e4f9bec3e8da7147622fe06e,
backend/internal/handler/admin/redeem_handler.go,different,productcore,79a47683ea70caaf164c4710b4359cd8697a678a40359a010569eef1a10f9977,5e3a4b12ab1938d8aca6891170002adca38c2447d9849f529f086d88dce614b8,
backend/internal/handler/admin/redeem_handler_test.go,different,productcore,56aac5a9ff41941d86faae73b1ca284386242ceff6b09954a1669df68735d0c5,7d9b07a7a61e02211c0c6d53c6835741cd3de16218d499f0c563caa3625fc4c5,
backend/internal/handler/admin/scheduled_test_handler.go,same,runtime_provider,ac8a6612b3f0d09a77f430cf9692401f7b1fbed689a1df8bc7eacd3ed50ad4b2,ac8a6612b3f0d09a77f430cf9692401f7b1fbed689a1df8bc7eacd3ed50ad4b2,
backend/internal/handler/admin/search_truncate_test.go,same,productcore,07c168dbd5e58aa1d586f3d95fa52dd9a0ff72dbad8c5ab9cc0a9a632e36ea34,07c168dbd5e58aa1d586f3d95fa52dd9a0ff72dbad8c5ab9cc0a9a632e36ea34,
backend/internal/handler/admin/setting_handler.go,different,productcore,9f503d6474e154d6b4032841a5415c62ff74472be06ccadb7fed145cbc6abf71,52ac7f6a6636b2687c613589e6c098ab65a43edb8c95ac16c4058921f45bc85e,
backend/internal/handler/admin/setting_handler_audit.go,different,productcore,8978b78b2b40ffecb79c95bbaec594927367e48c2d473e44dade7388fadebebc,939f810d44fff58f494a523118d88332140fbdfbd4b91287a4a2ffc796ef9bdc,
backend/internal/handler/admin/setting_handler_auth_source_defaults_test.go,different,productcore,3c1920b38e06ac1d1a4adffd748a429a65e65aa5d619369288bf206cc1a2eb36,b96b9bcf8ea709d7cf92db11967ec9c1cf50107f1c14cf506364e8a200c629dd,
backend/internal/handler/admin/setting_handler_codex_whitelist_test.go,same,productcore,0651115388de69f7970ef03e20185ca4a07acecb29607cc83e33ade54bcac102,0651115388de69f7970ef03e20185ca4a07acecb29607cc83e33ade54bcac102,
backend/internal/handler/admin/setting_handler_dingtalk_test.go,same,productcore,8ac1fefe46cb63af7605d8dd15653d1fcf3cc5297577df4967299b1a632a23d7,8ac1fefe46cb63af7605d8dd15653d1fcf3cc5297577df4967299b1a632a23d7,
backend/internal/handler/admin/setting_handler_email.go,different,productcore,5e762464dfa34ee161d40009a1bf4e478e4e5f136068e389b82c9478d5420299,649ae6c389a5880e8e265612438459bfb68319f97208ac32727d036fb62ae04b,
backend/internal/handler/admin/setting_handler_email_test.go,official_only,productcore,4c18b80e995f48e91f44f1497b3cfc131912f9d72cbbcc828fd690a924287baa,,
backend/internal/handler/admin/setting_handler_partial_payload_test.go,different,productcore,58a6378442ff8ec1caa5febd30fe5c7ac3ee930ce9af38883d78568637a86c9f,841bf2e19a3149ca775e6157aa76020db61a421ca6aa31414ef03323ef4136f3,
backend/internal/handler/admin/setting_handler_platform_quota_test.go,different,productcore,ccd1ef816ec3c26ff185f6faeda5e730940551eabcc681de43611548de945c5b,89c4ee88b47752c8e427c536af0acc1adc7ce498fa15bbd878331bbde3499521,
backend/internal/handler/admin/setting_handler_runtime.go,different,productcore,84473c6abc0c731e93a082f1f5df8685cd7cf8c2e0635fc0bdfdaa5f1b250348,568d8c726894d0fcdb74b8c5cfc85e0c101057c2b3de0fb229c40048e69455e7,
backend/internal/handler/admin/setting_handler_stepup_switch_test.go,same,productcore,74e83cac008260fb216d112e3ee467303527e7446f04f058f25958178a64860c,74e83cac008260fb216d112e3ee467303527e7446f04f058f25958178a64860c,
backend/internal/handler/admin/setting_handler_update.go,different,productcore,656ab3fb76c1eb1466776c51740ce64b8f86550c43cadd0410ef5c4411b79517,d91e7f6ffee3c906eb98d5dbd300dcc841b435138ad8ceb1e0a3dca3da9aa735,
backend/internal/handler/admin/snapshot_cache.go,same,productcore,fd50a5de4e1e445c87c70570815f7b880ca334aa4a7e7dfeabf18e6d81c130fe,fd50a5de4e1e445c87c70570815f7b880ca334aa4a7e7dfeabf18e6d81c130fe,
backend/internal/handler/admin/snapshot_cache_test.go,same,productcore,adf68d7ade89b036208d3ea37f0213287617f58670d442d2e7b3417b1c091161,adf68d7ade89b036208d3ea37f0213287617f58670d442d2e7b3417b1c091161,
backend/internal/handler/admin/subscription_handler.go,different,productcore,6ab84e7d22efbb987d504e0f20b7241ab11e0d807115a41f2184f0040604db05,ad545d697205461172844c07a51d374b1853cff3da0efe39d069c4faf022fcc2,
backend/internal/handler/admin/system_handler.go,same,productcore,95c376f7ff8aea22697831d53f2e1c045f933058e1169fbcff57b3a6692ba87d,95c376f7ff8aea22697831d53f2e1c045f933058e1169fbcff57b3a6692ba87d,
backend/internal/handler/admin/system_handler_test.go,same,productcore,e45e05957746b51eb5996e663d59e2109f61d1a0ac5d4a3a1f7a4e7c956a1071,e45e05957746b51eb5996e663d59e2109f61d1a0ac5d4a3a1f7a4e7c956a1071,
backend/internal/handler/admin/tls_fingerprint_profile_handler.go,same,runtime_provider,ff6d0d968090bb78f7236e699d00e6f3aa58533083dc574abe5a48f5893ea77a,ff6d0d968090bb78f7236e699d00e6f3aa58533083dc574abe5a48f5893ea77a,
backend/internal/handler/admin/usage_cleanup_handler_test.go,same,productcore,f541b69f82963c1c91c35a56dd79825c1fa3bbb2b0b8bf7a2a9f672faa585701,f541b69f82963c1c91c35a56dd79825c1fa3bbb2b0b8bf7a2a9f672faa585701,
backend/internal/handler/admin/usage_handler.go,different,productcore,fbd272d5540b1de6fabddaac94e8301b4de42b4434e913fd53f24d80ea0a29a0,fa8ee871dc18bad73147e4d4f544722f3a419312d92da508ad4ef6dc88d348e1,
backend/internal/handler/admin/usage_handler_request_type_test.go,different,productcore,e1bf88b65feb29d8f329c9da302a06f810a2ce6ca0118d06a8159f01f923d47a,a0cde94795107b2a83b78de384120f51b762c1f4ee15eef82fdc01d8cdc3e747,
backend/internal/handler/admin/usage_handler_search_users_test.go,same,productcore,cc0a64434f7966039e28dfa60e8cc9370a9960fe346b862dbab9d290673be837,cc0a64434f7966039e28dfa60e8cc9370a9960fe346b862dbab9d290673be837,
backend/internal/handler/admin/usage_handler_sort_test.go,same,productcore,7e85fec1e4787b525269e9c5bb8c2243e19976c032469a2cca16389963bec705,7e85fec1e4787b525269e9c5bb8c2243e19976c032469a2cca16389963bec705,
backend/internal/handler/admin/usage_query_cache.go,different,productcore,f1a2af67cbb76c3d3e6b00c614839e6531541cdb94a4fdb4f8abbb0cddc61942,1207af971b068d1c9aae23d76252d7ff1d327db3c51da9899de07e3f1fcb8bd3,
backend/internal/handler/admin/usage_query_cache_test.go,same,productcore,7d069460b1713d7bf9781eb9e5a78109aba9b208f40074b98ef461fd5d57d884,7d069460b1713d7bf9781eb9e5a78109aba9b208f40074b98ef461fd5d57d884,
backend/internal/handler/admin/user_attribute_handler.go,same,productcore,44ee4d2266af58fd942302f57cc5f66a7dd87a7f4320acf05db0c0872230b4e5,44ee4d2266af58fd942302f57cc5f66a7dd87a7f4320acf05db0c0872230b4e5,
backend/internal/handler/admin/user_handler.go,different,productcore,27e76b76b9552b0a997590d554fa5088aff6e78a6d20e2eaba2fe8da14c03e90,513d703a8102a6f9b464baf42d2609dffd850ffcfc0a5483370bd92c6a11a689,
backend/internal/handler/admin/user_handler_activity_test.go,same,productcore,f4dc298e99a4b0a9b1b75791245b3872fa7ad39865262e775f7ffe308b08cce5,f4dc298e99a4b0a9b1b75791245b3872fa7ad39865262e775f7ffe308b08cce5,
backend/internal/handler/admin/user_handler_batch_limits_test.go,same,productcore,4ddc09741380ea505df235a1546d0f0ad3ff92ea74d6bb76c69241865b21c575,4ddc09741380ea505df235a1546d0f0ad3ff92ea74d6bb76c69241865b21c575,
backend/internal/handler/admin/user_handler_get_deleted_test.go,same,productcore,fddba8324167733c7b060cb274c8078ae541c61e3d0acdc36b4f88619ba230ab,fddba8324167733c7b060cb274c8078ae541c61e3d0acdc36b4f88619ba230ab,
backend/internal/handler/admin/user_handler_list_apikey_group_test.go,official_only,productcore,3c3731ae290eacd848dfae876308c39e8c1f34b520070226c9ba3c012924df13,,
backend/internal/handler/admin/user_handler_role_stepup_test.go,same,productcore,828f4895f836c93de0299c18fc5d53e44e79590232138a67d8536d4d15a5b697,828f4895f836c93de0299c18fc5d53e44e79590232138a67d8536d4d15a5b697,
backend/internal/handler/admin/user_platform_quota_admin_test.go,different,productcore,886d7f17a8ca78d294515c0a1ecff9f84f65c7d765ec60aaabae4dd877f21b61,7ecd85be04d8ced31a71c5368f9c1f943dabf958610bcefebfdda8bea12ddcb7,
backend/internal/handler/admin/user_platform_quotas_handler_test.go,same,productcore,084c6fddb2a10b2513ad049982b81e6f3e9a91db2a1a38ab66e82fd1876a4e87,084c6fddb2a10b2513ad049982b81e6f3e9a91db2a1a38ab66e82fd1876a4e87,
backend/internal/handler/announcement_handler.go,same,productcore,e49efd4665d691c46679d91eac4cb754452cffa64b9f83a8b03d359bfec4e468,e49efd4665d691c46679d91eac4cb754452cffa64b9f83a8b03d359bfec4e468,
backend/internal/handler/api_key_handler.go,different,productcore,c90e3b91225c9e86395fe6f24cd46da55492c348c6a4756100d8ddbcf5c229ec,a4d19d02e2607d5a3dad8b818d2b2ba372447f5c6d297819d5c8604f5b9b392e,
backend/internal/handler/api_key_handler_validation_test.go,official_only,productcore,c7a6ea51e9084a3e95d22e7e83b158d7a8ddbb8403831ed5b45432cc4ecede03,,
backend/internal/handler/api_key_platform_pool_handler_test.go,current_only,productcore,,af63cbb3a420b5dc19a6aefaa263f1f73b1b65293ce714ff3410cf4723e8746d,
backend/internal/handler/auth_captcha_request_test.go,official_only,productcore,0ef34caa43c8ea163f1ec0c1aa1d270c7dd7d4e803fda44961f0d3c7e84e2326,,
backend/internal/handler/auth_current_user_test.go,different,productcore,d1159ee3e0354a151460b0c049764d1923b115bfda7b61a2a97ba94ec350f35a,47ed41f8a533b2537cda513c4ddd555653ef11acb05737b3e4cb4e403c9d2c8d,
backend/internal/handler/auth_dingtalk_client.go,same,productcore,8d03cc73761f359494cf31a8d11fb52d141085a4938743517e363f041d05f89b,8d03cc73761f359494cf31a8d11fb52d141085a4938743517e363f041d05f89b,
backend/internal/handler/auth_dingtalk_client_test.go,same,productcore,16f283ca1e061b924ad0d0bf02843399b3a099c39b89071ea44e237d9885ed5e,16f283ca1e061b924ad0d0bf02843399b3a099c39b89071ea44e237d9885ed5e,
backend/internal/handler/auth_dingtalk_oauth.go,different,productcore,a362a900c390f22ee23e4a72de90d82aee00f6f012fc006182eebca2b8e36276,cc020a5570a4bd81ee57508afe3a025fd09d66a4453d9b135201ec655ac1caf3,
backend/internal/handler/auth_dingtalk_oauth_test.go,same,productcore,bac61fe092d4d56262d7efda639fde0e2059d7f6b190cbd78b873092130ac4d2,bac61fe092d4d56262d7efda639fde0e2059d7f6b190cbd78b873092130ac4d2,
backend/internal/handler/auth_email_oauth.go,different,productcore,c286e2c599b3e37c58a2d248149f432649521722da791c909533f28377ff0712,f9048cdd67ec5b930baf87b93148fd7fafadc97ad9d22107337158696fa6efb6,
backend/internal/handler/auth_email_oauth_test.go,same,productcore,8b51e7006604a4298b23d382676e804ca7ab0b4a6b261c56d2c241a3cd4d9527,8b51e7006604a4298b23d382676e804ca7ab0b4a6b261c56d2c241a3cd4d9527,
backend/internal/handler/auth_handler.go,different,productcore,772ca95f629cfacfd1e8f9d8f193e40257f53a4a6848917b82445a280ebdf0f4,86f9670c5fb58ad84b98ba4d22f6efae707d5237514d38d9d533ede1dbd6c21e,
backend/internal/handler/auth_linuxdo_oauth.go,different,productcore,d947ee9020deb21f3f7ac8e2e455856a7326ee293215550479088667f0b2416f,ed0dfb1a33b43667f3c8a04dffcf08f3a24b11c8454ddf6ad21acd9e7d864e59,
backend/internal/handler/auth_linuxdo_oauth_test.go,same,productcore,4a3a276979044b96224018d678c1140e40b9151edcc28056d6edf683e4aa996f,4a3a276979044b96224018d678c1140e40b9151edcc28056d6edf683e4aa996f,
backend/internal/handler/auth_oauth_captcha_start.go,official_only,productcore,66b0c7af7a08b5cc8e59af9f6af6edafac1e76dcc8cfa4fa9840986ccf10a9aa,,
backend/internal/handler/auth_oauth_captcha_start_test.go,official_only,productcore,943eeb74420411f2c2a95878fabe7b7cad2772d33bc45d988e931c9e065ef1cc,,
backend/internal/handler/auth_oauth_logout_test.go,same,productcore,cf638c3e93393ee09348b688b03bce6ee653bc9dd4cc65fd4fc2aa8aab063326,cf638c3e93393ee09348b688b03bce6ee653bc9dd4cc65fd4fc2aa8aab063326,
backend/internal/handler/auth_oauth_pending_flow.go,different,productcore,7a9255d0cc3130af37f36640a4d992e2049e873be0f3787c02c7f3cbba837b70,63869c4834020de77e2ce4eca3c8594b7ae6798f68412422b3a152a09e5e27ea,
backend/internal/handler/auth_oauth_pending_flow_test.go,different,productcore,12b436824e53c34d46e7507733775643b2dfb929ff9f06fe14dd47c002b65566,8e490556fe83b23bb6af029af682b09f6392636a1dc28997a062038544ffdb3e,
backend/internal/handler/auth_oauth_test_helpers_test.go,same,productcore,d03fc5b9fd0cd145430269b57d6004908694742295477b5f771a7f10bf6d7498,d03fc5b9fd0cd145430269b57d6004908694742295477b5f771a7f10bf6d7498,
backend/internal/handler/auth_oidc_oauth.go,different,productcore,2c1e77c6c3afffd11ee6eee9b1961e9416334fcef564a3f8e6d10a50ea6c9616,9a2a699ddf4f1edb413bfea7393b9f69a4ef7019fad84a7a6be0222ce0e44ef6,
backend/internal/handler/auth_oidc_oauth_test.go,same,productcore,b5dc8a54a951a3fb3a9a052965911533ce05d0b473d81393217d11a8328c19a6,b5dc8a54a951a3fb3a9a052965911533ce05d0b473d81393217d11a8328c19a6,
backend/internal/handler/auth_session_revocation_test.go,same,productcore,04e15b5107e1a33849fe87738e3fcd9da8fe2480a0dae40a50600a1e38dbb25f,04e15b5107e1a33849fe87738e3fcd9da8fe2480a0dae40a50600a1e38dbb25f,
backend/internal/handler/auth_wechat_oauth.go,different,productcore,c861d9981001c2110b13a76a2a6daada15b6825ca3b44cfa4f31f5678c509639,7bac0ff68ab7acffb04612136fea21a20065eb3c8ab0da844e91c3ce7399bb22,
backend/internal/handler/auth_wechat_oauth_test.go,different,productcore,b26507f91c2d35a796ce2e3b4068759738984ade1fa657872a54fceedd4b002c,c764aca3652b36b639aff9bfe48e39522a2757a022ac8289efe603d4365153cf,
backend/internal/handler/available_channel_handler.go,official_only,productcore,41ab64d7b27df2ceb6991f60c188d3fe75f82e7de718c87af47221ab0c51ee37,,
backend/internal/handler/available_channel_handler_test.go,official_only,productcore,a991e3f0dfb40f3c0eed1ac5fd3756b4ce3575694bec20eed9a9307b8066ceeb,,
backend/internal/handler/available_platform_handler.go,current_only,productcore,,01aab6133896eb729a05a46ecab0b039a21139f5dd5243ac00de196558693058,
backend/internal/handler/available_platform_handler_test.go,current_only,productcore,,406efadec0f6d8da61ba8558f2f9fb5274e8722ead6af5516b606f03db17e5f5,
backend/internal/handler/batch_image_handler.go,different,runtime_protocol,71e7cb1f2a2e8c4fbaaf633988f811b4638f4c6ed9b7917ebbd7937516a7567f,4bfe70c5e8b4ef95f9ce8e9db60bbb1e2e76bb4091634275583d5ef10dfe6ae2,
backend/internal/handler/channel_monitor_user_handler.go,different,productcore,23179ec5eb54b1a19888dde2f52ab5e431cc2e915c944b1ccf1a3ee237b0df64,fc61fba0323edac7d564ed1285fa43ec163ada9cb864aa81c0e3cd547c091e66,
backend/internal/handler/channel_monitor_v2_handler.go,official_only,productcore,6c578ae2ae32ac2435926791cc9625a3d6c18c350ad5bac93fbdd3f89ee2d479,,
backend/internal/handler/channel_monitor_v2_handler_test.go,official_only,productcore,c4370bad62f5bbe99c5e2dacb63e2d22ab5282cdf74944af44d72eb6f67e1e6c,,
backend/internal/handler/chat_completions_image_model_test.go,same,test,ad893e583f7231c1d77c9fe29be00b77f37a8e27857c4c012990319d9887d277,ad893e583f7231c1d77c9fe29be00b77f37a8e27857c4c012990319d9887d277,
backend/internal/handler/composite_platform.go,official_only,runtime_provider,2f087224555dc4df855dcde175df82beb8ce6f259f07e5b3fe7b4f7a4fd7fd96,,
backend/internal/handler/composite_platform_test.go,official_only,runtime_provider,0dee531e7a83eaaa64d2540fcc197f7ad0a80b22a782d3bb3b7074b8ff7c34f5,,
backend/internal/handler/concurrency_error_response.go,same,runtime_protocol,87ed4ea0545d78245d87af08864d37fc7a0ffbd2fbf6d7c7a1ce34f499aaa10c,87ed4ea0545d78245d87af08864d37fc7a0ffbd2fbf6d7c7a1ce34f499aaa10c,
backend/internal/handler/concurrency_error_response_test.go,same,runtime_protocol,3e8210fa53f821f4e748351e8a494996ea75d51838072d13b7577eb03a2e9bb4,3e8210fa53f821f4e748351e8a494996ea75d51838072d13b7577eb03a2e9bb4,
backend/internal/handler/content_moderation_helper.go,different,productcore,7ecff893cdaffdabdd9a7b64461fc47e2e86f7bd4d1f68bca6f952ce2a76d1d0,cf3ea05b377105b9fe05367dedd515690a6b3ce473be51a8caacbc6aab9fc89a,
backend/internal/handler/dto/account_mapper_redact_test.go,same,productcore,fad3540be3949cbe4490d0ee96ef865431f761dc5e9b9a256cca4eefd0d3eb35,fad3540be3949cbe4490d0ee96ef865431f761dc5e9b9a256cca4eefd0d3eb35,
backend/internal/handler/dto/account_platform_pool_mapper_test.go,current_only,productcore,,a84a071671bfdae3ffeaa88fab7ec148e06920e6d390d4d28f6234265df26b7b,
backend/internal/handler/dto/announcement.go,same,productcore,b5d3745d43d038cb8d44a5db583a831efd2289ec4a1641f24aa2e2989a26bda8,b5d3745d43d038cb8d44a5db583a831efd2289ec4a1641f24aa2e2989a26bda8,
backend/internal/handler/dto/api_key_mapper_last_used_test.go,same,productcore,e8092becbb00fef4c41d8fb099b469744911eec9803854efb72d3fab352cbffb,e8092becbb00fef4c41d8fb099b469744911eec9803854efb72d3fab352cbffb,
backend/internal/handler/dto/channel_monitor.go,same,productcore,ab3f85e5b57cdec3aec2ad2405312d631b19ad92bbe3540a3e85057b3b1db256,ab3f85e5b57cdec3aec2ad2405312d631b19ad92bbe3540a3e85057b3b1db256,
backend/internal/handler/dto/credentials_redact.go,same,productcore,7c8e2566ab1333d63fb19351d5adcc2162c732e9078c3d97f128d2dde844d27d,7c8e2566ab1333d63fb19351d5adcc2162c732e9078c3d97f128d2dde844d27d,
backend/internal/handler/dto/credentials_redact_test.go,same,productcore,0599efc56f97147d234daa1a6efdc701418003c92dec1263c421093dd785e2f2,0599efc56f97147d234daa1a6efdc701418003c92dec1263c421093dd785e2f2,
backend/internal/handler/dto/group_mapper_openai_fast_test.go,official_only,productcore,f9d1b5f0e268ca0b0524653a042ca716bf8f07b46c249cf16897d5848c0cdd3f,,
backend/internal/handler/dto/group_mapper_profit_visibility_test.go,official_only,productcore,564200c0592045fdf727ba3bd24da1c92b0b2bd6bbda9eaedaca767f3350d48b,,
backend/internal/handler/dto/mappers.go,different,productcore,f16afd5dbd91a0fb247f4a1fb7c6524f89031540af311b86e96e753bf2c01573,7a79e2b0f20815f54679cd9c9c06bbf41bf85c20a60c15109f3fb009dcdd8665,
backend/internal/handler/dto/mappers_deleted_user_test.go,same,productcore,7faa9071b20b2f68fed559fee177edfd89e021dd042ae26fd7ccfa7e0da2f63d,7faa9071b20b2f68fed559fee177edfd89e021dd042ae26fd7ccfa7e0da2f63d,
backend/internal/handler/dto/mappers_usage_test.go,different,productcore,8b8db525e7ca6c14844b73f7acf0d5e410028cbb6058f055b541234917c8ff0e,e46a8c318c88532b08a4b94e2837abdb7ae6d69d3a2d1f44772f2241fb90d235,
backend/internal/handler/dto/notify_email_entry.go,same,productcore,9c30263ab13b076e3d32d25efe540e0c2a6680ab9f891d76208a360ff48db6b6,9c30263ab13b076e3d32d25efe540e0c2a6680ab9f891d76208a360ff48db6b6,
backend/internal/handler/dto/public_settings_injection_schema_test.go,different,productcore,25d54564a1dc5371523007a1f775a907b0b4c97c3c0007044580e069cd350f0c,b58b9872fd9d8a00f7d1b3eb5dfffe0a8b1b1c06b8795a3fb193fab6ed9f8e33,
backend/internal/handler/dto/settings.go,different,productcore,c7ed39fd3193cad8136bca464bc0b47d913ec3c98b042c724ee7c0b7a045e335,727f586d249fa694232f59824d8b58582f83c18fc09f19a96aae203868cce4c7,
backend/internal/handler/dto/types.go,different,productcore,99e6a506d71be39551d88e0f3f1e15ae9279c213f9068763d23e9e7deceda018,2658ade9ffb641ec5facdd4b84cc65dd59a4820b7d390fb7f9602dee50e28b6b,
backend/internal/handler/dto/user_mapper_activity_test.go,same,productcore,e8a7940465eacfbe15daa335a14213f41866ecdb77e20b3e8e95290e8180ee13,e8a7940465eacfbe15daa335a14213f41866ecdb77e20b3e8e95290e8180ee13,
backend/internal/handler/dto/user_subscription_snapshot_test.go,current_only,productcore,,5333f82018bd0ba5189c2c96af9f4c70259d1849118411b6d7471629553895a7,
backend/internal/handler/endpoint.go,different,runtime_protocol,a9f7ce8fbfbc6942ead79d8ff4ecf9c0931e1e3daf791a8c38322b6ff119fe0d,53beea9889708ac47d645272a4b0f27974a733a6ed1b709ef04ba9196871586d,
backend/internal/handler/endpoint_test.go,different,test,2d260c5ba7b34e0df8bfed51684302e4009369d22ae25f20a4649960413977d6,ced10b59ee3823d275e3536afc0cc47c40da15c05a638cd017b49de374fc6975,
backend/internal/handler/failover_loop.go,different,runtime_protocol,bc9733c415df26c41f618e1afe21653724253e9596ab75f037aea42b27f2c82c,f71683f93e63301fc6502c9c3002d33802b808a0fc4a537db264a2fa094d83b1,
backend/internal/handler/failover_loop_profit_veto_test.go,official_only,runtime_protocol,2d0fc0a3d86a0e207a24b58024a41ee62d6a3e4fcad2cbddd96b4d71df9f9e8c,,
backend/internal/handler/failover_loop_test.go,different,runtime_protocol,30a611e7ff3cb680d45588ac6ab0c3499b2b0faf53c838da345c862125f06fe0,f1df317135c00840c7cb38c38bb858438a9180891af7f210fc0291f16b1979c0,
backend/internal/handler/gateway_handler.go,different,runtime_protocol,aed9143758a9f7709106b5f04c1bb7f091c30144b1d0648fdc44b7e01e8eac02,d453b718078a836f2b6f4ddbdddad6101ae45ddeda113f599e4c9ede589db0f7,
backend/internal/handler/gateway_handler_billing_error_test.go,official_only,runtime_protocol,c9c42270a0932906974a163548008b1156acfdf2d657daac487918aa1994596d,,
backend/internal/handler/gateway_handler_cancellation_test.go,official_only,runtime_protocol,754d112572ac59a61a7d7160b1c8a5e1257bc3545f5e3da949998d5484280642,,
backend/internal/handler/gateway_handler_chat_completions.go,different,runtime_protocol,9f31abc63ba0a2adc9883c3180f52e0e568246ec183c25a51878f851c9e37927,5db953fc0f384a58aa950a0faf06e9111a18a41a128798bd4101782c65ce4b7b,
backend/internal/handler/gateway_handler_error_fallback_test.go,same,runtime_protocol,d3816e6942810c546874625e1bf173bf7a4b8fe09b0332fb7406675c85f1f03d,d3816e6942810c546874625e1bf173bf7a4b8fe09b0332fb7406675c85f1f03d,
backend/internal/handler/gateway_handler_intercept_test.go,same,runtime_protocol,7d7a53b34bce074f95937e22651d0a08944127d51dc95898ad9fed708df8dd4c,7d7a53b34bce074f95937e22651d0a08944127d51dc95898ad9fed708df8dd4c,
backend/internal/handler/gateway_handler_platform_models_test.go,current_only,runtime_protocol,,a5eb2cc74186aa4ec7d415b22a6c57bb1a184211d3c8bcaee3d5715f5d5b128a,
backend/internal/handler/gateway_handler_responses.go,different,runtime_protocol,a71ca685bea786c6d002c0068853b272fb432aea9442a51071c7f46e308985da,f7ad9b8e5dc6070c6917ad824235ec81e1f7317acf412db71ba22a6a527ecce5,
backend/internal/handler/gateway_handler_stream_failover_test.go,same,runtime_protocol,897be717a6031823d4224a348cfd57630e9d6a3152de96fe854a9eadd043ef9d,897be717a6031823d4224a348cfd57630e9d6a3152de96fe854a9eadd043ef9d,
backend/internal/handler/gateway_handler_subscription_remaining_test.go,current_only,runtime_protocol,,5fbefad2627ade02363fc3e15357757c1d7540b5ae96418e41c93f1b66429b18,
backend/internal/handler/gateway_handler_usage_test.go,different,runtime_protocol,85bb6c2e279fa7e735155b1efc8f5302c6fc36349a2064173b29ab368d871a19,379889fbef98b58ff6c4705823f933a1569da4d4815e5adfcb4caea17aeff816,
backend/internal/handler/gateway_handler_warmup_intercept_unit_test.go,official_only,runtime_protocol,d4fb2dbeaa7e027e9367cde3d986ed1f5baa3077f75bb0abb6423eb5e4b13755,,
backend/internal/handler/gateway_helper.go,different,runtime_protocol,6d865b58bbc4764cd1f6f95b9c92841aab98c81dfd99006b522674bc7c3d6839,e65443b4ffba11fb5c12e1b410ac5fcf1735b43e10300901ac3fb7a4b1d59462,
backend/internal/handler/gateway_helper_backoff_test.go,same,runtime_protocol,ab005fa164e3dc8ed6b7f12a65535ddcdc4b82febbdd822239a822f5477e54dd,ab005fa164e3dc8ed6b7f12a65535ddcdc4b82febbdd822239a822f5477e54dd,
backend/internal/handler/gateway_helper_fastpath_test.go,same,runtime_protocol,30e90736ba15cc5dfa7dffb85c47c4ce564cf940aa08e4923e90d89daa75b300,30e90736ba15cc5dfa7dffb85c47c4ce564cf940aa08e4923e90d89daa75b300,
backend/internal/handler/gateway_helper_hotpath_test.go,same,runtime_protocol,73bd6a1b3665a4d4ef9605cee9f88aca0b54725defd13f013426308f95ece01e,73bd6a1b3665a4d4ef9605cee9f88aca0b54725defd13f013426308f95ece01e,
backend/internal/handler/gateway_helper_test.go,same,runtime_protocol,923028de4528911385d9f1232feeddeaf24198757012801db9527ea536e53204,923028de4528911385d9f1232feeddeaf24198757012801db9527ea536e53204,
backend/internal/handler/gateway_key_billing.go,official_only,productcore,51c78c078de0d353917349a617f50312518c2175e12488baf49bd5bfb2c6d9ac,,
backend/internal/handler/gateway_key_billing_test.go,official_only,productcore,f985d0efb7c84e04a8f11241be25e1efd84a4ec9e06e7c3ff305e2d970c1e5b3,,
backend/internal/handler/gateway_models_test.go,official_only,test,7c35fbddf990aedd14422e51a1d8426b2150e887cb7f7f81b55d52e0c88c632d,,
backend/internal/handler/gateway_web_search.go,official_only,runtime_protocol,e25c65e78b6ec9e4ba67ec035e0a93f9d8774c525966dad0bbc10d2ac91b209f,,
backend/internal/handler/gemini_cli_session_test.go,same,runtime_provider,fc29b4a3721964d15833aeeb8ab356dc4b92c2aa10922dacff87b330cb42ebf6,fc29b4a3721964d15833aeeb8ab356dc4b92c2aa10922dacff87b330cb42ebf6,
backend/internal/handler/gemini_v1beta_handler.go,different,runtime_provider,29ab5dd4842107bb93827e0b5141bd90ce00e2b60ae6fe154d18d09db8d2a7d7,cb925bc13b1d0071c524a81068e430646c46c45429ae4e13948461c9cd3fde26,
backend/internal/handler/gemini_v1beta_handler_test.go,same,runtime_provider,3fb37a300bdab1bb26b4d29ad1217165699487b67348e97a4dbffe8cb05d925f,3fb37a300bdab1bb26b4d29ad1217165699487b67348e97a4dbffe8cb05d925f,
backend/internal/handler/grok_audio.go,official_only,runtime_provider,f4904abaf8e9761487c6dba06fe5af1cd9ee0789092c066d6836620318b40ba3,,
backend/internal/handler/grok_audio_billing_test.go,official_only,runtime_provider,dc0ec8b59b63321cf5e79e0c5bd283fdf0a42e340e06aad04036f386b37f2126,,
backend/internal/handler/grok_media.go,different,runtime_provider,908c53e34227e96b03ad131c707faaec02ed2f7cc236c050ded492fd837543b8,1367e6d3b4de1f275ea21fc27a0e4c4a9bc000c338ae986daf5f194d22341172,
backend/internal/handler/grok_media_test.go,different,runtime_provider,ebf81ed33ce7aa14fadb9796000b98ed57d2ca45752d432c47670ec0f978ddd2,6e7935a0d79a48067c100c3cd97add2db0ad2cb100bf4fc67b53826da26ab4e1,
backend/internal/handler/handler.go,different,infrastructure,7a47fd1f2b4d3940ad1f5cf6cca765dda5ec3a21a063b49ac20c89193ee83e25,77f27899cd8dbe3149445ab6ea2e59c780d8543a52ea023b7f5c5ea7c7be7be7,
backend/internal/handler/idempotency_helper.go,same,productcore,8b6ac6821289cfe10b70600d4ce454c0c56edb901924e3f883031535ae4dfe4b,8b6ac6821289cfe10b70600d4ce454c0c56edb901924e3f883031535ae4dfe4b,
backend/internal/handler/idempotency_helper_test.go,same,productcore,4a19ce29662a935fca5d754c97d10e91b3177dec5f70f8f4e02eda3e472ca3e9,4a19ce29662a935fca5d754c97d10e91b3177dec5f70f8f4e02eda3e472ca3e9,
backend/internal/handler/image_concurrency_limiter.go,same,runtime_protocol,a04fd664ee88136374806b2de37ec40bf01cab60ea9f8512d7dc8b3d72500f5a,a04fd664ee88136374806b2de37ec40bf01cab60ea9f8512d7dc8b3d72500f5a,
backend/internal/handler/image_concurrency_limiter_test.go,official_only,runtime_protocol,6faf9a412ec35aac7a53bd5a3e037d641afd34817b56eaa37d8bf64cf87c3d60,,
backend/internal/handler/image_task_admin_toggle_test.go,official_only,runtime_protocol,d8685152d86464d074f8dd00c10f89c6b0df0e1fafb82edbc07882929a17d9a6,,
backend/internal/handler/image_task_handler.go,different,runtime_protocol,7138e1953441f1b0eaf0f7ce318bfb247ffd8f27d20e654747af9dc966a93053,5246d34dd226048ff953a663121cc56be2e246914b3d374f1f6df83f453b9fe0,
backend/internal/handler/image_task_handler_test.go,official_only,runtime_protocol,f7da69c072be30c47d15bc55803c64a706791a891041b58c48a0245261339e36,,
backend/internal/handler/logging.go,same,infrastructure,822b1c6aed073fff04d5df16856fe7626928b717c049c149d41dfb67f9704a36,822b1c6aed073fff04d5df16856fe7626928b717c049c149d41dfb67f9704a36,
backend/internal/handler/model_plaza_handler.go,different,productcore,2362a27e62790f7287953be6b08fddbf638f743a7242a3ef3dcf3264aaf0779b,1783559e090655e43d18d39bb307578f5845e717cd9750e242c31265b2b7f5fd,
backend/internal/handler/model_plaza_handler_test.go,different,productcore,9ee74e74e94559087d13a1bea1b2c740390dd5dcb006a758a2ab65fdca762fe3,9445bcc34c6758260529820dec7ddb28ea27ee620557f95fbc331accb5ec7ad0,
backend/internal/handler/model_target_platform.go,current_only,productcore,,d546d136c6c866397446030402c69c62afe8b16867608ddadff6b4d97731bc2f,
backend/internal/handler/no_account_error.go,different,runtime_protocol,538d43be9794f293a435ec0e9a8f5a5e9188ec7de04859d97b6bc75dadc47e1b,bde43d856863e48a9ec49e044236d74cba980fe2cb6dd410b426810b77654698,
backend/internal/handler/no_account_error_test.go,official_only,runtime_protocol,e975689513c6cbf00389649840251544341be10a5367faaab29825a59e674928,,
backend/internal/handler/openai_alpha_search.go,different,runtime_provider,131a0ad70e17683d0b8a105c5da872a95be5c12e39d5a16fa59e577cb2d57592,2990297c105cdd49ecff83ce263ed0c4602c6b4983ced9801f4748adbb79d824,
backend/internal/handler/openai_automation_bootstrap_test.go,same,runtime_provider,0fee72843827006b8b252684b4cc20f29cff85b551013bda9983390f9089691e,0fee72843827006b8b252684b4cc20f29cff85b551013bda9983390f9089691e,
backend/internal/handler/openai_body_limit_failover_test.go,same,runtime_provider,1389b06deb93038b63ea1b815204d0d5e669c0d0debd8275a0cc3802d4016cdc,1389b06deb93038b63ea1b815204d0d5e669c0d0debd8275a0cc3802d4016cdc,
backend/internal/handler/openai_chat_completions.go,different,runtime_provider,c4fc94f70ad69c9897370bef11cdd7956887ded4ce74eb0cd1ebc9fbbf7dc60f,437bd4ddb532174c15ce4ea92c76fba38b1d45bb509f55ec9747c5b941adb297,
backend/internal/handler/openai_codex_bootstrap.go,current_only,runtime_provider,,494caeb2a7600008a71fe631dee6baa4bc2f7e16ceadfaf582b8727dd731e3c0,
backend/internal/handler/openai_codex_models_handler.go,different,runtime_provider,27683c6f3d988141547fd1d5555f5297ea809ee23e2707cd97bbc571c02a897a,d46277acbcb7ed557d62a7754a2a867814347fcfbbce8b146b0905fbfbc5a416,
backend/internal/handler/openai_codex_models_handler_test.go,official_only,runtime_provider,2eb58c00face0fe45b21c838adc7a83f49585be0f644e1b131512ea98d293dd0,,
backend/internal/handler/openai_delegation_bootstrap_test.go,same,runtime_provider,8d7611b25b7059c3c92979e7b666bbec5295c0001a25878f896492070cf1d41f,8d7611b25b7059c3c92979e7b666bbec5295c0001a25878f896492070cf1d41f,
backend/internal/handler/openai_embeddings.go,different,runtime_provider,6a0aa32a4c9c1072cc383fa311eb2c17bda4044d1ddd962b75e767e256d8405a,768fecdbc6d7b28dc1566d0e4fbd27234a1ff1d2ecb00c42ea6d3129dc0e1ca7,
backend/internal/handler/openai_gateway_cn_dispatch_test.go,official_only,runtime_provider,0adb895fc82e315f5bf7d376840750c141e72e506993d616f1873b7725195104,,
backend/internal/handler/openai_gateway_compact_body_signal_test.go,different,runtime_provider,ae006c300fa2fb9ff28b5fab209af29f3548292236da47032425d399eb62ab81,b15dd87e44babc29a6f461d82f985bce8986196a218e08686b3564a7a1516fac,
backend/internal/handler/openai_gateway_compact_log_test.go,different,runtime_provider,2b9f16cf765f0da800cf4e68d9beaeeeb004e49e641d7d359ca432291c223bb8,f91c9c83ffef4c5cefe71c39c332bc52949b5993c90253c157d54ef361c619ec,
backend/internal/handler/openai_gateway_count_tokens.go,different,runtime_provider,9de42177d51a829caa1629f9a872c8db472bf9cce3250fef3f7b27dc8d4b7db8,998d721d295d6d8bb6b43de3063c10cf0d08b7093601716b15050a5ee341faf6,
backend/internal/handler/openai_gateway_credential_failover_loop_test.go,official_only,runtime_provider,6edd5736361506e6a2ba31dc608fe8630f1e332f2a5d372dca8901d5ddba2c0c,,
backend/internal/handler/openai_gateway_credential_failover_test.go,different,runtime_provider,7310624621aadd7d01ea866a13139abf3592dadd6f6217cdbe6ce1950f598801,956e4aa35caee51b6cec88091e74e0aafff9d459b5c1935ad0536fb9733265c0,
backend/internal/handler/openai_gateway_cyber_test.go,different,runtime_provider,046e8968b97a11d4dd268ad3019230cf27d0d574666c1ea0b80c89b0fcd55b52,1ff84eec5c3cebb851b1fa0eec7d19c14307f1ba56c5f571b78e5b7cc9e89ce9,
backend/internal/handler/openai_gateway_endpoint_normalization_test.go,same,runtime_provider,7216f8360ad38b3dea10446c14603d39de72207b98c750eb7ebc8bbca931bf1a,7216f8360ad38b3dea10446c14603d39de72207b98c750eb7ebc8bbca931bf1a,
backend/internal/handler/openai_gateway_first_output_timeout_test.go,same,runtime_provider,c5d949cf5f1a79c2053032101bdf18ad75a750c12f57584058e20aeaffc33eae,c5d949cf5f1a79c2053032101bdf18ad75a750c12f57584058e20aeaffc33eae,
backend/internal/handler/openai_gateway_handler.go,different,runtime_provider,fbbfa18df710a4724c3267d94b1bbdbb3bac6d3026cb2201746786e2c3d9d17e,fd19d1d7423f5e8e0436ddbd357a4811d149cb544875620b28bb73201f257791,
backend/internal/handler/openai_gateway_handler_test.go,official_only,runtime_provider,16625e0aa9f40147ed1d1d65e34f8dc281798cf0d5d80e092162e59ec667f540,,
backend/internal/handler/openai_gateway_reasoning_failover.go,same,runtime_provider,196e70d42432ff07f671f96b986be6a27b796fa24578b12e8afd73973c26550d,196e70d42432ff07f671f96b986be6a27b796fa24578b12e8afd73973c26550d,
backend/internal/handler/openai_gateway_reasoning_failover_test.go,same,runtime_provider,369a70f99f4297d1b27c5b71c7cb095f99c0476a797eacf32dbaefc853834696,369a70f99f4297d1b27c5b71c7cb095f99c0476a797eacf32dbaefc853834696,
backend/internal/handler/openai_gateway_usage_context_test.go,different,runtime_provider,9aa7a9f284f40b17a6fbf2682ee6a689c9047c3c94a480a312cbd141d98c3328,e95809eef699b01924854b05aec083d265da2daf16958c9503b1504d55effbda,
backend/internal/handler/openai_gateway_ws_failover_resume_test.go,different,runtime_provider,e5a31d0b8c68d8e6283704ed0d8861048351c68464943b3aa797e3b2ce698ee7,10ee12fe40ec12390fe70fd3656f13c8e466cf98b255d1c8b14a5a4037ddf74d,
backend/internal/handler/openai_grok_image_intent_gate_test.go,official_only,runtime_provider,bc39d1a0e15b02b49b9cc29e56e0f23f9acae10f936dd0f0d5e7c86ec6dac8b2,,
backend/internal/handler/openai_image_intent_hint_test.go,same,runtime_provider,615648f2cfc92257db16a56b74e84e1473f705b7d525176a8c02ccc535eb0757,615648f2cfc92257db16a56b74e84e1473f705b7d525176a8c02ccc535eb0757,
backend/internal/handler/openai_images.go,different,runtime_provider,01ca86c8ec3bc01a777c01b96268f4abf8e78c2ebdd7dce7fb49b7a480b16723,457d584b029bf1bdca3d49acbd720f2f3e7e7498436523c505c17b8ad3c9ff9c,
backend/internal/handler/openai_images_controls_test.go,official_only,runtime_provider,edbf26e6c173e432b873f6f3588108cd859aa08c1392e9d1d74af1fae52d49f2,,
backend/internal/handler/openai_images_failover_test.go,official_only,runtime_provider,527f2eeb34350389d9c8f3915739d6c0a2c1d3acff0977b31b689ce7a5318267,,
backend/internal/handler/openai_live.go,different,runtime_provider,e847801682c10b815b6beab0237d6a6c2c566c5d6c6e60868a53318fc2678994,e82f105a8a7bb604ce84e7727235294b73dcb206a11cf6e3d1d398cee1727ec5,
backend/internal/handler/openai_live_test.go,official_only,runtime_provider,e8c84c7826ea11920ebc3fa0600c45664f6c5773edb64a7bee67093c9b5c38fe,,
backend/internal/handler/openai_profit_slot_recheck_test.go,official_only,runtime_provider,f5a58dff417cf65bab5941b428d0418e27b9f287bbe19d03a6917222e2971112,,
backend/internal/handler/openai_profit_veto_budget_test.go,official_only,runtime_provider,067710f35090b76edb84164f88787801e933db1c0a14a0931fd640f7b7abc67e,,
backend/internal/handler/openai_quota_platform_contract_test.go,same,runtime_provider,0d20ed3189ed00a6e4df3ae7a6a6d6656e3a740632a5abba77e571c49966501b,0d20ed3189ed00a6e4df3ae7a6a6d6656e3a740632a5abba77e571c49966501b,
backend/internal/handler/openai_responses_failover_cancel_test.go,official_only,runtime_provider,c148fe31a5429c073eaaacbb91f07d0688f06740619e598528969ec0787dae5a,,
backend/internal/handler/openai_responses_image_intent_benchmark_test.go,same,runtime_provider,a0e11b43e5e44444b11faed330e745e6dfc50ffe28f2b4d992fc66de928b9236,a0e11b43e5e44444b11faed330e745e6dfc50ffe28f2b4d992fc66de928b9236,
backend/internal/handler/openai_responses_input_tokens_test.go,different,runtime_provider,c70bedd67bb118f0bdc30e094ffeecc100823fe185e80f1da88a58de065bb8d8,2be4e3f0109ccafe3b3e765fafce83f6d6b225eaafe1fba640f35de1d174ad2a,
backend/internal/handler/openai_service_tier_validation_test.go,official_only,runtime_provider,a9542ceda9310275bbb52fefc955fcf9ba4c17f835482c1406eb85ccc4cd6f4b,,
backend/internal/handler/openai_stream_validation.go,same,runtime_provider,e530ed4fa37545fef28910ca542ab3df64172dbac4de85cfc9a8bf458ff6dcfa,e530ed4fa37545fef28910ca542ab3df64172dbac4de85cfc9a8bf458ff6dcfa,
backend/internal/handler/openai_stream_validation_test.go,official_only,runtime_provider,9ea9743741b57e223055697c7c547a2d06c6c3f0061ad5607749dff9303407c3,,
backend/internal/handler/openai_ws_client_close_attribution_test.go,same,runtime_provider,9708a787b304109533f0ef13dbf583950f099820f554cf0cb1e686f8408ef9e0,9708a787b304109533f0ef13dbf583950f099820f554cf0cb1e686f8408ef9e0,
backend/internal/handler/openai_ws_turn_pricing_test.go,official_only,runtime_provider,2f93dc8c5dfe7d6d83c7c5fa413633c101d55498bef1a5ac6f30f59c80bb573a,,
backend/internal/handler/openai_ws_v2_passthrough_cyber_test.go,official_only,runtime_provider,a62d866634960782a142add2e0c45e399eca126f978ef8a2add8b982a38b3cbf,,
backend/internal/handler/openai_x_search.go,official_only,runtime_provider,0d63afecf5cb94846837b1e85bb2ac7975458053df61b02e99168b16d7bf01a1,,
backend/internal/handler/openai_x_search_test.go,official_only,runtime_provider,9f66a241bbddd3364e15fb9af629464a2efe5435f889883491e98185e5689d5c,,
backend/internal/handler/ops_capture_writer_nil_test.go,different,productcore,512156ea079d18aae48996a54babac6aa8d06067f7d5b7082e88c5b44eaeb491,daca4d97a1acbc00c0859d44f814b419a2e9a5216d72ecbdaf932cd81339c135,
backend/internal/handler/ops_error_logger.go,different,productcore,bd75bee06bcd03adcaccef1c6cce5a89d99da0fceb4f3662f53808530aa92e2a,1a05f576ea1a58d9039d1627b5e40cb590b5d94ebb39420b899e4ad64a54c56f,
backend/internal/handler/ops_error_logger_attribution_test.go,same,productcore,b885bf2a3d57172e37ff5555f5060706445bd0d23cee80849f4a73cbd20befb6,b885bf2a3d57172e37ff5555f5060706445bd0d23cee80849f4a73cbd20befb6,
backend/internal/handler/ops_error_logger_cyber_test.go,same,productcore,39dcd1fdd2e872dc686aeb8d7c94ea1cf2600246ddf993246dd58b71cd923a7e,39dcd1fdd2e872dc686aeb8d7c94ea1cf2600246ddf993246dd58b71cd923a7e,
backend/internal/handler/ops_error_logger_test.go,different,productcore,e43401aaacd028e7e3c2c10f509863cb8fc3128445ff001533794d57ef187124,770b39484e6ef092db23421c0a8f855e0250cebaa5caa8da31f1d53461d9da11,
backend/internal/handler/ops_ingress_reject_capture_test.go,different,productcore,405fb6df3f00a08ddd06aec8e8aa3cf46ed7d2dc8267a0ba9f4c50306895c0c1,2b9309a15846d63a608234ccef5b890962a08b15ca240ac2ec1421920324c148,
backend/internal/handler/ops_platform_test.go,different,productcore,7660036b51f4e2648ed8d78f25f6dd48af1b9b26298848f92828a526da670a0b,383595af2324f22c607e103626e8abc94eec56fb091d60876496d71f1f00f8a6,
backend/internal/handler/page_handler.go,same,infrastructure,a4d1026e1fde2b2c7611cd0e9b6f0d1c7ccb8d8175cba646999c5cfc6b881643,a4d1026e1fde2b2c7611cd0e9b6f0d1c7ccb8d8175cba646999c5cfc6b881643,
backend/internal/handler/page_handler_test.go,same,test,db63c33117bcde803b276ad544ad14ff116a3b321a6eb76690369fd3f8c5a78e,db63c33117bcde803b276ad544ad14ff116a3b321a6eb76690369fd3f8c5a78e,
backend/internal/handler/passkey_handler.go,different,productcore,de9b593dcc0f9007d755b02f23accc3c6ffbb70771ccbb679bd9dd806846ab5b,ca2f1f03723c056a22a771ef3141d1f8819c339e17aff4fa4f28f2f95ffd30c7,
backend/internal/handler/passkey_handler_test.go,different,productcore,d0e3678d9c45fec40fd40ccd121555b20aea1b14da79c55cd33e6e054e17c822,6bff4f01f9da874823811eaf8b49bc850a3545a5717fcaee5d5622f546a7f4bd,
backend/internal/handler/payment_handler.go,different,productcore,1a6e64b783b2fa61d8d7952a0bb5c7fbae86b27c9d6206b7de3e95fc8098612f,1c88b216de401771daa4e8e14276a496880e7b54e89c68b76e5f229db7e4b600,
backend/internal/handler/payment_handler_resume_test.go,different,productcore,129aaa23c50245110b7f3ecbdb6cee297031142f34bef5aa065d08e1e3b3de9e,83e91d9629c09c2cdca3dad93bc0243ff8380ae27bbd6958a7d45112d78c999b,
backend/internal/handler/payment_webhook_handler.go,same,productcore,e260b12720611398344dfca6ea149ed3f64c408d5d6b44ad4f5d4a822b151c62,e260b12720611398344dfca6ea149ed3f64c408d5d6b44ad4f5d4a822b151c62,
backend/internal/handler/payment_webhook_handler_test.go,same,productcore,6e6584f7ec18279a6b6b358fee28dd01c060b191ae046b7ed65593844365aafa,6e6584f7ec18279a6b6b358fee28dd01c060b191ae046b7ed65593844365aafa,
backend/internal/handler/quotaview/helpers.go,same,runtime_provider,1f5d1ec30bd7ff405c200c7dafc109de73b9ca69ccbb6b8b88772db88b8d6ee1,1f5d1ec30bd7ff405c200c7dafc109de73b9ca69ccbb6b8b88772db88b8d6ee1,
backend/internal/handler/quotaview/helpers_test.go,same,runtime_provider,1cf468df00eaa7aa19e433a7ebd18bfc768cea94d2f24bfa5889e122b559aea8,1cf468df00eaa7aa19e433a7ebd18bfc768cea94d2f24bfa5889e122b559aea8,
backend/internal/handler/redeem_handler.go,same,productcore,e8bc5007ceb3250379f4048de490477e47942d87288cb64e1a3b7008205ed01b,e8bc5007ceb3250379f4048de490477e47942d87288cb64e1a3b7008205ed01b,
backend/internal/handler/request_body_limit.go,same,runtime_protocol,5a56a58037f2a2fa703dc208a87ffc55d3662c366c6eeb9ae5738177750fe00c,5a56a58037f2a2fa703dc208a87ffc55d3662c366c6eeb9ae5738177750fe00c,
backend/internal/handler/request_body_limit_test.go,same,runtime_protocol,710fb6425e20982b557e47d464136f8229bef3f2b9426bb5b1a3097d621009c1,710fb6425e20982b557e47d464136f8229bef3f2b9426bb5b1a3097d621009c1,
backend/internal/handler/request_body_parse_log.go,same,runtime_protocol,14348c9540b372b2fb2b6702feee267ebccebb2c75447f8a36fcdbf5ef07b852,14348c9540b372b2fb2b6702feee267ebccebb2c75447f8a36fcdbf5ef07b852,
backend/internal/handler/request_body_parse_log_test.go,same,runtime_protocol,e3a21825b381a4121e1177c50cd46c6d8c25c97b0fd299239e82d1cfff55bcfa,e3a21825b381a4121e1177c50cd46c6d8c25c97b0fd299239e82d1cfff55bcfa,
backend/internal/handler/request_body_read_log.go,official_only,runtime_protocol,3904a2001250b7186027d8e7a08923e1ff59bab5d2ec9d16dad90daa23bc22ca,,
backend/internal/handler/request_body_read_log_test.go,official_only,runtime_protocol,537decff363b0b4f04730a5f60357e9d4e679f4f598de5d25936b8a865638335,,
backend/internal/handler/runtime_boundary_contract_test.go,current_only,runtime_protocol,,be221558fc1604be37c2bb2809c5430fe9212f2f6b0c65915b8ef99426a8dc01,
backend/internal/handler/runtime_http_exchange.go,current_only,runtime_protocol,,a6e64f7570ee10a621ff8b4e8c160e7a715349cb3e6d624953481d25eab7c92d,
backend/internal/handler/runtime_http_exchange_test.go,current_only,runtime_protocol,,45c232e7fb7c3fa38ae4555135a0db7d1459f3449055c6836c3d4c124c7bc554,
backend/internal/handler/runtime_ingress.go,current_only,runtime_protocol,,d904aade4d73185eec4cdb3c63540f8db8cd64c8509e39cac6b63db508df8843,
backend/internal/handler/runtime_ingress_preflight.go,current_only,runtime_protocol,,9c799e06fe8d9ddeb17635e5bae7fcc6cd358ee825822fefdefd73e8293cb3f9,
backend/internal/handler/runtime_ingress_preflight_test.go,current_only,runtime_protocol,,85da598b0ce1b9432c9c6e2c6f838fb05934434dc4e8b706f69c8c900f83d42d,
backend/internal/handler/runtime_ingress_test.go,current_only,runtime_protocol,,97719bb335fca2e8411e6fd2e04de842db7fb7ba1ea6f125d2bd6bb34f0d84ea,
backend/internal/handler/runtime_usage_bridge.go,current_only,runtime_protocol,,0983a677a39042de1b3654f7a516b101f41ea535e589c4d636107fc2ffbe9496,
backend/internal/handler/runtime_usage_bridge_test.go,current_only,runtime_protocol,,bd2612a220eb5b07bbbb231b8818ea6ceb82011190da291d50757c49e44a8bf7,
backend/internal/handler/security_audit_errors.go,same,productcore,73bd4c4b69f44f9a94cab39548362c84dcd9840c6888ddcb9991d089bec95915,73bd4c4b69f44f9a94cab39548362c84dcd9840c6888ddcb9991d089bec95915,
backend/internal/handler/security_audit_errors_test.go,same,productcore,fdb2027863dc1d8524eb0f0ee10d5aa14f463dc4c32a17982b7cf148f2838e8b,fdb2027863dc1d8524eb0f0ee10d5aa14f463dc4c32a17982b7cf148f2838e8b,
backend/internal/handler/security_audit_helper.go,different,productcore,992613b4a8ba67a2a0c05d48ca898c4faf3622dd8c37d254163d5172f494119e,8b160b4c2db76459158f8994dcd898c7a2a0bf09e78dcf064ac38aa34acd7b89,
backend/internal/handler/security_audit_helper_test.go,different,productcore,67d38095ee25a67d3435e454126e3ba1145b0a2045ce66c660195e48979397da,f911a7d8e3a8ad5865d064dfb1c50029d13d17233dbe90be5e40f3bf00cad904,
backend/internal/handler/security_audit_media_submit_test.go,official_only,productcore,27d6a74ffaeb2b551fae5bbff23c13efe343452c6ce76036cf61ed08b9b3968a,,
backend/internal/handler/security_audit_order_test.go,different,productcore,74116f62d74ba55f3344e4ec8ce2de6408816bd6fcdb5699b3e884113649235f,e2a6bec1c3a4c1239d0c101436bca5f62e01b9d67cf56838ec3c4383a18d9e0f,
backend/internal/handler/setting_handler.go,different,productcore,4a7e8fc4fbd3938103fbe6b3fa2dc19bd6838681542260ce8e510c120d0d577f,9aa163085a80a1d61999813ba4e996f81ef7f18b3267aac2dfaa364af20cb066,
backend/internal/handler/setting_handler_public_test.go,different,productcore,93144ca4516e7eb38e85c1561680a86ccc9ebfa360ca5586b4e8f9f254fafafa,4bef15400fce50f07bd09494e83bf30ee1cab6fa4e5f7f23751b967b472e8dab,
backend/internal/handler/stream_error_event.go,different,runtime_protocol,e55e5feecd705994e0ba80141f89f4393595b8fd59445d137c71216123776cd0,73acfd2e012f847c21af570f9040b8c43e6c6a68702a56300d389ab937c8a20e,
backend/internal/handler/stream_error_event_test.go,different,runtime_protocol,c3c6c53473cf2374dac58da18bb74c0f624c82d53767e4ce35da406396374495,288281f985e9c0dccc96421c5b7713ceeca9c30fc3216a839a9f8cd8f70fea12,
backend/internal/handler/sub2api_auxiliary_executor.go,current_only,runtime_provider,,4342987060c4910dee82b667bfdde4fb3ca062e31fdf889712f43173ab37449f,
backend/internal/handler/sub2api_auxiliary_executor_test.go,current_only,runtime_provider,,3977691ba8dee3188aefc5a40a7192daffe9b41fb9f20f639e2172686c0e51e1,
backend/internal/handler/sub2api_execution.go,current_only,runtime_provider,,14735e5b10379075a10f680d974910ecde3320faccece99e334a6eac228fb663,
backend/internal/handler/sub2api_gateway_entrypoints.go,current_only,runtime_provider,,4969cc793481e7c42d782fc4ee1817ef14effdd6314b4382632cd65f3ce86345,
backend/internal/handler/sub2api_gemini_media_executor.go,current_only,runtime_provider,,afb74c46c60e5256e053388018181738692b00cc9f99b3af40f41ebaa7481f9c,
backend/internal/handler/sub2api_gemini_media_executor_test.go,current_only,runtime_provider,,f5c95df33aa48393488dd6059f7d3bf310fca6354b54deae91a80a2e0be19c14,
backend/internal/handler/sub2api_legacy_dispatch.go,current_only,runtime_provider,,974380c4bece03ee7f16c9bae3db294b869e5a3228bb6934f6a69e3be28cce7f,
backend/internal/handler/sub2api_legacy_dispatch_test.go,current_only,runtime_provider,,4988c89779f52a199ae44af4b8cd95f4904f395d70a57bbaf3d32f105349eb81,
backend/internal/handler/sub2api_legacy_driver.go,current_only,runtime_provider,,5855265b196c23c0f9da460f8b9fcdc116ba9cca00f57acb295138476bb1785a,
backend/internal/handler/sub2api_legacy_driver_test.go,current_only,runtime_provider,,fd1659015f55bdf91f517dd8e1ddd54a92ab914f1210ff70dc0ed08246e64b21,
backend/internal/handler/sub2api_media_port.go,current_only,runtime_provider,,5ca4f252673623be6aefe388d2042835b92c5d2a4501ec87749e5113b0b04b22,
backend/internal/handler/sub2api_messages_executor.go,current_only,runtime_provider,,5ff2b8bc74024793a0725e61f7029343fa3064e7bc7bbe29e5ed117822c878e8,
backend/internal/handler/sub2api_messages_executor_test.go,current_only,runtime_provider,,20fcd0543ef6c205cac3998a4b695f8fa1506486447e71498c8e429a9e08d8d9,
backend/internal/handler/sub2api_openai_executor.go,current_only,runtime_provider,,7a2f98ef657264e27ef32ec81ac7c13c3c8e05242830867ffe7905801adc716c,
backend/internal/handler/sub2api_openai_executor_test.go,current_only,runtime_provider,,7c5825d9d9180a32cd8f730dab1de0ed7706f1741c10406f056cbe5f38a502de,
backend/internal/handler/sub2api_openai_port.go,current_only,runtime_provider,,2f0d0f20f9c305ad7a64ea563891d67df70ae4f2aa6f7a9b0747fed7c064a547,
backend/internal/handler/sub2api_openai_port_test.go,current_only,runtime_provider,,361b9c22e7de4dabed4f5824ca544d2c25820354d95d51d0dd26a327f5508431,
backend/internal/handler/sub2api_runtime_adapter.go,current_only,runtime_provider,,d99724564b18a4154db20e0f6d8d8d052b0a04480d2fd32f770ee0d74a235ed8,
backend/internal/handler/sub2api_runtime_adapter_test.go,current_only,runtime_provider,,3f08d0f49d86edd02bdf9038e14a565d363acb6ffdc0d74a7110f4873637e9b7,
backend/internal/handler/sub2api_runtime_composition.go,current_only,runtime_provider,,b87475ac7fdebc66cfaf68e1a812f93f590af0867e2c7e7db4cb1694811ac31c,
backend/internal/handler/sub2api_runtime_registry.go,current_only,runtime_provider,,f817f695404955dc446c0198b47615ace0313cf1a1f728e2176b209c166f5605,
backend/internal/handler/sub2api_runtime_registry_test.go,current_only,runtime_provider,,f87a6bdd716bd2b8a6df7c4e86cb5f7da236254be1aade274a4737385360d162,
backend/internal/handler/sub2api_sync_executor.go,current_only,runtime_provider,,1628099e250e531eee186554a0e35f97023b3e462352588e0332ab5429e014b3,
backend/internal/handler/sub2api_sync_executor_test.go,current_only,runtime_provider,,2c7a8404c8f8783b54082abfd369e95d01e0e36e26a15d95848d175e324ea361,
backend/internal/handler/sub2api_sync_port.go,current_only,runtime_provider,,5c58e49b0eaf5218b94e6cf1a5db49c3f7ec59ab53dabeaf50f9c52e21cdb2df,
backend/internal/handler/subscription_handler.go,different,productcore,41e65234d80253b0e4634dad18788060cce9494a8108f06b340685513fb6d1e0,ff13a5be593c6a979b54eb05ead2a4598e3bbbd0ca990a9daa47501b2cc8e206,
backend/internal/handler/subscription_handler_summary_test.go,current_only,productcore,,25b03c6b322aa03146fff4b86f9640a079e818de30c9b517e6dd8e07be27a83c,
backend/internal/handler/totp_handler.go,same,productcore,d1f2cb78250d2518e6c191bb3d688ebade11e6499f63d34823f6ee231bd8b1f2,d1f2cb78250d2518e6c191bb3d688ebade11e6499f63d34823f6ee231bd8b1f2,
backend/internal/handler/usage_handler.go,different,productcore,6b83a427f468616a51bbf457ff13f368c6a3a483e47058e51e8b238af9910148,c8550a8938b2b0264373e73d9842827340c4b9c4a44dfd9594c4bae18d8e049e,
backend/internal/handler/usage_handler_daily_test.go,different,productcore,2a11e607f80bf86ccd603593c68c1908a0356ddc87b322641919d83b53f4c0ad,32030f158853c80503178cec45b925a5a766faf0232b54d11036b0bc37793362,
backend/internal/handler/usage_handler_request_type_test.go,official_only,productcore,8db320795f012f38ed9ccce5ec5012c23211f5be9fc63c37f10eb230c3fa9370,,
backend/internal/handler/usage_handler_sort_test.go,different,productcore,1beede18ce22f4bc429c528ebe80add5880d01e906c4a9412bfbc8d447e4a648,ee4af5ef506005707e639ca5d7a970ca3ad1ebca81f25cb10f921036ee1513f7,
backend/internal/handler/usage_record_submit_task_test.go,different,productcore,cf11072794ab7610d1d6661fb1da99c29379381d23a78aaa26e8b5015ca4c934,9bfafb97f2d01ed57778a69f665ead1137ac4b1b5e6235b620dc69d4a1956860,
backend/internal/handler/usage_record_task_fallback_test.go,same,productcore,db59fff039797a1cd3109c4fe052b678ad1e002fbe4079bfb4d28b3844a0d80c,db59fff039797a1cd3109c4fe052b678ad1e002fbe4079bfb4d28b3844a0d80c,
backend/internal/handler/user_handler.go,same,productcore,34e5fca3549dafb28cb71a96370fdd26603c460cf60a8b05211b8b5cd2a91ab3,34e5fca3549dafb28cb71a96370fdd26603c460cf60a8b05211b8b5cd2a91ab3,
backend/internal/handler/user_handler_test.go,different,productcore,b8165c492a5787811019c8a6574d63d1120b5c204a0269dc58ab54ddbc1876a4,88b2d9414b3c5b17c0a2509b7994d30c2df243eff02b4c6d82fea9623da6d2ee,
backend/internal/handler/user_msg_queue_helper.go,different,productcore,b68331e3c1d161613cfdfc3a624041467c8122d42153fe1172779e40b7dae341,6fad95085ab5626229d7e27a47cc80805c79e39fc448f8659d10c42a278a5039,
backend/internal/handler/user_platform_quotas_handler_test.go,different,productcore,da2fe4639fd76b2650bee4ba44bb4bfc37f43a95661032ae4337536aac3bd579,de12ef33edf59c47d4a626da4adb251e5f6067ed6e5e281df3283c8ff891c143,
backend/internal/handler/wire.go,different,infrastructure,1105335097e409459dd4dadd7cc444d8ec226b6f7bb48d427ceaf331ca651c1e,a2cd22daded6c8475d5f75365e6f52f9636e76bfbcbb21bd9b85b88ea088fb19,
backend/internal/integration/e2e_gateway_test.go,same,test,f441ad9771ac52395b733be9cad1056948058f6b897e2a8f55d96f34b038b0af,f441ad9771ac52395b733be9cad1056948058f6b897e2a8f55d96f34b038b0af,
backend/internal/integration/e2e_helpers_test.go,same,test,c4f0d6e3f3638e797a4ec2f1ca9cb053e4eca835fa27fb293234cd3e5dc543ee,c4f0d6e3f3638e797a4ec2f1ca9cb053e4eca835fa27fb293234cd3e5dc543ee,
backend/internal/integration/e2e_user_flow_test.go,same,test,2dc6b2d982a029a7a17971f2f32e51f230e4932739933f13397ef4ee9dea1513,2dc6b2d982a029a7a17971f2f32e51f230e4932739933f13397ef4ee9dea1513,
backend/internal/middleware/rate_limiter.go,same,infrastructure,c9c64d7a021861f96850a40f3fd105edf12e26afd7d5fe4a8385bb93ab2230fb,c9c64d7a021861f96850a40f3fd105edf12e26afd7d5fe4a8385bb93ab2230fb,
backend/internal/middleware/rate_limiter_integration_test.go,same,infrastructure,4853a56a5b965018a9f95b31b67f8188c4f3f3fb9368c7ef7ab48f6ffef3d0f5,4853a56a5b965018a9f95b31b67f8188c4f3f3fb9368c7ef7ab48f6ffef3d0f5,
backend/internal/middleware/rate_limiter_test.go,same,infrastructure,31a78dd628287c16ffa4dc74ce4a9ad78378e9f6e7354c6715a9a595596c8cae,31a78dd628287c16ffa4dc74ce4a9ad78378e9f6e7354c6715a9a595596c8cae,
backend/internal/model/error_passthrough_rule.go,different,runtime_protocol,be75ee29d2127c1f18e5251611cc82b0d763f0c1f96f5127e9de3d0865b5c397,ef983386ccf4f85997ad303bf4f953bab328c0d2872a4d67ef8ae5de11d77ea4,
backend/internal/model/error_passthrough_rule_test.go,official_only,runtime_protocol,1b382141db7070e04e1b570c56a37166474c493c6c4ac595f4aa933b7d707951,,
backend/internal/model/tls_fingerprint_profile.go,same,runtime_provider,95c384c115f9100b2dc3c62222cf694cd19b026421aa74fdc93ceaf6cd4a11e0,95c384c115f9100b2dc3c62222cf694cd19b026421aa74fdc93ceaf6cd4a11e0,
backend/internal/payment/amount.go,same,productcore,c2887bf85b4d394b71ca77c2c6ce38d86e4d49029173997f1ebb171a990b4528,c2887bf85b4d394b71ca77c2c6ce38d86e4d49029173997f1ebb171a990b4528,
backend/internal/payment/amount_test.go,same,productcore,0b61d56443a201806a7de2186a234725247816aa44c6cf0940e265187cb6f23b,0b61d56443a201806a7de2186a234725247816aa44c6cf0940e265187cb6f23b,
backend/internal/payment/crypto.go,same,productcore,db135d0ccab10648acf1042062e2bbd8093f6f8d546ecdf2e4328504d0559919,db135d0ccab10648acf1042062e2bbd8093f6f8d546ecdf2e4328504d0559919,
backend/internal/payment/crypto_test.go,same,productcore,c351bcbe68e110cf4edae06ab0e6d77e1134d33fcdfa1c8403b38bb6b1b04c7f,c351bcbe68e110cf4edae06ab0e6d77e1134d33fcdfa1c8403b38bb6b1b04c7f,
backend/internal/payment/currency.go,same,productcore,0813c724612422908b8835930185cc55283bdf1726b5600b977a7306765e32f8,0813c724612422908b8835930185cc55283bdf1726b5600b977a7306765e32f8,
backend/internal/payment/fee.go,same,productcore,f7885cc9a952b12fea614a828f582fb00e1e609cdf777818f7035c4eb506e1fc,f7885cc9a952b12fea614a828f582fb00e1e609cdf777818f7035c4eb506e1fc,
backend/internal/payment/fee_test.go,same,productcore,ef308df6a6b40e68338600c4a38853cfe258418bfdfb30ee21740a90d01bb906,ef308df6a6b40e68338600c4a38853cfe258418bfdfb30ee21740a90d01bb906,
backend/internal/payment/load_balancer.go,same,productcore,49d0eb1187831186e2d4ec4d299352e0531ebdcd52508bbfc4a3909a9d1756d5,49d0eb1187831186e2d4ec4d299352e0531ebdcd52508bbfc4a3909a9d1756d5,
backend/internal/payment/load_balancer_test.go,same,productcore,5b0ec41a47e43f7adb1c21b4bc9c582e7cd990c596491f88bb7a4c9feb6f9d5a,5b0ec41a47e43f7adb1c21b4bc9c582e7cd990c596491f88bb7a4c9feb6f9d5a,
backend/internal/payment/provider/airwallex.go,same,productcore,c0d12bc93827d223286de8fe15b3ecbd6de21cd4cd076460f085c39deaa86e25,c0d12bc93827d223286de8fe15b3ecbd6de21cd4cd076460f085c39deaa86e25,
backend/internal/payment/provider/airwallex_test.go,same,productcore,0d8673af17287e0b66b1f8906e39c1613b24866b929cbd6991c2094281bad61e,0d8673af17287e0b66b1f8906e39c1613b24866b929cbd6991c2094281bad61e,
backend/internal/payment/provider/alipay.go,same,productcore,03988a61e8fdc29cd9c22e12b84064c8e51d0f0cfb3b47e877acf8700a5be9b0,03988a61e8fdc29cd9c22e12b84064c8e51d0f0cfb3b47e877acf8700a5be9b0,
backend/internal/payment/provider/alipay_test.go,same,productcore,50b8a1c063a11f928fceb3a184948109d7cd11e231e4ca49576efc7cd21d7196,50b8a1c063a11f928fceb3a184948109d7cd11e231e4ca49576efc7cd21d7196,
backend/internal/payment/provider/easypay.go,different,productcore,4a43b898c5f876b53b223b400e90bb4a74c23a862a28c7235585ac1fd60c9155,036b73c5d46e434896b15cb1d5f10fdb305c668f1105121604ae30915fe8dac0,
backend/internal/payment/provider/easypay_query_test.go,same,productcore,485ba11eedfc734d2701c7ebcca2353fc71d3544bf9ff55ab3280719a06db0de,485ba11eedfc734d2701c7ebcca2353fc71d3544bf9ff55ab3280719a06db0de,
backend/internal/payment/provider/easypay_refund_test.go,different,productcore,47c5389f7fa40db51daa534f4f177b04b81e2bb148e6766b8ed5fb7ae5d2f5a9,4b653854266d0e4a79026720c04bf4db85c74891222f188ac91384c06ad2c65f,
backend/internal/payment/provider/easypay_sign_test.go,same,productcore,89d3fccd48012296555f0dca32bf3425966fa3b6042ea5f704c8001360ebeaf8,89d3fccd48012296555f0dca32bf3425966fa3b6042ea5f704c8001360ebeaf8,
backend/internal/payment/provider/easypay_url_test.go,official_only,productcore,08e98ac82c6f5e576fd6bb98f0eaa083347e96455814176ec1d390d05ca1ceba,,
backend/internal/payment/provider/factory.go,same,productcore,9c2ee9df85865393bc911d369bd6b36635158a5ff9698457b3e0ce423cf039ee,9c2ee9df85865393bc911d369bd6b36635158a5ff9698457b3e0ce423cf039ee,
backend/internal/payment/provider/stripe.go,different,productcore,5a50eebe6627fbc85f66b417b4de2a570bbe92b9ba9ddc80386e7f38ac5ba2de,667f2bdd046daafd5dd962a0f664db9eedcd3a21f6138b3c572899e056b7544d,
backend/internal/payment/provider/stripe_test.go,official_only,productcore,7bbc20648027a27d7c511071b0e6df6b096305151a1150409b117cbc665dd6a0,,
backend/internal/payment/provider/wxpay.go,same,productcore,fcd2408053978abfcb0a1b098ea441f2311228b46fdc7d89ba9d525ba99dc852,fcd2408053978abfcb0a1b098ea441f2311228b46fdc7d89ba9d525ba99dc852,
backend/internal/payment/provider/wxpay_test.go,same,productcore,813bdea42e6e3c30a263400751b6ef3b701fb1a5e48cc950fe32e17f0be9b38d,813bdea42e6e3c30a263400751b6ef3b701fb1a5e48cc950fe32e17f0be9b38d,
backend/internal/payment/registry.go,same,productcore,2382636695ccc2b1f058d39f7586f0080c6c111f5a4c583fa6cab1f625987c4b,2382636695ccc2b1f058d39f7586f0080c6c111f5a4c583fa6cab1f625987c4b,
backend/internal/payment/registry_test.go,same,productcore,f4e3f5bfb7bc8b1ce189ed17f4046b4cbc9fb2ac0f37d1434cef1596d038c659,f4e3f5bfb7bc8b1ce189ed17f4046b4cbc9fb2ac0f37d1434cef1596d038c659,
backend/internal/payment/types.go,same,productcore,f582d1dcd0f088efcc0a6ebb2bdf97d96017e1fa72fc27a3f29b040b8412d467,f582d1dcd0f088efcc0a6ebb2bdf97d96017e1fa72fc27a3f29b040b8412d467,
backend/internal/payment/wire.go,same,productcore,9c276b4fbc67b8ecfdc67bdcbe5c8a47465a6f9bcfd6f0c2b9335d0cc8d353bb,9c276b4fbc67b8ecfdc67bdcbe5c8a47465a6f9bcfd6f0c2b9335d0cc8d353bb,
backend/internal/payment/wire_test.go,same,productcore,c0f6e249d9084d2931a1386d2f4613c691f59a3918ce9c3ff2ef7099fc9c0b0d,c0f6e249d9084d2931a1386d2f4613c691f59a3918ce9c3ff2ef7099fc9c0b0d,
backend/internal/pkg/anthropicfp/dateline.go,same,runtime_provider,d784fe29a024489d3174b6a598717b1adef003b0fc685d17a2e8467685e7bdb7,d784fe29a024489d3174b6a598717b1adef003b0fc685d17a2e8467685e7bdb7,
backend/internal/pkg/anthropicfp/dateline_test.go,same,runtime_provider,96c49da8ae9803ba721f3c555b1ac7c1709d2decf0bc4ebb51616a5a4915f8e5,96c49da8ae9803ba721f3c555b1ac7c1709d2decf0bc4ebb51616a5a4915f8e5,
backend/internal/pkg/antigravity/claude_types.go,different,runtime_provider,f1687b9876de0a27029e5f28521afcc15c3a25171283b82ce1d8fa51a22881fb,b139a58a008a8d1c7b19b7e1d88a2fd35ffb73e5db8f69e57773c86400a2465e,
backend/internal/pkg/antigravity/claude_types_test.go,different,runtime_provider,642d259b948c3b0e7a9c21c42cc47bd75f2d36ba6d0efce07177dcc7068d12f9,ba28d42bc4b8740a819136217e4c5c36a3dcb2a71a011b6c16326b4d9c8bd85b,
backend/internal/pkg/antigravity/client.go,different,runtime_provider,a8fcc39b3805ebfd4c0056eeb37ffe6bce5b6398f896cfdba924f9c328e340ef,75859388fcc8a55bf5039827d5bbe8a79a50ab4fad3b6a2d6e4598c943d433da,
backend/internal/pkg/antigravity/client_test.go,different,runtime_provider,0d24f942a978c7a5b98016f5d3dbbfb4ec87b62aa7123ccf1a2746533d76bd32,492bc2c440794c98f223dac4a43a3f901c54b2e482424aabae96baa7c16d4af5,
backend/internal/pkg/antigravity/gemini_types.go,different,runtime_provider,9cbf27347b517e8b1b205fde4cdb4828c06610a77ba5cbf2139308882dc897c7,c34968932c901bc74edfa61ea5e3552a74bad6c06b7a589b8243afbea5aaa2e9,
backend/internal/pkg/antigravity/oauth.go,different,runtime_provider,1914189c0efe2a4c0323b4ee9ce8487800086cad3aa273d743a099754a172c9a,853d5200a4fbd7f555b36bbd0ae1ebe00f403e401603f8e856823a279b505712,
backend/internal/pkg/antigravity/oauth_test.go,different,runtime_provider,84fc0bfeea2bab501f337a6f16adfacf60d00fb914856b5c797d80a3346e45e6,50ab6c283c03a5de2c6ec389e7a8a0d752fe53d63da8306aa96c6843e1c672f3,
backend/internal/pkg/antigravity/request_transformer.go,different,runtime_provider,f7bd1f0d42992ace64d6f24ddeff33b1edbcc658f261413d7195a3d5a93b13ae,cb1288465fe81d152c26e1ba85dee9ef214f3c82b6a8391acd769f4c109d7323,
backend/internal/pkg/antigravity/request_transformer_test.go,different,runtime_provider,b6327e8c033ad594f544b258fc7de848279465b6a3db729c74ac2cd8972f6d5a,e68b140fc97f4880f4a21575c311ce218db2879e188b28e723518a10a6c28e57,
backend/internal/pkg/antigravity/response_transformer.go,same,runtime_provider,912fc7bf224db513aae3713c6eaf9f36fc1220c88fe6a8dfedb9a4a0b0dddb96,912fc7bf224db513aae3713c6eaf9f36fc1220c88fe6a8dfedb9a4a0b0dddb96,
backend/internal/pkg/antigravity/response_transformer_test.go,same,runtime_provider,d74ade527ac7d2969ef49de1181b768ba1fa4bb8941a40fa69af448220b0b567,d74ade527ac7d2969ef49de1181b768ba1fa4bb8941a40fa69af448220b0b567,
backend/internal/pkg/antigravity/schema_cleaner.go,same,runtime_provider,6dd0f31d88a66e5dbf28c46abe764146a8c024097df8deba2861696f440d1360,6dd0f31d88a66e5dbf28c46abe764146a8c024097df8deba2861696f440d1360,
backend/internal/pkg/antigravity/stream_transformer.go,same,runtime_provider,59dce9528eb6a168cfa7cbd657c179c51ec3579b2207ba0c5c3f57ff37998a77,59dce9528eb6a168cfa7cbd657c179c51ec3579b2207ba0c5c3f57ff37998a77,
backend/internal/pkg/antigravity/usage_contract_test.go,official_only,runtime_provider,94ce2414dff20359be9a3c0abe4a87171f929f6fc4fd70711ced7845276e229b,,
backend/internal/pkg/apicompat/anthropic_responses_test.go,same,runtime_protocol,b7d5bf4ba9ae4db9d28ba08a5b6025329c7c9eab617893f7d88f5aef5835c37e,b7d5bf4ba9ae4db9d28ba08a5b6025329c7c9eab617893f7d88f5aef5835c37e,
backend/internal/pkg/apicompat/anthropic_to_responses.go,same,runtime_protocol,a77f5636445e05a9bc2deaed122d2c07da5ebe1482a5cdefbfa113d97937c7d0,a77f5636445e05a9bc2deaed122d2c07da5ebe1482a5cdefbfa113d97937c7d0,
backend/internal/pkg/apicompat/anthropic_to_responses_response.go,different,runtime_protocol,86e8497811099b8a35fadc43ad281ba5731c4157767999ccb4d9ddf0b50a7fe8,77ee58cf2824e0dfaa5a6d69b48fddeb085794857eb97dd31e3df64ff2bbb474,
backend/internal/pkg/apicompat/anthropic_to_responses_stream_test.go,different,runtime_protocol,a2a2f5a5bc9b3342079763801c8d3775279135a3aa81182adf4b70ad45184308,77919871c9f5dbac86628a12cc4b6ddff51703998c52d96a5cab10846cc6b455,
backend/internal/pkg/apicompat/chatcompletions_anthropic_bridge.go,different,runtime_protocol,5bbf7854af4f6d879e82bca0b7bdec0906a6ef685872cefa86af43197966bc89,bb134fac4da15eb925747f029ba660ef50cb5d161fe1ab38d371f087af394352,
backend/internal/pkg/apicompat/chatcompletions_anthropic_bridge_test.go,different,runtime_protocol,dddb15feca615bbdd3774c06de714c695a6f1c73cdb7214349b118c61247d9e0,f3e6fce6e7a5e9522aabf0602fdc79ac41900529c56b871f9acc45c99fe56d38,
backend/internal/pkg/apicompat/chatcompletions_anthropic_reasoning_passback_test.go,official_only,runtime_protocol,a604842a3b8c460831f3c4b880673f1023eee1e686e80de5ad1411c19e08d541,,
backend/internal/pkg/apicompat/chatcompletions_reasoning_alias_test.go,same,runtime_protocol,8e19f9dcaafd22418ffed1aca6f773a20cd61739865f0d0ed6655679d2c0cc62,8e19f9dcaafd22418ffed1aca6f773a20cd61739865f0d0ed6655679d2c0cc62,
backend/internal/pkg/apicompat/chatcompletions_responses_bridge.go,different,runtime_protocol,10dafcfb961441d35233bb09ba70fccee2ce02ff60a546cd550a2ae8218e50dc,fa8adc7dc21246749df084a3f7161b3914f8bae286695ba7d3fdc1d4e138ef65,
backend/internal/pkg/apicompat/chatcompletions_responses_bridge_custom_tools_test.go,different,runtime_protocol,f54219a91e76d22f586d3695e1617625308e4ab456f2e8aa89e2a16c5664a469,3a0447f238cc91dc74205931c4686468e128bf56ac1619b75fd5d13ba16d884f,
backend/internal/pkg/apicompat/chatcompletions_responses_bridge_test.go,different,runtime_protocol,2d859c58024d35fcce4abc11cd726e88c0541a13b197f4e27fc3b5cb32babf66,abf08423ebada5a8fe9629c845de0784b5ebd97ab5193202b6880a08e2ac2b19,
backend/internal/pkg/apicompat/chatcompletions_responses_reasoning_cache_test.go,same,runtime_protocol,517ebbf7ba18fb48195e8f6526d8bae2ac2f5abdd816d5b474433c22a50b2b45,517ebbf7ba18fb48195e8f6526d8bae2ac2f5abdd816d5b474433c22a50b2b45,
backend/internal/pkg/apicompat/chatcompletions_responses_request_invariants_test.go,same,runtime_protocol,2227000c237ec6cbe6284c458609caf42edf5dee943969741cc379f4c55b270e,2227000c237ec6cbe6284c458609caf42edf5dee943969741cc379f4c55b270e,
backend/internal/pkg/apicompat/chatcompletions_responses_stream_lifecycle_test.go,different,runtime_protocol,6f7e3f3d7709401190cb4c8b85cfae01c949cdd2d9b82ddccc507b47f643e066,caf72e8ee029bc3f19a21cb0588e30987b3c7b436b89dba8d1ed4493c8bd2ad5,
backend/internal/pkg/apicompat/chatcompletions_responses_test.go,different,runtime_protocol,11fd2a5f197fa79ff461151838027a3e76011fcf13241d5dc3dae1cb64ee8eeb,6c2f704bd8fbfdcfc946822b3d5e2d5232554fe3dd4d352b659eef785d8e8752,
backend/internal/pkg/apicompat/chatcompletions_responses_tool_output_media_test.go,same,runtime_protocol,a41ce948736ef11da53faa7c439b93bd47c9ec08869b65d2035a0e8a1ae5f4e9,a41ce948736ef11da53faa7c439b93bd47c9ec08869b65d2035a0e8a1ae5f4e9,
backend/internal/pkg/apicompat/chatcompletions_to_responses.go,different,runtime_protocol,b813a91b01ee08b4bfd9b59886d4269114a1c2edbcef5251d733cabbc592cedc,50f6d91fb3bbd9c1980d78005738ea57eeb4fc276f28730e9cfde2762d6e8676,
backend/internal/pkg/apicompat/chatcompletions_x_search_test.go,official_only,runtime_protocol,4c78763f1e723f99c8e21fff8382d8f3a73c6c247a3165f19c6c565b26a3f224,,
backend/internal/pkg/apicompat/response_format.go,same,runtime_protocol,9857340bb0538c214c07ded1ee89817d0973dcbb1ac45bb1828e5693ed7463f5,9857340bb0538c214c07ded1ee89817d0973dcbb1ac45bb1828e5693ed7463f5,
backend/internal/pkg/apicompat/responses_anthropic_cache_creation_test.go,same,runtime_protocol,16a95e7c02415cc91a8b296f8d94a079a4396d573cd8c6dfe7473e19ebf94f75,16a95e7c02415cc91a8b296f8d94a079a4396d573cd8c6dfe7473e19ebf94f75,
backend/internal/pkg/apicompat/responses_client_tools.go,same,runtime_protocol,3017206885d49ff886b7369914b21e54d9bdacd645fe9f49ce0c21e205db3e4c,3017206885d49ff886b7369914b21e54d9bdacd645fe9f49ce0c21e205db3e4c,
backend/internal/pkg/apicompat/responses_client_tools_item_id_helper_test.go,same,runtime_protocol,9d48da0c230aaa57bc2c83c67300c06e67ebb07d22b3d3db8328c8edd9d655f3,9d48da0c230aaa57bc2c83c67300c06e67ebb07d22b3d3db8328c8edd9d655f3,
backend/internal/pkg/apicompat/responses_client_tools_item_id_test.go,same,runtime_protocol,16a7ce9c2bc677b64b2801d615818eb25fe02678b0d994f02907f22efeecdcf9,16a7ce9c2bc677b64b2801d615818eb25fe02678b0d994f02907f22efeecdcf9,
backend/internal/pkg/apicompat/responses_client_tools_test.go,same,runtime_protocol,e7aa3ee5b957a10599fa5607c84cca8a8a55a7fa45f96fcf0f5a5ceee5052f58,e7aa3ee5b957a10599fa5607c84cca8a8a55a7fa45f96fcf0f5a5ceee5052f58,
backend/internal/pkg/apicompat/responses_client_tools_xcode_test.go,current_only,runtime_protocol,,f48e6235c26108fbef70f9d109b6a11768812ce27cad8b164ec6d0e2f71bb9d6,
backend/internal/pkg/apicompat/responses_created_at_wire_test.go,same,runtime_protocol,965546b257596728b3f622ab6dc5b1a3013012a26e5940ce081d5ee2201249b2,965546b257596728b3f622ab6dc5b1a3013012a26e5940ce081d5ee2201249b2,
backend/internal/pkg/apicompat/responses_namespace.go,same,runtime_protocol,36136e47c58cb206abef2084f829cbaa756f15d2b998440d783b056c23cc3a03,36136e47c58cb206abef2084f829cbaa756f15d2b998440d783b056c23cc3a03,
backend/internal/pkg/apicompat/responses_namespace_test.go,same,runtime_protocol,f08e3c303b0d6faf21546a3f3a057109715813b3ed467703cbcf8c6c36b4ddb9,f08e3c303b0d6faf21546a3f3a057109715813b3ed467703cbcf8c6c36b4ddb9,
backend/internal/pkg/apicompat/responses_stream_event_wire.go,same,runtime_protocol,45fdb28fa71d2db569b6102debcad66ccda9626b16c130d3f61ec1384ebd02ae,45fdb28fa71d2db569b6102debcad66ccda9626b16c130d3f61ec1384ebd02ae,
backend/internal/pkg/apicompat/responses_stream_event_wire_test.go,same,runtime_protocol,800eb0fe05a2958e7c19434b544a069444719e6bca3bc8fd373a23b2e38bd576,800eb0fe05a2958e7c19434b544a069444719e6bca3bc8fd373a23b2e38bd576,
backend/internal/pkg/apicompat/responses_to_anthropic.go,same,runtime_protocol,039ed4c03fca210d0050d351adf678c1c66aeddac3911d8fbc7c1106b2a5a5c1,039ed4c03fca210d0050d351adf678c1c66aeddac3911d8fbc7c1106b2a5a5c1,
backend/internal/pkg/apicompat/responses_to_anthropic_cc_chain_test.go,same,runtime_protocol,bcb3e74fd8ec91c47df6fc0f49219817b5df6e9f32a2187f9dfc2b410c8b046b,bcb3e74fd8ec91c47df6fc0f49219817b5df6e9f32a2187f9dfc2b410c8b046b,
backend/internal/pkg/apicompat/responses_to_anthropic_instructions_test.go,same,runtime_protocol,f5ec096ab39a636a95cac9e2552a5cda80857837a18f102a84fde66ef7f443a7,f5ec096ab39a636a95cac9e2552a5cda80857837a18f102a84fde66ef7f443a7,
backend/internal/pkg/apicompat/responses_to_anthropic_invalid_blocks_test.go,different,runtime_protocol,63336e24c73afe2c4e26204412193efccf45826a183a0042952f7c96808a77b8,33172c78d757cc7b481ee5994245a4b2ffaefa50a3f6cc6497ae4c7d5fa4701f,
backend/internal/pkg/apicompat/responses_to_anthropic_parallel_tool_test.go,same,runtime_protocol,8a5606ca4645fd49c73ea7ec417f975a9194de5f0125830a529b21f0792b33e1,8a5606ca4645fd49c73ea7ec417f975a9194de5f0125830a529b21f0792b33e1,
backend/internal/pkg/apicompat/responses_to_anthropic_read_tool_test.go,same,runtime_protocol,904def1370b16cecbbded6ffffd19367fecd0f8fa98e3dc559c54610975e6774,904def1370b16cecbbded6ffffd19367fecd0f8fa98e3dc559c54610975e6774,
backend/internal/pkg/apicompat/responses_to_anthropic_request.go,different,runtime_protocol,ec6a592b7bbb6d816dfa603d888eeb46540a74023fbf09fb508c3a18952ca344,43d445842e55cb536135ef3c031d8ee1b605b77ce8337bc9e77ac0bd3e691b37,
backend/internal/pkg/apicompat/responses_to_anthropic_tool_pairing_test.go,same,runtime_protocol,27f2475e739127c3d17b5c87cfd567c85b7b61163ffae20756477b5cc26d853a,27f2475e739127c3d17b5c87cfd567c85b7b61163ffae20756477b5cc26d853a,
backend/internal/pkg/apicompat/responses_to_anthropic_tools_test.go,same,runtime_protocol,68e59999f81b8ab63a89de8f903d82cd9f30f0dfdc628100cfb8ed702e4f5271,68e59999f81b8ab63a89de8f903d82cd9f30f0dfdc628100cfb8ed702e4f5271,
backend/internal/pkg/apicompat/responses_to_chatcompletions.go,same,runtime_protocol,ce0f13a54bcba32623d50e5bd90bd5a9abf6c3ff294d0a604363373fd9b78b4d,ce0f13a54bcba32623d50e5bd90bd5a9abf6c3ff294d0a604363373fd9b78b4d,
backend/internal/pkg/apicompat/responses_to_chatcompletions_codex_events_test.go,same,runtime_protocol,8f2c95bcde44270e477c72d4502f1de27a90f1958fdb1473a69b65ab121b5118,8f2c95bcde44270e477c72d4502f1de27a90f1958fdb1473a69b65ab121b5118,
backend/internal/pkg/apicompat/responses_to_chatcompletions_tool_name_test.go,same,runtime_protocol,3fcc3fff7bb9e03972bc7382e2caf4521c1123d721fd86747fe72a05dfc7d2b1,3fcc3fff7bb9e03972bc7382e2caf4521c1123d721fd86747fe72a05dfc7d2b1,
backend/internal/pkg/apicompat/responses_tool_search_discoveries.go,different,runtime_protocol,14d0d6c0b0ad7ef068264acf4f1943890feab09989140266752392ab8b5eeb84,5437f0241e58bf8833a3dcc5181ff560553bf78854237dfe4354ddddf9a4f11e,
backend/internal/pkg/apicompat/service_tier_passthrough_test.go,same,runtime_protocol,b0390581a1eb811dcf869bd73d5b7723ff9362f425ba4bb340e99e62e880a677,b0390581a1eb811dcf869bd73d5b7723ff9362f425ba4bb340e99e62e880a677,
backend/internal/pkg/apicompat/streaming_stop_reason_test.go,same,runtime_protocol,ebdf1e2798de886eef3e8104b4a373f7f6151c7a00b945d32635410a342d2a47,ebdf1e2798de886eef3e8104b4a373f7f6151c7a00b945d32635410a342d2a47,
backend/internal/pkg/apicompat/testdata/issue5302/nonstream_reasoning.json,same,runtime_protocol,829255fe5c3cc3e8e873a53463d47e0f68d0955c2e2f3897641a36e21c9cc777,829255fe5c3cc3e8e873a53463d47e0f68d0955c2e2f3897641a36e21c9cc777,
backend/internal/pkg/apicompat/testdata/issue5302/reasoning_content_precedence.json,same,runtime_protocol,eaf0e20b51166badb39d5c3aeb32144f191fffe2df7a3b5bb5d62e5e243d097d,eaf0e20b51166badb39d5c3aeb32144f191fffe2df7a3b5bb5d62e5e243d097d,
backend/internal/pkg/apicompat/testdata/issue5302/stream_reasoning.json,same,runtime_protocol,f476ffadbcae1b104b38d5bfce5426e5db4cae19837a00d21ddfb404e8abdeff,f476ffadbcae1b104b38d5bfce5426e5db4cae19837a00d21ddfb404e8abdeff,
backend/internal/pkg/apicompat/types.go,different,runtime_protocol,0598c0d01dbe18990d59812ca7ed6b4daad7040a48c6f8f077474dcfc2dc737b,dce0e38490df96d892507fbf10fdf1a45436d11be3378205c724a4882302e8a0,
backend/internal/pkg/claude/constants.go,different,runtime_provider,ab0cda1393de8ea9fa301781f16c5d8f63ef44e20bb638d7959a810ca287d0af,b23a5cfa120dcc37561035fdb337ef36515106dc8598d40c221dab77e0f6aca5,
backend/internal/pkg/claude/constants_model_test.go,official_only,runtime_provider,ab2fd42de7385ca8a09f66b5d81003aba3ff9d8c704af04a3fcbec58f3ffe7b8,,
backend/internal/pkg/claude/effort_catalog.go,official_only,runtime_provider,f2fd37a2049096ff868dc8114cd1137af013488904e897a9eabeb12efe654cc7,,
backend/internal/pkg/claude/effort_catalog_test.go,official_only,runtime_provider,7479800aa2c9e9277bdc803bea4c1ce93eeae7877f92e3ff2719a67eae791ed3,,
backend/internal/pkg/ctxkey/ctxkey.go,different,infrastructure,5843354d0715d09c8d7e55778c1756274f14dd22410a4510962e2e37f35c40f6,f9bd35d32a80c98fc7443639c52b3c561e00186b8d80efb554cba45399a2b730,
backend/internal/pkg/errors/errors.go,same,infrastructure,631a3e14a7120471cb3e11a328af439379350f023172ff75e1410c860bb72425,631a3e14a7120471cb3e11a328af439379350f023172ff75e1410c860bb72425,
backend/internal/pkg/errors/errors_test.go,same,infrastructure,b67e9b5049f80bee57601b8c4850ca2b7f3ecc1142fae374ccee26208242a1b5,b67e9b5049f80bee57601b8c4850ca2b7f3ecc1142fae374ccee26208242a1b5,
backend/internal/pkg/errors/http.go,same,infrastructure,e206ee307b2f54c85b1bd0cfed76ca0f805451f73f6ed128fc1411ac8c117699,e206ee307b2f54c85b1bd0cfed76ca0f805451f73f6ed128fc1411ac8c117699,
backend/internal/pkg/errors/types.go,same,infrastructure,9cbe2f0eee91eab85194363668784c17948ef8bac5b4caeb55a09eb3fb014569,9cbe2f0eee91eab85194363668784c17948ef8bac5b4caeb55a09eb3fb014569,
backend/internal/pkg/gemini/models.go,same,runtime_provider,019133e01aee8e59d84381baa118cbba2549ab3abf95795ea1257db3aee573d3,019133e01aee8e59d84381baa118cbba2549ab3abf95795ea1257db3aee573d3,
backend/internal/pkg/gemini/models_test.go,same,runtime_provider,0b6102496dc31d151dd0ae5b74038745cb9505ac66596d9f9766f657465d4e10,0b6102496dc31d151dd0ae5b74038745cb9505ac66596d9f9766f657465d4e10,
backend/internal/pkg/geminicli/codeassist_types.go,same,runtime_provider,77bc3fb578675cf7b40f4fd590b52860cb9147d392ed95f5b9ffd2fd7819409c,77bc3fb578675cf7b40f4fd590b52860cb9147d392ed95f5b9ffd2fd7819409c,
backend/internal/pkg/geminicli/constants.go,same,runtime_provider,030c4e19279e1e2e4a6227ca0b98b708f38ea7fcfb7801266428acbba7c90e5c,030c4e19279e1e2e4a6227ca0b98b708f38ea7fcfb7801266428acbba7c90e5c,
backend/internal/pkg/geminicli/drive_client.go,same,runtime_provider,3167feb37b895b594930a12cb3a970df9bff31b29c6277fc00a8dc3ceda8f44e,3167feb37b895b594930a12cb3a970df9bff31b29c6277fc00a8dc3ceda8f44e,
backend/internal/pkg/geminicli/drive_client_test.go,same,runtime_provider,7dc78e16bba3ec27d6b31111a74c06d0fd000670e60ab06878c63f5acacf801f,7dc78e16bba3ec27d6b31111a74c06d0fd000670e60ab06878c63f5acacf801f,
backend/internal/pkg/geminicli/models.go,different,runtime_provider,fc287114d103d6c9d507ed0196a1d348c59eaca705d214c844af3d61dd4a48c7,72d33baf3bbce5165d5acd378458f4e2d54596e499fecdff0c3836816fead23e,
backend/internal/pkg/geminicli/models_test.go,different,runtime_provider,289deb0c5c5e9c2bbaff9d060aac47596d30f4bc85b044598f436aed3d0f69f0,01ec4e0a75a3aa7ca966dbfe7ac0a2843a7ed75a5838ff72d8d4a2937d81d8a2,
backend/internal/pkg/geminicli/oauth.go,same,runtime_provider,14626e092f83e01e52618b56ff0791d239a7bdea2d7c5a4de5d1338578c3e20e,14626e092f83e01e52618b56ff0791d239a7bdea2d7c5a4de5d1338578c3e20e,
backend/internal/pkg/geminicli/oauth_test.go,same,runtime_provider,1302f350aca7de471fc8fdf1cc8e5da9712511c78ac91e40a12af7cbc5515a74,1302f350aca7de471fc8fdf1cc8e5da9712511c78ac91e40a12af7cbc5515a74,
backend/internal/pkg/geminicli/sanitize.go,same,runtime_provider,356a5b6db9091e9512cf13afc04bdb4e5e06c5fb9a70d14c26bc2be57b36f4f1,356a5b6db9091e9512cf13afc04bdb4e5e06c5fb9a70d14c26bc2be57b36f4f1,
backend/internal/pkg/geminicli/token_types.go,same,runtime_provider,a74c08a1922cc2f8e027d960de98aa6fd66d3cf02eccc458a5162950a183db71,a74c08a1922cc2f8e027d960de98aa6fd66d3cf02eccc458a5162950a183db71,
backend/internal/pkg/googleapi/error.go,same,runtime_provider,4b630478c26cb5cc2329539e2b0d7ca4528f44aa91baf9431f3f9344594b280e,4b630478c26cb5cc2329539e2b0d7ca4528f44aa91baf9431f3f9344594b280e,
backend/internal/pkg/googleapi/error_test.go,same,runtime_provider,54f77017f962353a85f2f84a576774895057f209cadf7d89cb5a6148dad528c3,54f77017f962353a85f2f84a576774895057f209cadf7d89cb5a6148dad528c3,
backend/internal/pkg/googleapi/status.go,same,runtime_provider,077bce8d66451fe395c9cdf294f16cc9ef3d5450e0f6ad73bf872b2b7a784d5c,077bce8d66451fe395c9cdf294f16cc9ef3d5450e0f6ad73bf872b2b7a784d5c,
backend/internal/pkg/httpclient/pool.go,same,infrastructure,2b81a6f02b6b09a36708fdb55a76a7037c50931b4dd912734f59807530275902,2b81a6f02b6b09a36708fdb55a76a7037c50931b4dd912734f59807530275902,
backend/internal/pkg/httpclient/pool_test.go,same,infrastructure,ccfb8bccf466d0b2d74ab556c46ef563fdde78e3ef02b660b5088d407e6fc62c,ccfb8bccf466d0b2d74ab556c46ef563fdde78e3ef02b660b5088d407e6fc62c,
backend/internal/pkg/httputil/body.go,same,infrastructure,12dd497fe30552d12ef4de27c32b9c9fc6c685a00f5cbfd4599b297ee34849c7,12dd497fe30552d12ef4de27c32b9c9fc6c685a00f5cbfd4599b297ee34849c7,
backend/internal/pkg/httputil/body_lenient_json_test.go,same,infrastructure,9add698868206a61c4bfe64eac75c3bf15fbcb10dc56e006d2ed591c8a181573,9add698868206a61c4bfe64eac75c3bf15fbcb10dc56e006d2ed591c8a181573,
backend/internal/pkg/httputil/body_test.go,same,infrastructure,877ba4e2a06c6375bc67ed968c9e6c85954e51af5ba815e039c3239784408b0b,877ba4e2a06c6375bc67ed968c9e6c85954e51af5ba815e039c3239784408b0b,
backend/internal/pkg/ip/ip.go,different,infrastructure,4802ce380d18131d83fd0ab6c5bfd7dbe040e0d0ae3658ce50337c078bcf92f8,9b45bcc050074ef4c15c4d19a89a87c551e4aeb93e4553d41605ad5e81a90250,
backend/internal/pkg/ip/ip_test.go,different,infrastructure,7e286987b81bbbcc847c174f9a9ea2a2da9db640ad7144da2828da9c592bc1fa,067c5c599986732c62e18939c8d0676b88872269a9d0e31b2cf6f530663cdf37,
backend/internal/pkg/logger/config_adapter.go,same,infrastructure,0c6052259f32c8d4e83c22cea3438c736668e20462f783778713f0d18eb7813b,0c6052259f32c8d4e83c22cea3438c736668e20462f783778713f0d18eb7813b,
backend/internal/pkg/logger/logger.go,same,infrastructure,0d85aaefcc4694ee9dd602b2f565ab9b904ad9260cc0d03831fcbab0ba715a23,0d85aaefcc4694ee9dd602b2f565ab9b904ad9260cc0d03831fcbab0ba715a23,
backend/internal/pkg/logger/logger_test.go,same,infrastructure,0de060dba52c9bfac8e966eef1d6efcf97dc95535a2776cd0e55ee632792df9e,0de060dba52c9bfac8e966eef1d6efcf97dc95535a2776cd0e55ee632792df9e,
backend/internal/pkg/logger/options.go,same,infrastructure,4cc4100319c3b16d3109a3d16612a635639e5031b158266342903dc14126f2ed,4cc4100319c3b16d3109a3d16612a635639e5031b158266342903dc14126f2ed,
backend/internal/pkg/logger/options_test.go,same,infrastructure,e91c0a1b8b90f87e0449ed2c35ff8d555073fb8d2b386818867a79cdc390c937,e91c0a1b8b90f87e0449ed2c35ff8d555073fb8d2b386818867a79cdc390c937,
backend/internal/pkg/logger/slog_handler.go,same,infrastructure,1563a0564c8d0710efcafdea4c259892a7ce3fd0e3e808aeb929cfd124a0100b,1563a0564c8d0710efcafdea4c259892a7ce3fd0e3e808aeb929cfd124a0100b,
backend/internal/pkg/logger/slog_handler_test.go,same,infrastructure,0e173b12c66beb6197c1cf1d5d5483b3cc2b1f4ee9077a7fdabbc10f7de5c276,0e173b12c66beb6197c1cf1d5d5483b3cc2b1f4ee9077a7fdabbc10f7de5c276,
backend/internal/pkg/logger/stdlog_bridge_test.go,same,infrastructure,5a6217b4a2372127c299f406634d8e25670e4e80bbedf9bbb1307b29c8fd2878,5a6217b4a2372127c299f406634d8e25670e4e80bbedf9bbb1307b29c8fd2878,
backend/internal/pkg/oauth/oauth.go,different,runtime_provider,02367d429dd6a8f41e306b975f75e32d6f6dce43a88bdb10a3c75c08465f9fb9,5e6efe84d9fbbb9fa519c536510d1fef35b3f58a44fbedfec43f4bead8acd9d3,
backend/internal/pkg/oauth/oauth_test.go,different,runtime_provider,33b37f93bcd10869b67af2a52dbb2b83e187d43ec5e2e56c01e87dbed309b86f,afe2c59f7a4e720dafb4be7ec89bd212ecead260847bb30f248179e4a5f9cb72,
backend/internal/pkg/openai/allowed_client.go,same,runtime_protocol,054ea0914b080cf9c36b95e5d12d36427db3485d639a630c347218d25b984a5d,054ea0914b080cf9c36b95e5d12d36427db3485d639a630c347218d25b984a5d,
backend/internal/pkg/openai/allowed_client_freeform_test.go,same,runtime_protocol,ab75ff5d7e188c8e233dd78a05651ee8a65fe3a73e71171cd3117b9b70eb6025,ab75ff5d7e188c8e233dd78a05651ee8a65fe3a73e71171cd3117b9b70eb6025,
backend/internal/pkg/openai/allowed_client_skip_test.go,same,runtime_protocol,35ba43717fba9cdf93cb3fe9a88bf14c8c6734dbad9d114f45a64d2d650ddc9d,35ba43717fba9cdf93cb3fe9a88bf14c8c6734dbad9d114f45a64d2d650ddc9d,
backend/internal/pkg/openai/allowed_client_test.go,same,runtime_protocol,fa6b5b004411f4e06b9fae48b0db36b99cac68a9321e3efff2293a76eb3040b3,fa6b5b004411f4e06b9fae48b0db36b99cac68a9321e3efff2293a76eb3040b3,
backend/internal/pkg/openai/allowed_client_whitelistable_test.go,same,runtime_protocol,a9b2b9f35b86bc07226d0f0d2f007f647ec60924f18b0deaec9abf77c8acbb0b,a9b2b9f35b86bc07226d0f0d2f007f647ec60924f18b0deaec9abf77c8acbb0b,
backend/internal/pkg/openai/constants.go,different,runtime_protocol,18d9723efffd9b95aaf01eb2ea81ebc8b83a58f2f3e555b151d6100450b64e62,8af00aecbb953517c9890956a29b199b35c0ac6aeb9629619b6fadb96e482cd7,
backend/internal/pkg/openai/constants_test.go,same,runtime_protocol,4b3725367d97f7b90bfcbcb5be81a9bd74b4d9de57dc5087676ffc75fe3f4fb8,4b3725367d97f7b90bfcbcb5be81a9bd74b4d9de57dc5087676ffc75fe3f4fb8,
backend/internal/pkg/openai/engine_fingerprint_signal.go,same,runtime_protocol,77959e3a644290aa5a3e4209430c5675f36bd78adcced322d8ce6e1b4182c564,77959e3a644290aa5a3e4209430c5675f36bd78adcced322d8ce6e1b4182c564,
backend/internal/pkg/openai/engine_fingerprint_signal_test.go,same,runtime_protocol,9d87f0ab3ef23b8a6f7c92828a1354f63f17756113d34f4fb0651526a5dee8bf,9d87f0ab3ef23b8a6f7c92828a1354f63f17756113d34f4fb0651526a5dee8bf,
backend/internal/pkg/openai/instructions.txt,same,runtime_protocol,42842be69650ae563d212695e8d3f3591534908fd8ca33b63f742daf41f88b65,42842be69650ae563d212695e8d3f3591534908fd8ca33b63f742daf41f88b65,
backend/internal/pkg/openai/instructions_gpt5_1.txt,same,runtime_protocol,a2e9567a159ee2c777c540caae2e6e697942dbc89f5fb45e77dce36c73d7455d,a2e9567a159ee2c777c540caae2e6e697942dbc89f5fb45e77dce36c73d7455d,
backend/internal/pkg/openai/instructions_gpt5_2.txt,same,runtime_protocol,c9b2fa097ac69cae82c3d2ae12271083890a96521c55ad8dc14cae5168ad3f39,c9b2fa097ac69cae82c3d2ae12271083890a96521c55ad8dc14cae5168ad3f39,
backend/internal/pkg/openai/instructions_gpt5_5.txt,same,runtime_protocol,c2a980bc28af132eb89e0b4c68ae884043faae83a1afd3fd4889f7e8a1ada7b0,c2a980bc28af132eb89e0b4c68ae884043faae83a1afd3fd4889f7e8a1ada7b0,
backend/internal/pkg/openai/instructions_test.go,same,runtime_protocol,911a39de2e0c953c789ee38d8526413caa6b9879534a39a3f7165df916f42b4d,911a39de2e0c953c789ee38d8526413caa6b9879534a39a3f7165df916f42b4d,
backend/internal/pkg/openai/oauth.go,same,runtime_protocol,d080a475211b3e8a37d8e34529182914f5a63933fe4807d4ea86ad4dd8b98053,d080a475211b3e8a37d8e34529182914f5a63933fe4807d4ea86ad4dd8b98053,
backend/internal/pkg/openai/oauth_test.go,same,runtime_protocol,1531fff325dd3bee9b2b9bf619d0dcf9360ce84159317ca615929e06ef77f43f,1531fff325dd3bee9b2b9bf619d0dcf9360ce84159317ca615929e06ef77f43f,
backend/internal/pkg/openai/request.go,different,runtime_protocol,81d91fff7219e6524cab7f8f801d1367402e02ed3ef41440e745f1704ee4eb1e,6f553543444c43525fb0032b5545340123202531c6beb32350a60a38f5196da5,
backend/internal/pkg/openai/request_codex_version_test.go,different,runtime_protocol,0b705ddeaa69a5bd24a20473ef8fb9542bbd4b44701856c792c0a0d49509fb2a,be55535a939dc48e4a3659781d3b6777046df0e4183a1476a9b57f4a41001c24,
backend/internal/pkg/openai/request_identity_test.go,same,runtime_protocol,d0d259499def9135d112e0d67ab0bbffcdc60596def079e2ab0d250c34d37666,d0d259499def9135d112e0d67ab0bbffcdc60596def079e2ab0d250c34d37666,
backend/internal/pkg/openai/request_test.go,same,runtime_protocol,51383ce1a6e86229d681e43c92c2840ff7c0b4bb39b5c592dca9e23924b42f27,51383ce1a6e86229d681e43c92c2840ff7c0b4bb39b5c592dca9e23924b42f27,
backend/internal/pkg/openai/request_version_test.go,same,runtime_protocol,63be9c709dde171d0d416baf3bd6bdf7983cf83ca5f13930b0b6da455c88838e,63be9c709dde171d0d416baf3bd6bdf7983cf83ca5f13930b0b6da455c88838e,
backend/internal/pkg/openai_compat/upstream_capability.go,different,runtime_provider,12ce8c0da5f78d979101d26f5bbf394abe72e188f064d21ed3f6a2bd65e17c1a,a238762c09eeccaa26ac57920e51fd84a3d3eeb507eba1198403e12a8fb02183,
backend/internal/pkg/openai_compat/upstream_capability_test.go,different,runtime_provider,228074ee4f0e1042a2a6768416aff5f7ea903e0b3812cc37737ecdc137e7200e,9012cf501091e4eb6189acbeb5f63636484dda53402b49680e81e32d511c8e9c,
backend/internal/pkg/pagination/pagination.go,same,infrastructure,583098c33af1b0c9ebca6e17eb5325243d88ca22b6c55cf2c0bf7dee9063eb7d,583098c33af1b0c9ebca6e17eb5325243d88ca22b6c55cf2c0bf7dee9063eb7d,
backend/internal/pkg/pagination/pagination_test.go,same,infrastructure,60caf1bbbc344e77afcad30d73290e75e1bcf3b35400de71098c6f21f7b792eb,60caf1bbbc344e77afcad30d73290e75e1bcf3b35400de71098c6f21f7b792eb,
backend/internal/pkg/proxyurl/parse.go,same,infrastructure,21ae5186238cfb8e99f5bbf66590faceeb8a2394f72b28f125f1a16851f475e0,21ae5186238cfb8e99f5bbf66590faceeb8a2394f72b28f125f1a16851f475e0,
backend/internal/pkg/proxyurl/parse_test.go,same,infrastructure,a3f6df285a1593984dce8886b8e18419d61c1caade4c595d2ef18fdb57b162fe,a3f6df285a1593984dce8886b8e18419d61c1caade4c595d2ef18fdb57b162fe,
backend/internal/pkg/proxyutil/dialer.go,different,infrastructure,0c6f79225516a49401e060e049c8e429d96c07b9f0a216549028558d1f351222,57519dcf5b579e4bb2806aaff9684efa5eb73136027801b67420ecfcafe4d3dc,
backend/internal/pkg/proxyutil/dialer_test.go,same,infrastructure,a2b21e528fe6de97c321bf8bd872e0058b7e1bf1ef3b1e5dc6094e465061299a,a2b21e528fe6de97c321bf8bd872e0058b7e1bf1ef3b1e5dc6094e465061299a,
backend/internal/pkg/proxyutil/dialer_timeout_test.go,different,infrastructure,ef42a77f4a00cb60e0dd97ea1f1eb5bbc4ebf3b60c4af8dcf62dfc2b1d867ee4,88e9b0c1ada0617afde97caf49d17fa576b08fa66dc4a3300cf8ffb0aba1af23,
backend/internal/pkg/redissession/store.go,official_only,infrastructure,67adaf1c0ff854be90e0f3380233b3d98b2935d7098fa207f51bf9c1be705615,,
backend/internal/pkg/redissession/store_test.go,official_only,infrastructure,7d05cc986e2c380a77ba5774d3b3c1a63e7d79fc022a3ca0da6d6c396b6ff04c,,
backend/internal/pkg/response/response.go,same,infrastructure,38b5dc41d4b75111f950346f19531a95d34458756d53bc90235c81fb03de2d50,38b5dc41d4b75111f950346f19531a95d34458756d53bc90235c81fb03de2d50,
backend/internal/pkg/response/response_test.go,same,infrastructure,6ec249e64a2d212543c59a28c005f3da6c11f80ac940c02e7c432b29cfdf1733,6ec249e64a2d212543c59a28c005f3da6c11f80ac940c02e7c432b29cfdf1733,
backend/internal/pkg/servertiming/collector.go,same,infrastructure,2fdbebcdc32854d47e1004d7d02315e467e12307455db89445c89bb3d5c03faf,2fdbebcdc32854d47e1004d7d02315e467e12307455db89445c89bb3d5c03faf,
backend/internal/pkg/servertiming/collector_test.go,same,infrastructure,aa4ce259a1ddadbff00cad4a7b8b658dc31f20727662fd70ca5df964a17cf1be,aa4ce259a1ddadbff00cad4a7b8b658dc31f20727662fd70ca5df964a17cf1be,
backend/internal/pkg/servertiming/http.go,different,infrastructure,5cda2f1aafadc9b63d23fc57561bde271efc9467643cbfe5226753284dbfb2c8,8c43ddccf6120015b7fe6e7271df87319e577d414761b00084c80d5b00383b75,
backend/internal/pkg/servertiming/http_test.go,same,infrastructure,f846972b9e7b7d75f03c5241b5076322a5f433ae0d6d6f3ba3b5190e35b717bf,f846972b9e7b7d75f03c5241b5076322a5f433ae0d6d6f3ba3b5190e35b717bf,
backend/internal/pkg/sysutil/restart.go,same,infrastructure,2ead99bf048ad23a6196d4f3756149a2925525e6c9e30587ee0db8e6df734168,2ead99bf048ad23a6196d4f3756149a2925525e6c9e30587ee0db8e6df734168,
backend/internal/pkg/timezone/timezone.go,same,infrastructure,947e15e61e9dbbed9a5e70501856d762515b485d6c76e5cdde89f21a12d21263,947e15e61e9dbbed9a5e70501856d762515b485d6c76e5cdde89f21a12d21263,
backend/internal/pkg/timezone/timezone_test.go,same,infrastructure,9741f49cb48048de51ef768b66105043d370ec64d401b30df73c10317195adab,9741f49cb48048de51ef768b66105043d370ec64d401b30df73c10317195adab,
backend/internal/pkg/tlsfingerprint/dialer.go,same,runtime_provider,7dc578b397a791c7de82a12ba77231389f91c158fd3e84b5ba38b101ffbd7679,7dc578b397a791c7de82a12ba77231389f91c158fd3e84b5ba38b101ffbd7679,
backend/internal/pkg/tlsfingerprint/dialer_capture_test.go,same,runtime_provider,ce58f79fff09315d957b1a8080773fb6f8a98c251f9b04c6acb2d2e9c767d394,ce58f79fff09315d957b1a8080773fb6f8a98c251f9b04c6acb2d2e9c767d394,
backend/internal/pkg/tlsfingerprint/dialer_integration_test.go,same,runtime_provider,d6ec906185cf075bf6f09ff8c347b5df1d0b1ea70130c43b533372a2eb85005a,d6ec906185cf075bf6f09ff8c347b5df1d0b1ea70130c43b533372a2eb85005a,
backend/internal/pkg/tlsfingerprint/dialer_test.go,same,runtime_provider,c74c8e67c8ef34093cbb864d4a3f8bc738db1dea49c9be7f894d8f599268457b,c74c8e67c8ef34093cbb864d4a3f8bc738db1dea49c9be7f894d8f599268457b,
backend/internal/pkg/tlsfingerprint/test_types_test.go,same,runtime_provider,5a0a6e44c05c6ba8037296e5c2d91bea8b41d519bb53053ebe55785d16ed78ab,5a0a6e44c05c6ba8037296e5c2d91bea8b41d519bb53053ebe55785d16ed78ab,
backend/internal/pkg/usagestats/account_stats.go,different,infrastructure,f0669df51d7bd82fd8b07d6a4e8275dbb8a17e00940e84d4432bf7b06fc9c355,f6b43f9d69a152da4ad9e9648d12e42e5699efba755efcc4ca16618b4e6efe4d,
backend/internal/pkg/usagestats/usage_log_types.go,different,infrastructure,dfee7da5c5d8888d95bd63d747c039fc658da9c54adcda3cb20ec2ec68cb8b68,00f943940cf31909966fbbb032cac5655071b4b1d74caf5a6db39eaf8dbb89b3,
backend/internal/pkg/usagestats/usage_log_types_test.go,same,infrastructure,0a42eb890f5d7059fc1ee19d30836d0b951ffc7594552848d43b0ffe721c99e9,0a42eb890f5d7059fc1ee19d30836d0b951ffc7594552848d43b0ffe721c99e9,
backend/internal/pkg/websearch/brave.go,same,runtime_provider,96a5c728cfde63563ee817be2d7b414060e456b6dac686509086b91fc3ff6894,96a5c728cfde63563ee817be2d7b414060e456b6dac686509086b91fc3ff6894,
backend/internal/pkg/websearch/brave_test.go,same,runtime_provider,1380276fc33cba062955bb4c2438b7b65c2f665ddd2c759b5c030b458741260b,1380276fc33cba062955bb4c2438b7b65c2f665ddd2c759b5c030b458741260b,
backend/internal/pkg/websearch/helpers.go,same,runtime_provider,6a53dd65e8e411b17c7715b9817947b28df77e0dd5085450a873e705a6ffc43a,6a53dd65e8e411b17c7715b9817947b28df77e0dd5085450a873e705a6ffc43a,
backend/internal/pkg/websearch/helpers_test.go,same,runtime_provider,f5a954dcc42178f6c40e5590fc080cd8a3d1a603185902823a7b34bc545ceafa,f5a954dcc42178f6c40e5590fc080cd8a3d1a603185902823a7b34bc545ceafa,
backend/internal/pkg/websearch/manager.go,same,runtime_provider,54e76fbbd5e74e41131737bdd9d1cb51f73dd2fdcd794b52ed6b6c4347c04a52,54e76fbbd5e74e41131737bdd9d1cb51f73dd2fdcd794b52ed6b6c4347c04a52,
backend/internal/pkg/websearch/manager_test.go,same,runtime_provider,75c0cc400450975001daaca5328f8829b68daab9825216ca817493217591e1ae,75c0cc400450975001daaca5328f8829b68daab9825216ca817493217591e1ae,
backend/internal/pkg/websearch/provider.go,same,runtime_provider,29afdbcaa79c8da12882d00a2b4d5c5ec858bf1524a7ad1850ecff015a10d76f,29afdbcaa79c8da12882d00a2b4d5c5ec858bf1524a7ad1850ecff015a10d76f,
backend/internal/pkg/websearch/tavily.go,same,runtime_provider,522a2dc1f853fc4c5cdbcbbc1ff891bd3cfdc10d220c2488d671f5c4ac548745,522a2dc1f853fc4c5cdbcbbc1ff891bd3cfdc10d220c2488d671f5c4ac548745,
backend/internal/pkg/websearch/tavily_test.go,same,runtime_provider,946f0043255be3d10468be8b9bd5447b9b707ba3f6e63cd634d87cce58424f3b,946f0043255be3d10468be8b9bd5447b9b707ba3f6e63cd634d87cce58424f3b,
backend/internal/pkg/websearch/types.go,same,runtime_provider,73916f2169fdd14c3fb30d00679fdb7f7b1e40ead4d3c7425304c03f482ea81c,73916f2169fdd14c3fb30d00679fdb7f7b1e40ead4d3c7425304c03f482ea81c,
backend/internal/pkg/xai/billing.go,different,runtime_protocol,78307ff2ff958ace7e5d36d17190102dafabbf8369385ce7358bceee6a4c2241,1b9861449ddbe927d8f7eb0fcb9dadabbb794516fa44f493a91471a2146da652,
backend/internal/pkg/xai/billing_test.go,different,runtime_protocol,f3b72891cd16f8f6926fa09a7ef9a69cda2f91b36661eea6e1028addb0347910,7799be4ec827736fff8aa6db614eae8004dc3b2086bac4ad1c07dd6cb9fa1b87,
backend/internal/pkg/xai/cli_identity.go,official_only,runtime_protocol,fc2768cfcca65763adbfe26ccbdb2b75880a802ec7d896ab389588417a428e9f,,
backend/internal/pkg/xai/cli_identity_test.go,official_only,runtime_protocol,e7f3f57d986e6e9bac6368c4074c7109e3cc3fb080e7aebb112fe28ec6cbe691,,
backend/internal/pkg/xai/models.go,different,runtime_protocol,8c41285d061a4cd9995074e86e798c1308207ffcf1655e357748ad416520e7ed,df0bb490f50f2406dc2cd087b6718c1ed3d1dc5f58a5d6a344f42eb733be1cf6,
backend/internal/pkg/xai/models_test.go,official_only,runtime_protocol,456906f20fd351d1b6f18e26d4030ac5d5f23103ba04bff43f05bf1f4e457bf3,,
backend/internal/pkg/xai/oauth.go,different,runtime_protocol,ee0c44317227226630e4bcff64b11b092d0bcd2d0d708e43305ab74fe7d4f32f,567d338f235e26b124d0340932cd97f7c59d631ad6dc083037e41c99751d300b,
backend/internal/pkg/xai/oauth_redis_fallback_test.go,official_only,runtime_protocol,1122fc892d20c027fd5ecb2627bee81a29ffa78ef9722d7797d7b2fda816e73a,,
backend/internal/pkg/xai/oauth_test.go,different,runtime_protocol,43338aad52eb6edf8c6b677f5dc3f38151432244a9b41b9351b637a68cf2ae17,685b8521065cfe34ccd6feeed1c4f9379cd763fa6ba835a856eb7dbfbae8150a,
backend/internal/pkg/xai/quota.go,different,runtime_protocol,4dfe6bccc115156a63793e4c7c172c4c37a081fd26e79fa44ed3e79ac03872b2,2ad379103580a2cb50f293e2f000335f154fa064bf225d0c7006232c5a05062a,
backend/internal/pkg/xai/quota_test.go,different,runtime_protocol,8dea28ae2d85e90350815ced1cf4908b2c79bee83fa0039350af37aa23947f10,44c6ad598bb80c58b6ed8aa8e967bc369b2d70a2b14eb04ec6e1b5ad0696d84e,
backend/internal/pkg/xai/sso_device.go,different,runtime_protocol,89d2108c7b4b6c4da2dd310623bcefb73138c3512f3b84104f9d68e54cae8c9b,48dc08a353dbf7f427ec474a9fccda049e812310a79e8da1dd4e7fc1c1280100,
backend/internal/pkg/xai/sso_device_test.go,different,runtime_protocol,20360fbd6fcc8904eecc47369896c8c6c7f309d987439a9ab875411073d029a0,fa128674f2a2c4b8d0b164151c57450382d6321b82c99bd857190fc024b24c2d,
backend/internal/pkg/xai/subscription_tier.go,official_only,runtime_protocol,acb6b8058e33735bda9c551425e1ce4983dc80f2de2914fb78d46de91de899af,,
backend/internal/pkg/xai/subscription_tier_test.go,official_only,runtime_protocol,a372ae0b3bc736d430982d090aff8aea4a95897a7805916b42221e5db96146e7,,
backend/internal/pkg/xai/usage.go,official_only,runtime_protocol,4bab21ae6537e8b03261779ea558209cf704d27694634c912a2b11bd4a067c6e,,
backend/internal/pkg/xai/usage_test.go,official_only,runtime_protocol,64df29eede9e84e733d2bc8f1f9c0c4e21abeb580be694e187fcb1765aae2f99,,
backend/internal/platform/liveattestation/attestation.go,same,runtime_provider,3a3b250eceeb733328eda7e70299b08ac527e03d2a9aa5d937c93ad043fd7ee3,3a3b250eceeb733328eda7e70299b08ac527e03d2a9aa5d937c93ad043fd7ee3,
backend/internal/platform/liveattestation/attestation_darwin.go,same,runtime_provider,ed0151f0ee5a630f0ffb0c134589f8073990752f44f0ffb9d625b7409c7d34de,ed0151f0ee5a630f0ffb0c134589f8073990752f44f0ffb9d625b7409c7d34de,
backend/internal/platform/liveattestation/attestation_unsupported.go,same,runtime_provider,b4e12d2e7bf803d20b484aa57dff6d10e0bcaa1ade88343e6a7653ee7dff0eda,b4e12d2e7bf803d20b484aa57dff6d10e0bcaa1ade88343e6a7653ee7dff0eda,
backend/internal/platform/liveattestation/attestation_unsupported_test.go,same,runtime_provider,0f933360c24b2dc2df60156f3b6b3672892480f2f438bf8f0156f8f04c798e3c,0f933360c24b2dc2df60156f3b6b3672892480f2f438bf8f0156f8f04c798e3c,
backend/internal/productcore/authorizer.go,current_only,productcore,,7a732561df85cf2997c6fc00f8de6753da335334dcc1ff1047338e235bec5934,
backend/internal/productcore/authorizer_test.go,current_only,productcore,,345dfba7d76676f634b7ae93194f20f6b3e39cae35fcbefe518a5889d1ecc295,
backend/internal/productcore/errors.go,current_only,productcore,,4c14aaca356537fe1d54c7abb6e698670b6b05d8a6451b8034f42e82a63b535c,
backend/internal/productcore/ports.go,current_only,productcore,,649f239f1316c793f4690ca063e2831d7dc564bb5e5ec4e8e693c274a8227976,
backend/internal/productcore/types.go,current_only,productcore,,99891d08fe9a29fddbec5156a4fb0c1a2d0fa10962bbe77f1cbd76a451a52e41,
backend/internal/repository/account_repo.go,different,runtime_provider,2af2586926699c4131078c6e4fcec6a3ec952cf992b84f8ed04115d35d82d6fb,0eb04d9a88671d0aee8f70d6768f74c53144e3c2c7a14e0948974dbc9ca79808,
backend/internal/repository/account_repo_auto_pause_test.go,different,runtime_provider,8574ad7a554eece524e8dc889f7d590beabf35ac99a17a254cb840ab2e5d8735,a6b74b85be4694f1874ad5066a9f11bd53ff01f574455600b99cbaff4afee5e2,
backend/internal/repository/account_repo_codex_fingerprint_seed_test.go,same,runtime_provider,8362d6d6e1b59a037cc3f6c0015d56986ee9fc3baaae5767d0976cd548691e1d,8362d6d6e1b59a037cc3f6c0015d56986ee9fc3baaae5767d0976cd548691e1d,
backend/internal/repository/account_repo_compact_extra_test.go,same,runtime_provider,d585596062d237410a0683574237f5b4b358248386acf0292a13d38cd765c17c,d585596062d237410a0683574237f5b4b358248386acf0292a13d38cd765c17c,
backend/internal/repository/account_repo_duplicate_integration_test.go,official_only,runtime_provider,af6f9b2c9d6cfdf19b6fa42949acede707d63e5c1beb5b55b815af05566eeaa7,,
backend/internal/repository/account_repo_grok_billing_test.go,same,runtime_provider,4254907be182f5d6c02134139b2b119340cc7efadad60d4353c45c6fdc4bbab1,4254907be182f5d6c02134139b2b119340cc7efadad60d4353c45c6fdc4bbab1,
backend/internal/repository/account_repo_integration_test.go,different,runtime_provider,2154a3b8fc927e12735b6a553056d1695ae17f52720344dbe995ec1952400a22,5e90c86253113b5799abe0c938b54eb18dca3ed45d8b119ecf3c938dbfc3c7a2,
backend/internal/repository/account_repo_model_availability_test.go,different,runtime_provider,d44533a872c81fc942b4a837227f74c488e889c30635122e2df7fcd76973ba25,0e32fa612dfeb34443418a176fa0673a38a8826181e1c4911d7e8aba47f02e56,
backend/internal/repository/account_repo_ollama_cloud_usage.go,different,runtime_provider,9b649dff8c16b91e96989c2b5b5dcc40610a718847cb5da0cb3629de61e813a0,8f14619f566aac5129ba5ca0f0c6d46b45882f84a3f882f40b214107ab3680ed,
backend/internal/repository/account_repo_ollama_cloud_usage_integration_test.go,different,runtime_provider,7097dc8af736c83f7b38edb4e87983b0f6bd74095ff05609520ad1ea3f02ca7c,9d3aa117a412074efa15c2db2fbeb38e7637ea2785f1a9f7fdc506274a82db8f,
backend/internal/repository/account_repo_ollama_cloud_usage_test.go,different,runtime_provider,0862f73e1bf22b178d9e4ee4866bbd3d7ffc99027f0bfd7469b39fad7c02c022,660190260dcdde7ac9e50d385aaaa689f92ffed63299b84497af8baf64768563,
backend/internal/repository/account_repo_schedulable_projection_integration_test.go,same,runtime_provider,a89d9483ff73ae3a101dbb254ab78fcea2fd4a700e5102df538c0ea43f04afc5,a89d9483ff73ae3a101dbb254ab78fcea2fd4a700e5102df538c0ea43f04afc5,
backend/internal/repository/account_repo_schedulable_projection_test.go,same,runtime_provider,14bf063a88f9fe1291a3ad642816efa2625d35fda9e941d8a640127713463b23,14bf063a88f9fe1291a3ad642816efa2625d35fda9e941d8a640127713463b23,
backend/internal/repository/account_repo_sort_integration_test.go,same,runtime_provider,62f034ace9fc12e484ea684aee4f149afd6784d19b64c67e2c552a06811ebe3f,62f034ace9fc12e484ea684aee4f149afd6784d19b64c67e2c552a06811ebe3f,
backend/internal/repository/account_repo_spark_shadow_test.go,same,runtime_provider,351e9a71e3b36e5e26ec6f9ab61fa910ba44c3dfe429a5466e37dd88e3734239,351e9a71e3b36e5e26ec6f9ab61fa910ba44c3dfe429a5466e37dd88e3734239,
backend/internal/repository/account_repo_temp_unsched_test.go,different,runtime_provider,b3149d87e6fe4de69fb6634ff757dcca85b3cbf11869d2204cf3501c0c40697c,8ad1a9bc1ff66c9c8b36d8b1250a730496bf321952cc2dc331a6d2b07c9ad85e,
backend/internal/repository/account_repo_test.go,different,runtime_provider,f357d520daa356b1397602b590d328ab52d43f51af9e710df12a6b6ce4d833c8,2aebefa0356a617e934751b9333e62ab2a3ab3e8cb40cc6e5b9fde6c5c01f7eb,
backend/internal/repository/account_repo_upstream_billing_probe_cas_test.go,different,runtime_provider,629800fa457ce6de9f90fe194d2ee597e00a5e7d2ae273b11dac884038ea89b7,bf9659f72c7285a44cc8148b4b6ade4aecb21ee5cfb15eb37310255282d38e79,
backend/internal/repository/account_repo_upstream_billing_probe_due_integration_test.go,different,runtime_provider,d1504359022c3928b25c7021abe793f1cfd249b1e339f41f2e58de2d6d6be17d,6265b180e58f5a88ad4196b3ce2f90f806ef687e430097b0c66a115ca20c6c2f,
backend/internal/repository/account_repo_upstream_billing_probe_due_test.go,different,runtime_provider,c5c1e9b59b0ebc9e730046636a24706bec8149c0dcbbf8aa49ee771e6e7485c3,77d78dc69c8ceb20279021c6b6f2acb0ccc64ee00798b8b8406afd33acf38271,
backend/internal/repository/account_repo_upstream_billing_probe_test.go,same,runtime_provider,bb8470576eefdd7359544624488ceaab5d784375f229505befa5044a4bf1a52b,bb8470576eefdd7359544624488ceaab5d784375f229505befa5044a4bf1a52b,
backend/internal/repository/account_repo_upstream_billing_probe_update_test.go,different,runtime_provider,5ac8d112b22f013586d4329051c92309bd637b39deef0a79b1839f7efe8e97cf,81f1fae3a64064210c798520f970681700bd9d877f33d48aed318b027f6b15f9,
backend/internal/repository/aes_encryptor.go,same,infrastructure,8965d6d89a8c7209a18a5dd9feb264d28249db1ec8be230fe2bb5173e68a69c7,8965d6d89a8c7209a18a5dd9feb264d28249db1ec8be230fe2bb5173e68a69c7,
backend/internal/repository/aes_encryptor_test.go,different,infrastructure,b89c008accc584551486d049eddba7eb7625273cc3888ebb8a2ba805c309a251,501706dd756a87cc1536d18bcf099af67ab45aa4dd3f672a5ff3f129a7f1a30f,
backend/internal/repository/affiliate_repo.go,same,productcore,ff64c3337a0828f0d2c232b5a8ca89f53bbd0a8a02b95f3038070d64c9060816,ff64c3337a0828f0d2c232b5a8ca89f53bbd0a8a02b95f3038070d64c9060816,
backend/internal/repository/affiliate_repo_integration_test.go,same,productcore,e471e383eba7a98a89beae0804416ca275af8f251fa0d56cd93fc5e34c81f816,e471e383eba7a98a89beae0804416ca275af8f251fa0d56cd93fc5e34c81f816,
backend/internal/repository/affiliate_repo_test.go,same,productcore,da4f0832de3325ba9dde041b7f2e8bbc93f5675a46c7eab4c853cf0949e8f95d,da4f0832de3325ba9dde041b7f2e8bbc93f5675a46c7eab4c853cf0949e8f95d,
backend/internal/repository/aliyun_captcha_verifier.go,official_only,productcore,dc1cfe89f4a9de6e8cadc9168829681f1e7dc4820bc98aa034890bc6a931d66e,,
backend/internal/repository/aliyun_captcha_verifier_test.go,official_only,productcore,e87fae31bf61a99e9e8cb71b7776d449c56438e8468ccaa266e0a429fc1dfb3b,,
backend/internal/repository/allowed_groups_contract_integration_test.go,official_only,test,de22354f12a6d60155ce1b9339b13a3426b6ca004fedb58ba979d8f65ee7a9f2,,
backend/internal/repository/announcement_read_repo.go,same,productcore,e25812d1bb948fa550a7407f282a6cbf4e1f823b9f6934caf359f95fe72dc6f8,e25812d1bb948fa550a7407f282a6cbf4e1f823b9f6934caf359f95fe72dc6f8,
backend/internal/repository/announcement_repo.go,same,productcore,852215a881b1ab4a861fe32f226efeb155f1f98ab0b259ec1ca8a3945fe4455c,852215a881b1ab4a861fe32f226efeb155f1f98ab0b259ec1ca8a3945fe4455c,
backend/internal/repository/announcement_repo_sort_test.go,same,productcore,245137034c039118727a890cb14dae16d0996170cba8a4bc9b6f2cd1d385a48e,245137034c039118727a890cb14dae16d0996170cba8a4bc9b6f2cd1d385a48e,
backend/internal/repository/api_key_cache.go,same,productcore,b3d25373b09ebb47e416cccc5312656629fd1c325442fad869087255695fa603,b3d25373b09ebb47e416cccc5312656629fd1c325442fad869087255695fa603,
backend/internal/repository/api_key_cache_integration_test.go,same,productcore,b701cdf56acb0badd40021e7207113b3e40aad3c96957e02dbdf3ee2b57adea8,b701cdf56acb0badd40021e7207113b3e40aad3c96957e02dbdf3ee2b57adea8,
backend/internal/repository/api_key_cache_subscriber_test.go,same,productcore,4c0980bed89b60e66124942963d7d32fb30d08b36cf785d5eebd0df64d6885ad,4c0980bed89b60e66124942963d7d32fb30d08b36cf785d5eebd0df64d6885ad,
backend/internal/repository/api_key_cache_test.go,same,productcore,905f26ba43fb225f3c32a27a19f26d19b1616e02242440788513f3c35c6611d8,905f26ba43fb225f3c32a27a19f26d19b1616e02242440788513f3c35c6611d8,
backend/internal/repository/api_key_repo.go,different,productcore,f6a4ca35a7499558a4a6e7223a602b8b06c411a86fd5b07265b1898c5ef5ba62,a71f05703016eea92a9c6bff98eb91ca9134b9696e086607c33126f67bc3679a,
backend/internal/repository/api_key_repo_integration_test.go,different,productcore,de5faeb328146a470e12b200855f6d8b04982f5a99649e622606d29bce3c5eb5,10832d4d61f935ec298ad98baa556f649f19c4e5d947ba3c68efd0f5662f50b9,
backend/internal/repository/api_key_repo_last_used_unit_test.go,official_only,productcore,d441bfcb3ffe801438987fdcfb77a2603159aa2485b00fc1286ab41fe62341b0,,
backend/internal/repository/api_key_repo_lost_update_integration_test.go,same,productcore,79f73f5a3556e2fef0fca2ac2bcd24bad6e5bbcff48f6542f89ada80557e8e52,79f73f5a3556e2fef0fca2ac2bcd24bad6e5bbcff48f6542f89ada80557e8e52,
backend/internal/repository/api_key_repo_messages_dispatch_unit_test.go,official_only,productcore,1c486e8db91c0608dfa5e3a999e97884ca8198fd70deccdae408556b82e37152,,
backend/internal/repository/api_key_repo_openai_fast_projection_integration_test.go,official_only,productcore,cc3f25127d25b187fab1a4656ef73b56fc9770d328113ddd7a92cabcaee5eaad,,
backend/internal/repository/api_key_repo_profit_projection_integration_test.go,official_only,productcore,213e6bc9ff375db3326a3cb99c544ab209afe1cfd7f6c57c52bbe08c962bbad6,,
backend/internal/repository/api_key_repo_sort_integration_test.go,different,productcore,e565eb11d04e9e11d5697f55399298af0116bde56bf0b599f9e77706bb0b1efb,62ee4891329c69c80a89d8315ae67b06910c6983f6265b69f8bdc792a11c3292,
backend/internal/repository/audit_log_repo.go,same,productcore,9dcec1838542deeb5cd0f486fd80ce759fe51792fa80f8df6bbe2739b218420c,9dcec1838542deeb5cd0f486fd80ce759fe51792fa80f8df6bbe2739b218420c,
backend/internal/repository/auth_cache_invalidation_outbox_integration_test.go,official_only,productcore,af7a528d84414c2d5138b792cda59a5f4928fb235f7a9d194ae5037aac6e23db,,
backend/internal/repository/auth_cache_invalidation_outbox_repo.go,same,productcore,2071572094e3f3042ff6e746818a5494cab0e0ac8699947fcbb096d5f6b13156,2071572094e3f3042ff6e746818a5494cab0e0ac8699947fcbb096d5f6b13156,
backend/internal/repository/auth_cache_invalidation_outbox_repo_test.go,official_only,productcore,20a639dbb614249bf93b15d4b31a77553e788343106e800cb9e9c7e9573c5f18,,
backend/internal/repository/auth_cache_invalidation_profit_integration_test.go,official_only,productcore,eb6569a03ebfc9c6d46f3d57dbb0584e14773a1db2396b48896db56c6dc9920c,,
backend/internal/repository/auth_identity_compat_backfill_integration_test.go,same,test,74df666bbc2ec576ba0b6433eac64ee0cfa581419ac4b7978c429a4da13c816a,74df666bbc2ec576ba0b6433eac64ee0cfa581419ac4b7978c429a4da13c816a,
backend/internal/repository/auth_identity_legacy_migration_integration_test.go,same,test,6fc330e00e2355aa197b7a932d1a3f82576f56e2e95e53bd2fb632ac4cc861d7,6fc330e00e2355aa197b7a932d1a3f82576f56e2e95e53bd2fb632ac4cc861d7,
backend/internal/repository/backup_pg_dumper.go,same,infrastructure,05cfdc130621371022a3b8890f82cf9410ddb9cacf2748596acd43dc78d01056,05cfdc130621371022a3b8890f82cf9410ddb9cacf2748596acd43dc78d01056,
backend/internal/repository/backup_s3_store.go,different,infrastructure,7d1eaac7643e39cf22c0d53e59d9eec7cae9192a956662c7dab302cfb46e441a,917dfa768ae085ecf713235f589412b048dce8846cf1809682771dce346b60c7,
backend/internal/repository/backup_s3_store_test.go,official_only,infrastructure,5ba1bd95194775a43b82cb26e5def85fb2acc870c372496e3e00f9aaf0ca2a8b,,
backend/internal/repository/batch_image_download_limiter.go,same,runtime_protocol,810023586f63bb296099cff7b96bc8118e4256920fe8bddbc00c2b8671e19238,810023586f63bb296099cff7b96bc8118e4256920fe8bddbc00c2b8671e19238,
backend/internal/repository/batch_image_download_limiter_test.go,same,runtime_protocol,316598b4ef8a6e1062efea13b4f6f073b49583e15909e27189acae71403e27a0,316598b4ef8a6e1062efea13b4f6f073b49583e15909e27189acae71403e27a0,
backend/internal/repository/batch_image_queue.go,same,runtime_protocol,4212fb72e9c9afbb382802a08985badf3835cf8609a8efa46445a09164c3a6c5,4212fb72e9c9afbb382802a08985badf3835cf8609a8efa46445a09164c3a6c5,
backend/internal/repository/batch_image_queue_test.go,same,runtime_protocol,a6c11855724045b9767540dd45802dcd285211c5e2027d24c4defcef70b1b04f,a6c11855724045b9767540dd45802dcd285211c5e2027d24c4defcef70b1b04f,
backend/internal/repository/batch_image_repo.go,same,runtime_protocol,e832b3291ae8afdf565efe019312cb2e6c1257b75948e28d1db0d1b74de9f770,e832b3291ae8afdf565efe019312cb2e6c1257b75948e28d1db0d1b74de9f770,
backend/internal/repository/batch_image_repo_integration_test.go,same,runtime_protocol,5fb293457ffa49c29db8406bff9006c6b93258e35cd898bfc7b9bfe0be697d13,5fb293457ffa49c29db8406bff9006c6b93258e35cd898bfc7b9bfe0be697d13,
backend/internal/repository/billing_cache.go,different,productcore,234266ef1569c0afd6dd48ba682be65a089df65ff2f3d615bbb237853a52a7ad,1023fb98f188a5618a7d6aef8d114a37a71837fc72c9aab120b73f7054838830,
backend/internal/repository/billing_cache_integration_test.go,different,productcore,6c5f892f553b69432a12ede2c14a40bbcee0faa9e0b3c6d33233f95302c42a6e,0cef7292377ed43f1ed3a69a68e3f74892783e6ac0eb2377b3ed646c0f44d2e4,
backend/internal/repository/billing_cache_jitter_test.go,different,productcore,865a2488d83de305a32c48a9781a5c883e03b2f2b109baa5fd2ffef160fac53e,faa07e801d8f9dbd5b90089f4a45b38c30cdc851e5a07667b4da08ce60f5be6f,
backend/internal/repository/billing_cache_test.go,different,productcore,51a10eeb3f8a9eb03872ede70191b660717ad3dff054f81a43ff9b515582e620,aaa76acd70f31b0c8d64afbc0e82b3c2a63a9f83c42cd5915162fc4acd94d7dc,
backend/internal/repository/billing_cache_user_platform_quota_test.go,same,productcore,4e80c7af340b8474b812c890456e7d48279bd08303ecaee7ab078e7a707708ea,4e80c7af340b8474b812c890456e7d48279bd08303ecaee7ab078e7a707708ea,
backend/internal/repository/channel_monitor_duplicate_test.go,same,productcore,459e514c647394082c4e39b393a6dd8a9a5d0fe8a9d9baaeaf8b7f8dc5dba4e2,459e514c647394082c4e39b393a6dd8a9a5d0fe8a9d9baaeaf8b7f8dc5dba4e2,
backend/internal/repository/channel_monitor_quota_integration_test.go,official_only,productcore,232a9b47b6290baae3bdb9be6b81815abd2a40c9b8ee65a409b1dc0c79f253de,,
backend/internal/repository/channel_monitor_repo.go,different,productcore,1478bf5c7428caff279cc7ea215f3ad754390bdf805cfeab700fa62d1b31c52c,03305853b9fb84c473e652189455b26830c5722f54dd08060daf9cfb15c3e195,
backend/internal/repository/channel_monitor_template_duplicate_metadata_integration_test.go,same,productcore,329e13b836947a25e79fc0b16832b3ac9f084dd822820612b518328316d91d31,329e13b836947a25e79fc0b16832b3ac9f084dd822820612b518328316d91d31,
backend/internal/repository/channel_monitor_template_duplicate_metadata_unit_test.go,same,productcore,be15e8f998eb1da192d2d8a2ac707461c7298242adf3fea771bdd1a5ed2f5fa9,be15e8f998eb1da192d2d8a2ac707461c7298242adf3fea771bdd1a5ed2f5fa9,
backend/internal/repository/channel_monitor_template_repo.go,same,productcore,a44070ab91481c79a1734ce7098fde7aa726d26c5be92aa949ae10a4c7b16bfd,a44070ab91481c79a1734ce7098fde7aa726d26c5be92aa949ae10a4c7b16bfd,
backend/internal/repository/channel_monitor_v2_aggregation.go,official_only,productcore,272dfd4b505cc4efea2f9f14e9a80c57dbf64d7cc301c4683d792b0f0b04059e,,
backend/internal/repository/channel_monitor_v2_repo.go,official_only,productcore,52e2fd96330fe09894a5da5c59eafc19f53be159d78af0041491d576f2c9514f,,
backend/internal/repository/channel_monitor_v2_repo_test.go,official_only,productcore,f3a01b6f0799bc1036c7a68930eb69593067d3946b389a3282dad05057da1616,,
backend/internal/repository/channel_repo.go,official_only,productcore,00db4a987eb3f3f9b6992207b813ce7e51c712fd4a583524a4c29147d7c1a1e8,,
backend/internal/repository/channel_repo_account_stats_pricing.go,official_only,productcore,8038b88930d93396aa5690fc9ce990508a88f4b3f0e4e05a27b3fe12d3faff00,,
backend/internal/repository/channel_repo_pricing.go,official_only,productcore,5151a3119284b0a724bd2dc6399e8ec594dd620325b685c4ced6446e5bb85b67,,
backend/internal/repository/channel_repo_pricing_time_test.go,official_only,productcore,1c8797b374583279c211f5156974428a1f0376f55c86187196bc79cff1da281b,,
backend/internal/repository/channel_repo_test.go,official_only,productcore,17cf610235246aad617a5729fd8087835fa4f6217c3415d3398cd8b16fa24ded,,
backend/internal/repository/claude_oauth_service.go,same,runtime_provider,fd88eb8ddba0ab06ff7e904cda1db8f4b25a1fc69ad1fe54d0e59929d3d41a62,fd88eb8ddba0ab06ff7e904cda1db8f4b25a1fc69ad1fe54d0e59929d3d41a62,
backend/internal/repository/claude_oauth_service_test.go,same,runtime_provider,2cf9cd44af238ff7bb01c5aae05affe744157a879cd18912a776ed9400615474,2cf9cd44af238ff7bb01c5aae05affe744157a879cd18912a776ed9400615474,
backend/internal/repository/claude_usage_service.go,same,runtime_provider,19101965aa6c510d267ea5ca90d72afbd5bd69029cd5745d774ea4c2ba00c620,19101965aa6c510d267ea5ca90d72afbd5bd69029cd5745d774ea4c2ba00c620,
backend/internal/repository/claude_usage_service_test.go,same,runtime_provider,01b9fad3efe537cb2419bede08cf780b7dd7904d47b7702aeb35ba84c2aa32e2,01b9fad3efe537cb2419bede08cf780b7dd7904d47b7702aeb35ba84c2aa32e2,
backend/internal/repository/codex_fingerprint_seed_migration_integration_test.go,official_only,test,cc57ff16457ea13f6580bd22bf9909acbd21ffcc9fd506815b82502ae13bda04,,
backend/internal/repository/composite_model_route_repo.go,official_only,productcore,a733902cd27d513a77a7425355ed31ad23aef39d6f66c22ce56402029e694ce5,,
backend/internal/repository/concurrency_cache.go,same,runtime_provider,d7a5a4ee23a2410589d1c398b18cc04fc48f33e2cac5074d4072fc6705211a32,d7a5a4ee23a2410589d1c398b18cc04fc48f33e2cac5074d4072fc6705211a32,
backend/internal/repository/concurrency_cache_benchmark_test.go,same,runtime_provider,f5dad243b0d4323530859e740ee5db37dfbd812c10d8737ece0c070c71135de5,f5dad243b0d4323530859e740ee5db37dfbd812c10d8737ece0c070c71135de5,
backend/internal/repository/concurrency_cache_integration_test.go,same,runtime_provider,aa835349d5845af5f981a45671f1738e97efd9f7b3906c9061fe6c9d57229b29,aa835349d5845af5f981a45671f1738e97efd9f7b3906c9061fe6c9d57229b29,
backend/internal/repository/concurrency_cache_live_test.go,same,runtime_provider,a49ec39d83f96507ce2c0f9ed40953cb9b9b967fe309286b157fb9b5fb4732d8,a49ec39d83f96507ce2c0f9ed40953cb9b9b967fe309286b157fb9b5fb4732d8,
backend/internal/repository/content_moderation_hash_cache.go,same,productcore,0637f7c459eb4c5e9e58808f4b0c487b720dbe8ca4cd6f386bb47d0e6d2e0ee5,0637f7c459eb4c5e9e58808f4b0c487b720dbe8ca4cd6f386bb47d0e6d2e0ee5,
backend/internal/repository/content_moderation_repo.go,different,productcore,41afb1dbe19249450f8b0ead0cc830b76a686cd50fe2a38fae3dcbaa526d2f55,832406d9564fef99334f2f72c4f376001dd47199daef8a79f378bf238f36645d,
backend/internal/repository/content_moderation_repo_test.go,same,productcore,44dece9110b1c7bfa1a4a499bff214f05bd647ba4b3ad911e094dc905ea535ce,44dece9110b1c7bfa1a4a499bff214f05bd647ba4b3ad911e094dc905ea535ce,
backend/internal/repository/custom_group_usage_rollup_repo.go,official_only,productcore,90922d8124244cf16ba97062bf3b61e5ae329e48b07c9eb08bac5d5004b610ad,,
backend/internal/repository/custom_group_usage_timezone_test.go,official_only,productcore,b8896efb6e150581c6ec158731519a9c592ec3849044b051ca5423fd377d6adb,,
backend/internal/repository/dashboard_aggregation_group_usage_test.go,official_only,productcore,4e4367e2792461f0f74c2543b1ae91517a64c8ce07813bedf4f5c9269b4e32d3,,
backend/internal/repository/dashboard_aggregation_repo.go,different,productcore,791215054114bb3c9a403aaad7f530a710489f9169d2055ebfd6b755a7b03bb5,490cc9ffb99e65270cba9b153dedf013b51bf658a1926c1e12621f7c89213ca2,
backend/internal/repository/dashboard_cache.go,same,productcore,ec8c22d0e2d8058ee62e5343ffa7c45bff7254cd04d6c5482a5b1a7a8201c3f9,ec8c22d0e2d8058ee62e5343ffa7c45bff7254cd04d6c5482a5b1a7a8201c3f9,
backend/internal/repository/dashboard_cache_test.go,same,productcore,83040f384eb591e7aed616452553bf7d25554ac6b8adcf620d8c1dd1598319b6,83040f384eb591e7aed616452553bf7d25554ac6b8adcf620d8c1dd1598319b6,
backend/internal/repository/db_pool.go,same,infrastructure,bd7182fa00e75764f7a7bd3617aa3d8d7e421eec2c6b925e0dae9104c1237d9f,bd7182fa00e75764f7a7bd3617aa3d8d7e421eec2c6b925e0dae9104c1237d9f,
backend/internal/repository/db_pool_test.go,same,infrastructure,bba8647319da1de49e1636f790158c2003385ca2a68bcd0536400cae10e8ac35,bba8647319da1de49e1636f790158c2003385ca2a68bcd0536400cae10e8ac35,
backend/internal/repository/decompress_response_test.go,same,test,4d344cffa685ba72b240fd6d68931a864e83bdbf897d30b6705429aa5508f362,4d344cffa685ba72b240fd6d68931a864e83bdbf897d30b6705429aa5508f362,
backend/internal/repository/email_cache.go,same,productcore,6bebc8c37e18edb4feaf9f9c846192089e0d80ddd4271921668329ad8d1e1a75,6bebc8c37e18edb4feaf9f9c846192089e0d80ddd4271921668329ad8d1e1a75,
backend/internal/repository/email_cache_integration_test.go,same,productcore,207f796b63374caa5267095d048e51f6c5f1aca7eac676f1e0445305220d09c3,207f796b63374caa5267095d048e51f6c5f1aca7eac676f1e0445305220d09c3,
backend/internal/repository/email_cache_test.go,same,productcore,faa66259370521d11ed22653c390ddc8d00c2c163485c0aacf9bfadd36c108df,faa66259370521d11ed22653c390ddc8d00c2c163485c0aacf9bfadd36c108df,
backend/internal/repository/ent.go,different,infrastructure,2f0ee852a07caeab287b739816613e2f96c2ccaa2a3a1df96eee3ef7a8669800,8b2a87bbd2ddf2ef706bfa7844072dc679c95b03fbfc76f9145a8c1140762c00,
backend/internal/repository/ent_init_retry_test.go,official_only,test,cee3b02a54e5e8121630432286c2c758e803446664427a8874e2fe611af67dd0,,
backend/internal/repository/error_passthrough_cache.go,same,runtime_protocol,95118ef7737037c6eb020c78b576d01f498e6164b8de59143a7c25a154b2b590,95118ef7737037c6eb020c78b576d01f498e6164b8de59143a7c25a154b2b590,
backend/internal/repository/error_passthrough_repo.go,same,runtime_protocol,ec7e7d2114cbe6473e99d3e63e75d776a2e852ff7ae17f36087184ada704660c,ec7e7d2114cbe6473e99d3e63e75d776a2e852ff7ae17f36087184ada704660c,
backend/internal/repository/error_translate.go,same,infrastructure,2946ba5d2dec1f799462a972277577dc125faaac6b5c5719b554b4649baa4284,2946ba5d2dec1f799462a972277577dc125faaac6b5c5719b554b4649baa4284,
backend/internal/repository/fixtures_integration_test.go,different,test,3e6fde7da62ccb1a8b4ef7d1353ce073c3a4d2e4bbef6344ef6af291c54ce2c3,42e57cc41ea30fef40bc0a997cea1dd13cf9934a28a41b2e003ccda24a7e67ca,
backend/internal/repository/gateway_cache.go,different,runtime_protocol,f3fac2207d25a6abcb3e4ffa50c6d88abea2476e4604d8d51d9bd7385b8913fb,e7c21a41966ce24e4d1574d2c575a192dc477e31603de52dce3e7b54264be272,
backend/internal/repository/gateway_cache_cyber_test.go,official_only,runtime_protocol,aba29c320cd3ec0edcedcd504f3537bc83877b01cb8aa3635089a2d5cee58eb9,,
backend/internal/repository/gateway_cache_integration_test.go,different,runtime_protocol,e88c200ab73361ff0de87bb3547f7a37bfaeaa40dec26f9a890b34f24596d5ec,7935fa3b9fb7f099a3af9603b6e485d1322d4e00187cbf57501ecff902ae0c25,
backend/internal/repository/gateway_cache_live_test.go,different,runtime_protocol,da16a32047e2133302374b2fc2b829ec1431634128bdde2ce32015a63a5c8d36,ae0940e006fefb3584a9e0a00396f15e128ed1d60e52a20bb1df56d24bbf9bce,
backend/internal/repository/gateway_cache_reasoning_test.go,official_only,runtime_protocol,47dedda76b4b0b9080178d81e1f1bb282e54f4835a89217315219edeac15d026,,
backend/internal/repository/gateway_routing_integration_test.go,different,test,9a2b109d6bce1666bca9131c3145858d43c6e89f1654df26d5ed31bb2136cf8d,2aef2d420843279bb1a5ed503692d7fe88735355e6f71ed00e6ea0c0d3f9c58e,
backend/internal/repository/gemini_drive_client.go,same,runtime_provider,811684a2e44f3aadcd0df88065a947fab0fe500fd3b437d8f670c66250b5897e,811684a2e44f3aadcd0df88065a947fab0fe500fd3b437d8f670c66250b5897e,
backend/internal/repository/gemini_oauth_client.go,same,runtime_provider,8f759054d337828f4af5cba0a0804a586bdd260e78d5719061f23a08a9745e39,8f759054d337828f4af5cba0a0804a586bdd260e78d5719061f23a08a9745e39,
backend/internal/repository/gemini_token_cache.go,same,runtime_provider,f185143beedd7d0d63970d8e2adc129afddcc91272d52aab4607176849e56c19,f185143beedd7d0d63970d8e2adc129afddcc91272d52aab4607176849e56c19,
backend/internal/repository/gemini_token_cache_integration_test.go,same,runtime_provider,03e2819b89c5869a74d90001ff5dbdcd7f61785a6557b9dddec3fd165123bdf6,03e2819b89c5869a74d90001ff5dbdcd7f61785a6557b9dddec3fd165123bdf6,
backend/internal/repository/gemini_token_cache_test.go,same,runtime_provider,7b57d135684735ea5f0efe7dfa17b685c16976bff3598f32892d305d196667e5,7b57d135684735ea5f0efe7dfa17b685c16976bff3598f32892d305d196667e5,
backend/internal/repository/geminicli_codeassist_client.go,same,runtime_provider,471580c6077a003a46a7a08fc0e74cf197fe2ddb6ef765d94eff2b12ece82400,471580c6077a003a46a7a08fc0e74cf197fe2ddb6ef765d94eff2b12ece82400,
backend/internal/repository/github_release_service.go,same,infrastructure,7a13f7b91b487cb59717b822c9a1134ca0ceb0914ac6093daae26af9f953f0aa,7a13f7b91b487cb59717b822c9a1134ca0ceb0914ac6093daae26af9f953f0aa,
backend/internal/repository/github_release_service_test.go,same,infrastructure,8ac508edb358f2c391c85fc304407900c33cd437334f6bafee00a006fd963c56,8ac508edb358f2c391c85fc304407900c33cd437334f6bafee00a006fd963c56,
backend/internal/repository/grok_oauth_client.go,different,runtime_provider,fe6ee8960019419d28075c5531a60405788f6d38114a97e5863f513f7b0a0e16,adc5b085045081bec1bc1ff303650376f53d8de85150c52f963799eebe329b6c,
backend/internal/repository/grok_oauth_client_test.go,different,runtime_provider,140991803ab86c7af3e9e8708a8d6450bebe6d2e34826005152f888b8bedbad4,9ece195f1094c6a356114e4cb925460b67320dc2d12afa7de62fc7674f40e032,
backend/internal/repository/group_repo.go,official_only,productcore,a211ee91b49bda3d7e7ebd355d58e581842a63d97d0ec0d1331319b899affb93,,
backend/internal/repository/group_repo_duplicate_integration_test.go,official_only,productcore,78cfd93982c1d9de6010f50a238acef7c0e9a897f755d32a1cc30b1a61b65b00,,
backend/internal/repository/group_repo_integration_test.go,official_only,productcore,3dc5c34457f3dc04988e0d83edf5b5f8999e15931d09403de057892d767ecaec,,
backend/internal/repository/group_repo_sort_integration_test.go,official_only,productcore,941740a2f946254801a49e390bbb0dd8775290199ecf8149442ca1f4cb404385,,
backend/internal/repository/group_usage_rollup_trigger_integration_test.go,official_only,productcore,37e682e0fa4ed17ce7b6092433e5b6f51e9f94d247c9f67f5295aea107bb5e68,,
backend/internal/repository/http_upstream.go,different,runtime_provider,0783df488446b2a23103020cc4f05618441f9d3655631e6add589dd88e6be0ca,32e1326a62795f3b5f1f9929b266a6c88197fd3d7475b05fd70c4e7c2ee50f0d,
backend/internal/repository/http_upstream_benchmark_test.go,same,runtime_provider,53edc99efc6bbf37d644348d023cb06278c6eb319c3d0016abf37ab982530fba,53edc99efc6bbf37d644348d023cb06278c6eb319c3d0016abf37ab982530fba,
backend/internal/repository/http_upstream_dial_timeout_test.go,different,runtime_provider,0f3bfc537b42f59d46c485c283c64936cb03849433227ab1bf85afb7d5deabb0,a3f2b3f52a1ddb6d085daaadd0b7a3662a9dc43f2245459b359205ba4a7a700f,
backend/internal/repository/http_upstream_http2_keepalive_test.go,different,runtime_provider,34859aeb13ba06dd82b79433efb172e810d519a3f7d19e4a5a6fb67b50e4ec53,8b8b2d47a799538c934c16d42efc9f81f870a2a2f2d38931a3daaad25f41c9a9,
backend/internal/repository/http_upstream_test.go,different,runtime_provider,164f89a93a372f928a03eb6b42fca315d78b6f75976391f94abeb1ce5f8037a9,9220624b8138671c3c43f7bb12bc1b1161e80768d5ebd85bfad96c26144a648a,
backend/internal/repository/idempotency_repo.go,same,productcore,a68cecbfd35cf69cfd7dc1f976ea9ec0ebaf0b461b855572fb2e4109c25a0055,a68cecbfd35cf69cfd7dc1f976ea9ec0ebaf0b461b855572fb2e4109c25a0055,
backend/internal/repository/idempotency_repo_integration_test.go,same,productcore,944fac1b1e63be0ff90e3d0f385c6d92e93df41115b2ec60605a3ef24479e299,944fac1b1e63be0ff90e3d0f385c6d92e93df41115b2ec60605a3ef24479e299,
backend/internal/repository/identity_cache.go,same,productcore,17d5830a4efd321cddcf08e93b8a7cb8dcf3d9deda292ccfed2b265c15adbcb9,17d5830a4efd321cddcf08e93b8a7cb8dcf3d9deda292ccfed2b265c15adbcb9,
backend/internal/repository/identity_cache_integration_test.go,same,productcore,1203714ef596030a3cef95f32d491f8528abe65fd8689006c4a1dc0d5bb20b49,1203714ef596030a3cef95f32d491f8528abe65fd8689006c4a1dc0d5bb20b49,
backend/internal/repository/identity_cache_test.go,same,productcore,eacf9d7973d4d06490701f970033c44031a3b10520c252d936adc1df2e07ec82,eacf9d7973d4d06490701f970033c44031a3b10520c252d936adc1df2e07ec82,
backend/internal/repository/image_storage_s3.go,same,runtime_protocol,24aa11f728130a0f94e8c2043df71ccd98574d7b6be25322ee8a4c79f2aa6bea,24aa11f728130a0f94e8c2043df71ccd98574d7b6be25322ee8a4c79f2aa6bea,
backend/internal/repository/image_task_store.go,same,runtime_protocol,198dbd0b3e222d05a1511c548712a41ce267a7e67640950940775fdeada65220,198dbd0b3e222d05a1511c548712a41ce267a7e67640950940775fdeada65220,
backend/internal/repository/image_task_store_test.go,same,runtime_protocol,b9739d2c329ca7993ac2bedc4e87623eeccb50ff013ab8a77963c87d04638c10,b9739d2c329ca7993ac2bedc4e87623eeccb50ff013ab8a77963c87d04638c10,
backend/internal/repository/inprocess_transport_test.go,same,test,f6b78e546ed6c2b03d3065db69c3f06097564ca6ef3e75de1ea5ad83d07748f6,f6b78e546ed6c2b03d3065db69c3f06097564ca6ef3e75de1ea5ad83d07748f6,
backend/internal/repository/integration_harness_test.go,same,test,fd04a2bdf4282d1e3d7814a3d500d3a0402ce571dadb321d46204809430d240d,fd04a2bdf4282d1e3d7814a3d500d3a0402ce571dadb321d46204809430d240d,
backend/internal/repository/internal500_counter_cache.go,same,productcore,be999d88f04e6b8d376b9abf8dee4546610c39f7c8eb4ebdd8e1e643b5cd69ce,be999d88f04e6b8d376b9abf8dee4546610c39f7c8eb4ebdd8e1e643b5cd69ce,
backend/internal/repository/leader_lock_cache.go,same,productcore,97c6a4f21fb842687a162d30669e454e608de29090a98a9eeedb6648a49a8be8,97c6a4f21fb842687a162d30669e454e608de29090a98a9eeedb6648a49a8be8,
backend/internal/repository/leader_lock_cache_test.go,same,productcore,d6fe8c07b7b16be856917ad8367b75b5c5d1071cb4235336aeaf52cf5181d1dd,d6fe8c07b7b16be856917ad8367b75b5c5d1071cb4235336aeaf52cf5181d1dd,
backend/internal/repository/migrations_runner.go,different,infrastructure,3cbe020909a1c64471db3e881b24993663974766fa8bf424eb2ffe6c16f0a17e,28c76f973c6c8630be770a506300008fbdb61c7b324e5d63181d1b3b0d8e2b4d,
backend/internal/repository/migrations_runner_checksum_test.go,same,infrastructure,a3945e6dd6253b1b97e501fc9b2ff9408c5acd517925822cf22ccf31ba7981e7,a3945e6dd6253b1b97e501fc9b2ff9408c5acd517925822cf22ccf31ba7981e7,
backend/internal/repository/migrations_runner_extra_test.go,same,infrastructure,f842faad1c01f0bf043bc01711299f351a9f4631773dbe541ffec310111cefab,f842faad1c01f0bf043bc01711299f351a9f4631773dbe541ffec310111cefab,
backend/internal/repository/migrations_runner_notx_test.go,different,infrastructure,9034c94fb711444df073e9e6d7981f591c8efe88d742661b090df16fe5b45cd0,999e7f91d40228f9d4dddcdc6b920daa849f7a331950c074bbccde80f274da5c,
backend/internal/repository/migrations_schema_integration_test.go,different,infrastructure,3be1f474a77b3d5699fa02684e64f15c71f992874419a49dddf3eb4577e1837c,89ef335ca000016280b94b042f26201f0fbdf5f589415f76d7211c6b939a4a97,
backend/internal/repository/model_pricing_override_repo.go,current_only,productcore,,367847be49f3309c8598a717539b5b808c8b50480fc1f7ad46d743a3496c902f,
backend/internal/repository/model_pricing_override_repo_test.go,current_only,productcore,,23d06f9619be5970c93ea4276166616f620ac217063acce0df3bd833172747f3,
backend/internal/repository/openai_403_counter_cache.go,same,runtime_provider,b3a893c47573d4aae6bce18cee1355e6c83ae694b1c5ed2686186bedc71efafc,b3a893c47573d4aae6bce18cee1355e6c83ae694b1c5ed2686186bedc71efafc,
backend/internal/repository/openai_long_context_billing_migration_integration_test.go,same,runtime_provider,7fc133f2dbd29dcfe65ff05e9f143778e40efed7e2c1600a3ffbbf1de7476719,7fc133f2dbd29dcfe65ff05e9f143778e40efed7e2c1600a3ffbbf1de7476719,
backend/internal/repository/openai_oauth_service.go,same,runtime_provider,b59d39225286b25809e5eddf09fd6d034d2b6681bd19efadb4eb3abdeaacdad6,b59d39225286b25809e5eddf09fd6d034d2b6681bd19efadb4eb3abdeaacdad6,
backend/internal/repository/openai_oauth_service_test.go,different,runtime_provider,d5de05b9b8f2ef70cd23dbfd261ddf97cae89bedfb98052952881b2e28162314,9c519c73d5f638d7eb90ace79f8c3fd4cdcf07f208be05cd5c12941b6720c235,
backend/internal/repository/ops_error_where_test.go,same,productcore,22347c600a8c95aff62ed208bc9271150b5f083f4ff8f8433b7752848aa84ce9,22347c600a8c95aff62ed208bc9271150b5f083f4ff8f8433b7752848aa84ce9,
backend/internal/repository/ops_ingress_reject_repo.go,same,productcore,23840db8d507cd002e8f23b80ed7d1ad9510c17145c752aed4f40b0eab5aa5ea,23840db8d507cd002e8f23b80ed7d1ad9510c17145c752aed4f40b0eab5aa5ea,
backend/internal/repository/ops_ingress_reject_repo_test.go,same,productcore,6b5ca71b1aafc43717aa803c0016d54377f07b19e1d38afe00ae3eabe28b8bd1,6b5ca71b1aafc43717aa803c0016d54377f07b19e1d38afe00ae3eabe28b8bd1,
backend/internal/repository/ops_platform_catalog_sql_test.go,current_only,productcore,,8d0da47e51ac2daac910e259e2f6c442d566a4b3f47780f8b5e4d01989981aba,
backend/internal/repository/ops_repo.go,different,productcore,a5e240d163b138cba7346da74ecbac60f6e467f4fe8f53415c3a7af046d57a79,3cec3c52644c301bdac03b228d00d45aa036dba510dc6e294c77a01f63295aeb,
backend/internal/repository/ops_repo_alerts.go,different,productcore,e20609846fe9f6e82c0fad075391442c90175932aa24c2b6cc43ca8861e73680,cdff621b47848d829cfff09ee2e05dbb42e4d4fbbebc0cac288a0cdc08a8af75,
backend/internal/repository/ops_repo_args_test.go,different,productcore,62743634d7b8ac042afcf0c776962b079014cddb69e1c21bcbf1ab070f2ba7af,bc082e2986d74d1d0d6ff86cf34a3caed1b37863703f453d794cd217ae84682e,
backend/internal/repository/ops_repo_dashboard.go,different,productcore,24d156cf61fd79debb7f1f6042cc9b0a33711ca06c6d0e7258d9541b45f5b2c7,c47036739910cb19232ecf22ffc88cd41cdc3fcbcc6999a3473e5e911affe944,
backend/internal/repository/ops_repo_dashboard_timeout_test.go,same,productcore,329a74da1d55743726df5c95218d973583da816d6f37d6287393a459a7a7c4c7,329a74da1d55743726df5c95218d973583da816d6f37d6287393a459a7a7c4c7,
backend/internal/repository/ops_repo_error_where_test.go,same,productcore,590a87d36103602b6c1a7f972124cc60fa20cd98e50d7334f604ad4ccabea3d3,590a87d36103602b6c1a7f972124cc60fa20cd98e50d7334f604ad4ccabea3d3,
backend/internal/repository/ops_repo_get_error_log_by_id_integration_test.go,same,productcore,8d2fb4d80a5c927d97fa925e2d4ab29905f16b9f972411b8d11756f3b1010a27,8d2fb4d80a5c927d97fa925e2d4ab29905f16b9f972411b8d11756f3b1010a27,
backend/internal/repository/ops_repo_histograms.go,different,productcore,5472125ded0c1046b72ec995d6d46cfd1252cc01d661c1d95d679ec710d901e2,4560cf429e81542262dae33d3eca1dea69d2fb9439941965191f9b6e7cd38b85,
backend/internal/repository/ops_repo_latency_histogram_buckets.go,same,productcore,25face0d270833252e04a9e1e0df6d8f9b3e3b3bbd1feed1d4cc85a3eddf5b90,25face0d270833252e04a9e1e0df6d8f9b3e3b3bbd1feed1d4cc85a3eddf5b90,
backend/internal/repository/ops_repo_latency_histogram_buckets_test.go,same,productcore,04a15295a773f9d0121badb8bd7dd68c46ca5db244cc4a1bd6bd635ebdedcdda,04a15295a773f9d0121badb8bd7dd68c46ca5db244cc4a1bd6bd635ebdedcdda,
backend/internal/repository/ops_repo_metrics.go,different,productcore,7e5be70462a6f9ab0a1e763a900d52a63a3567edeff91bcbb90e094197ae345c,e35f82d3c2a614674c0e23d744597a294205fda35cb849de498526ad987a650d,
backend/internal/repository/ops_repo_openai_token_stats.go,different,productcore,d2fb26a60752048efd45d33688094464227e553885eff4f81aa3ef585546056a,cef5bd632e9cfb8ced7035c14457c99d022e8fb9fe66d2163aff0c784aafd3af,
backend/internal/repository/ops_repo_openai_token_stats_test.go,different,productcore,3dde821f54e1c8cb81e95a52382a399cdaf41378bfb4fcaf6774c8b63944133d,c17be996654c4e892862da0e0f86db37d60cc7e3780bd0c9cc80960424edbec5,
backend/internal/repository/ops_repo_preagg.go,different,productcore,a2bce33e47f90d95c2e1d01dba81087717badda2b035e034f10aea04f2eedd20,0f26b31c9a479508248e1781bae11a822a9519d7da3f1626e9d31886b5be7862,
backend/internal/repository/ops_repo_realtime_traffic.go,different,productcore,e0c06dedfe52f09db6681745097975b088a08f5920d9b29124cc4b55637c4560,b25a1a41cccdb0a4625c0b018a0c0c81013a3d143ee979d20a684d167c33ee2f,
backend/internal/repository/ops_repo_replay_cleanup_test.go,same,productcore,1e2b18ee20abbcdc45cb12a9feb8685dded663f8f4653ad34cf6afa87d3258d4,1e2b18ee20abbcdc45cb12a9feb8685dded663f8f4653ad34cf6afa87d3258d4,
backend/internal/repository/ops_repo_request_details.go,different,productcore,fd6208b35780dd0a855a23d23f25fef0e25c496fa2d6d21282b9b6b5c309abe7,edc71e2a21f14c7ccabbac856862d1b74fa1892abedff232b149efce4e8c2097,
backend/internal/repository/ops_repo_system_logs_test.go,same,productcore,54d2f20f55b6c509d4101b733f275cb24c2d831461764b9eb9661cefc644da64,54d2f20f55b6c509d4101b733f275cb24c2d831461764b9eb9661cefc644da64,
backend/internal/repository/ops_repo_trends.go,different,productcore,302c7f8465f774ce55c188123675096cd2c93fbea75aab8f55a7f931d0dc74be,8d75c5563d68d7222a36113ed8915859d399e808be890a32035542a660899556,
backend/internal/repository/ops_repo_window_stats.go,same,productcore,fe8e8c8c6b8ae8a632979a6e0bacd0199c6841290278aa796d4fe04a445740f6,fe8e8c8c6b8ae8a632979a6e0bacd0199c6841290278aa796d4fe04a445740f6,
backend/internal/repository/ops_write_pressure_integration_test.go,different,productcore,e2ca93871a9a7c4f3f1da1b5444241f9e8fa028c9b1b24b03c9fb7e40549c879,149f1437e368061d6b8d2cd380ee7442d9d8b84af8dbe69b6ff0231dcd2b9920,
backend/internal/repository/pagination.go,same,infrastructure,c78a5aba13bc8caaf91235d968b59a89ef5389692e6ec87ff76a06a7c4c88e4b,c78a5aba13bc8caaf91235d968b59a89ef5389692e6ec87ff76a06a7c4c88e4b,
backend/internal/repository/passkey_repo.go,same,productcore,0120c86e30963598caf327ea5db9f993850dba8e7732a2350e73cd97bdcb40a3,0120c86e30963598caf327ea5db9f993850dba8e7732a2350e73cd97bdcb40a3,
backend/internal/repository/passkey_session_store.go,same,productcore,fd60f687bbea04e39d0d400cac5f0401a5c88099c26c11e008333df2c4622e96,fd60f687bbea04e39d0d400cac5f0401a5c88099c26c11e008333df2c4622e96,
backend/internal/repository/platform_repo.go,current_only,productcore,,4828e1eacfd9938eb26040eaeef7d1783d5ff31ab138fd2879f64fc49ca6ac90,
backend/internal/repository/platform_repo_delete_integration_test.go,current_only,productcore,,74e6b89116dd408d0fb931ee33c4b4a1415c85964c06a8e0034eb7886eed2ff1,
backend/internal/repository/platform_repo_delete_test.go,current_only,productcore,,8a1483b62ab340f73cbf3264bf9966d2e7230bc736d38832036cf05f4f9d2689,
backend/internal/repository/plugin_repo.go,official_only,productcore,d589463ad3d991fd1f77603dd4f62ffaf72cd452eedd4f1a73280e65529c3b0d,,
backend/internal/repository/plugin_repo_integration_test.go,official_only,test,29cf066dd91d176c859d962653cf9867c0726e7de9c0761ed28eedbee8402c28,,
backend/internal/repository/postgres_errors.go,current_only,infrastructure,,20ba484f5bf197907a0933ed5c9715a4f6559353d485f34aaadbcc9b375826a2,
backend/internal/repository/pricing_service.go,different,productcore,ba753b9cc008becb2916f446f304ef290e2f1803ceebfc0c3303d37a1b6a4dc2,efd97be1ce541966d56dcf408746110b134bf0f5cdca0f6bc632d5e17d306f87,
backend/internal/repository/pricing_service_test.go,different,productcore,89ec7aa7c895735c239de3b9179415c9127ae7da3557f5d20e8e0cc32ac1c5d0,939a72fd990bf180f44e59260766fd3f09f16fe98d10cd5151d2d34c027b2aaa,
backend/internal/repository/promo_code_repo.go,same,productcore,12da0b84a7503756339c1b817f7408f24526594dd2018cff47da716207d79877,12da0b84a7503756339c1b817f7408f24526594dd2018cff47da716207d79877,
backend/internal/repository/proxy_expiry_integration_test.go,same,runtime_provider,399789d231bb156e1949cfdf676fcd6b52dca500bf06d70c60fe551b449d30b0,399789d231bb156e1949cfdf676fcd6b52dca500bf06d70c60fe551b449d30b0,
backend/internal/repository/proxy_expiry_test.go,same,runtime_provider,4152f6622d75b74bcb83b226ab1338a15e1bbf94684a9065b02a103b87932244,4152f6622d75b74bcb83b226ab1338a15e1bbf94684a9065b02a103b87932244,
backend/internal/repository/proxy_latency_cache.go,same,runtime_provider,9c274b64ee0ffab19877d7e5e0f3de056b0b91e7b35088b8e3ae3b79ea3ac6db,9c274b64ee0ffab19877d7e5e0f3de056b0b91e7b35088b8e3ae3b79ea3ac6db,
backend/internal/repository/proxy_probe_service.go,different,runtime_provider,0ece30e4f0cdc980f7898ec67f2ce554170de054f03c4d4a980fad506d590354,33379ace2d890f4f186761c0bde215ab0c2c5b94f7af31974581692eaff554e7,
backend/internal/repository/proxy_probe_service_test.go,different,runtime_provider,3ee378381a8a6a37c9a2ac66de51070e11ec72feb03a2112e0483dcae5c72811,f7653db9fa7be3ac059d6fb4b2a632ffcf3a5477ed6170adada01d35f9fdc210,
backend/internal/repository/proxy_repo.go,different,runtime_provider,64926682191fde9365b6a59cd6631c58574a8b356b03bb1585754948de77ef1d,0fe335b2a89ee687ba0c24aac3163b167fcae3b8f218e709a6471be134cca7db,
backend/internal/repository/proxy_repo_integration_test.go,same,runtime_provider,6ad66fff7c13f078a74b33adc832dca8a36fd642d8cd2e133074a4161c8dcd81,6ad66fff7c13f078a74b33adc832dca8a36fd642d8cd2e133074a4161c8dcd81,
backend/internal/repository/proxy_repo_sort_integration_test.go,same,runtime_provider,a0fd2bbc4d98419c53327cd95cbae0022e7dc4b4e540770a4840b783d79077fe,a0fd2bbc4d98419c53327cd95cbae0022e7dc4b4e540770a4840b783d79077fe,
backend/internal/repository/proxy_repo_upstream_billing_probe_test.go,different,runtime_provider,641705d3ce7db46e8bc18552f13e23248dccffbc367b0fd239cd01d2765306ef,e3269a88102e3b3b6db5189e6e9212c310a1d94e8caa1f9e5e0eb0b86ce17525,
backend/internal/repository/redeem_cache.go,same,productcore,52a8c966b1cc96c21553b77c5ea95a70237a2eb6112399a6008bd05aa9b114bd,52a8c966b1cc96c21553b77c5ea95a70237a2eb6112399a6008bd05aa9b114bd,
backend/internal/repository/redeem_cache_integration_test.go,same,productcore,457d1f3ea0acbd315732d8cff536c17e70356d9e23010db9cddabe4efa84a670,457d1f3ea0acbd315732d8cff536c17e70356d9e23010db9cddabe4efa84a670,
backend/internal/repository/redeem_cache_test.go,same,productcore,08ae880e887e34865ecf142bc1bb0469c2eeb310fdb42c9f25e93beb7692e176,08ae880e887e34865ecf142bc1bb0469c2eeb310fdb42c9f25e93beb7692e176,
backend/internal/repository/redeem_code_repo.go,different,productcore,c82e2c3cb9a28beb56bc21226900ef87f3f4e9bc097f7885543f93d53ed72973,670147670318ea1167f1e8fa248e5dc4d4b61fb2ff66c85760aa29631206e725,
backend/internal/repository/redeem_code_repo_integration_test.go,different,productcore,288efff0bd8d779f070c3c72641e754ec149714e61d75b10b5426fedd0979016,a53c882d0c0d9e4794d4aa0cdb87c59297cdd10df95a098d651eac69c76fd575,
backend/internal/repository/redeem_code_repo_sort_integration_test.go,same,productcore,3159381e8b92b1c1bb77cd9305c459a2e37d2410b84dac6424cc9ac4790e527c,3159381e8b92b1c1bb77cd9305c459a2e37d2410b84dac6424cc9ac4790e527c,
backend/internal/repository/redis.go,same,infrastructure,6a805051a92567bbf1e759010b7167737792b65f10016816b891e6bc358ead17,6a805051a92567bbf1e759010b7167737792b65f10016816b891e6bc358ead17,
backend/internal/repository/redis_test.go,same,test,70c8633f8e081187826b853e445d24bf79fe221fa6770fb8017a853601e7fb4a,70c8633f8e081187826b853e445d24bf79fe221fa6770fb8017a853601e7fb4a,
backend/internal/repository/refresh_token_cache.go,same,runtime_provider,0f8b9f7356ca554aa8df4c77780842a7427a5de8e831279230f0bdc8b00a82c7,0f8b9f7356ca554aa8df4c77780842a7427a5de8e831279230f0bdc8b00a82c7,
backend/internal/repository/req_client_pool.go,same,runtime_provider,a7b0bf43f8ede56bdd206804bb19e6f8e4f62c1352e00c34fe8bb31fcec55ead,a7b0bf43f8ede56bdd206804bb19e6f8e4f62c1352e00c34fe8bb31fcec55ead,
backend/internal/repository/req_client_pool_test.go,same,runtime_provider,5fefe312cd56d7edaac5df38af1230dbdd6fcf356bb0a93bba2867e41c90a52e,5fefe312cd56d7edaac5df38af1230dbdd6fcf356bb0a93bba2867e41c90a52e,
backend/internal/repository/rpm_cache.go,same,runtime_provider,0f96035b831dc4552bd6693fc71c3be3cf40d89ae6768dca83a88fdfb7d1708c,0f96035b831dc4552bd6693fc71c3be3cf40d89ae6768dca83a88fdfb7d1708c,
backend/internal/repository/s3_client.go,same,infrastructure,4765fff9e1e38a093dc66be5efff0e0c1258b49936203eea4e2fa1d263142554,4765fff9e1e38a093dc66be5efff0e0c1258b49936203eea4e2fa1d263142554,
backend/internal/repository/scheduled_test_repo.go,same,runtime_provider,37f8d67dff682ea587ba3f64fcbc0dac5ebdc09ff0471812699fd0f8a3505cd2,37f8d67dff682ea587ba3f64fcbc0dac5ebdc09ff0471812699fd0f8a3505cd2,
backend/internal/repository/scheduler_cache.go,different,runtime_provider,494f5ac1de5117597d41678ae9dc8809414ec249c532067792e39328e8ad759f,99d355fac269809b47f27a89567fce9c95628000fa61813a1e55f02e17084c5e,
backend/internal/repository/scheduler_cache_integration_test.go,official_only,runtime_provider,e54c6439f2271ab440a714bc960965ac52f15dd29e48086b7c189e6694a7ec5d,,
backend/internal/repository/scheduler_cache_last_used_unit_test.go,official_only,runtime_provider,24fdd757318d13cf2be2f96d6441f85a067c926bac1d30153e832f7ac1eba027,,
backend/internal/repository/scheduler_cache_rate_multiplier_unit_test.go,official_only,runtime_provider,85465c4c9f86d9cf4be9a6f2a51d8ca7a15b1531f6f5f81d6aa97c560bd40976,,
backend/internal/repository/scheduler_cache_test.go,same,runtime_provider,ca3daf25e55034ad1742edc7d7666868af8fffd6c7a735f17452e6029e4876bb,ca3daf25e55034ad1742edc7d7666868af8fffd6c7a735f17452e6029e4876bb,
backend/internal/repository/scheduler_cache_unit_test.go,official_only,runtime_provider,07301231e5224d5698310af3b79c312ecd166360f936383e919278ae99b0a32a,,
backend/internal/repository/scheduler_outbox_repo.go,different,runtime_provider,ef0f7d1976a949e8661b2ff614ff3e18df11ac1275947c1a5070f4a0cf924573,d7092909c43f2a6164c30d898a4515a0903c49685b896728b02696082dcea0bb,
backend/internal/repository/scheduler_outbox_repo_test.go,different,runtime_provider,5f95eae01e52cf1cb67ffde8aae1c924ce5367fa62cca5e17bf3eeb918fb6b64,5e5d91f0292038a06a9c3b120d84d76fbdc293872bf1293071775104f4370e87,
backend/internal/repository/scheduler_snapshot_outbox_integration_test.go,same,runtime_provider,3bbd4468b8bcb589b482ad9e4377442b8b2900c40fc691305a6039f5cc6c45f7,3bbd4468b8bcb589b482ad9e4377442b8b2900c40fc691305a6039f5cc6c45f7,
backend/internal/repository/security_secret_bootstrap.go,same,productcore,dae587774fc2822d8dd784629c3ca8e2afaf0c296095efebaa2960c12f7e30a8,dae587774fc2822d8dd784629c3ca8e2afaf0c296095efebaa2960c12f7e30a8,
backend/internal/repository/security_secret_bootstrap_test.go,same,productcore,100cb47334e6e7b3ad84e27d80c0ff9a7c0d9ce8298e2980d9e72e3f27e81b80,100cb47334e6e7b3ad84e27d80c0ff9a7c0d9ce8298e2980d9e72e3f27e81b80,
backend/internal/repository/server_timing_redis.go,same,infrastructure,9024635989d3aeba131bcf1b064412d9d0a84bb6926a3f35760b0298dce2e1f0,9024635989d3aeba131bcf1b064412d9d0a84bb6926a3f35760b0298dce2e1f0,
backend/internal/repository/server_timing_redis_test.go,same,infrastructure,81582d3bc3fca496bccebb7ae1fe255cdfbab6432c61f4c6b00717ff42565a49,81582d3bc3fca496bccebb7ae1fe255cdfbab6432c61f4c6b00717ff42565a49,
backend/internal/repository/server_timing_sql.go,same,infrastructure,364070925d76bf9bc9294f7e899e487adcb61ef2b5dc9a341b599c91687bc712,364070925d76bf9bc9294f7e899e487adcb61ef2b5dc9a341b599c91687bc712,
backend/internal/repository/server_timing_sql_test.go,different,infrastructure,86e188a75c92f76ffd1b79dd22482647583e483d468350e847942f705474ee0f,f51efe10c5960fd6e7cb43d19b37f1c06ac124d6dd215c32db0dce23d19610c1,
backend/internal/repository/session_limit_cache.go,same,runtime_provider,2deda0208d958af3dc50869bb58dc5feba52239cba9b2c40f50911826e13e904,2deda0208d958af3dc50869bb58dc5feba52239cba9b2c40f50911826e13e904,
backend/internal/repository/setting_repo.go,same,productcore,060afdb248be3c2b962b60a526e97aed2d26b04a1d754f6e6c211434af39182f,060afdb248be3c2b962b60a526e97aed2d26b04a1d754f6e6c211434af39182f,
backend/internal/repository/setting_repo_integration_test.go,same,productcore,e434458e185f9d797d51b07d8184f2af4871a76f2b232bc5667a01b9b59089a2,e434458e185f9d797d51b07d8184f2af4871a76f2b232bc5667a01b9b59089a2,
backend/internal/repository/simple_mode_admin_concurrency.go,same,productcore,ae9b8cefecd5fb86903a5bf188e42c97f07deb3af6ab13b6cdb2004152618b14,ae9b8cefecd5fb86903a5bf188e42c97f07deb3af6ab13b6cdb2004152618b14,
backend/internal/repository/simple_mode_default_groups.go,official_only,productcore,f97420b2b184b5a7ec02651dfcfcfb468bdb111cf925cf01f61917bcebc8206c,,
backend/internal/repository/simple_mode_default_groups_integration_test.go,official_only,productcore,45a7f454857abc8fae0dc8b50291742113d16bb5644f6e272b026bb3b1788c89,,
backend/internal/repository/soft_delete_ent_integration_test.go,different,test,1f55904554a405b3da290051810d095a90d8bad9460d888001118d4a4b790a41,ffe207c910ce76b6d6d00e126dcbad250bfa1caf9e2001ff392da5dfa2b6c127,
backend/internal/repository/sql_executor.go,current_only,infrastructure,,7133fd21deb3592d4c5863dba21df675f11af781dfda57e420c962a571183005,
backend/internal/repository/sql_scan.go,same,infrastructure,285c07fd819f1b4a5f768d67e623bb72e4addf8469b1a801b9d04bbaeb59daa6,285c07fd819f1b4a5f768d67e623bb72e4addf8469b1a801b9d04bbaeb59daa6,
backend/internal/repository/temp_unsched_cache.go,different,runtime_provider,b4b8ef5fd5aa2ad5d34b47f2ca3f71d2a39164cb103e403b9fd124d408628415,5e59c3de3a136c8aec967107998ca562967b15991ac7e6418c32640d6ea9ceff,
backend/internal/repository/temp_unsched_cache_health_test.go,official_only,runtime_provider,80815d215c5990cfad8407de583aebf69467c7d6fdf9e06fa3a84ab13a395a08,,
backend/internal/repository/tencent_captcha_service.go,official_only,productcore,b8adec49c69ba91aa144b6b1a9f7b325baaf6cf9e35b86b7f464da84c9c3251e,,
backend/internal/repository/tencent_captcha_service_test.go,official_only,productcore,dcfca6fd716fe20605d77cae2a8273568290978490331afbca29c15853d7c8d3,,
backend/internal/repository/timeout_counter_cache.go,same,runtime_provider,1349a2d1c835107104e8db46e8f3277bb457727d1dc3bbc889c92cce76bdd755,1349a2d1c835107104e8db46e8f3277bb457727d1dc3bbc889c92cce76bdd755,
backend/internal/repository/tls_fingerprint_profile_cache.go,same,runtime_provider,294a36e55693b58aaf04505dad91dd517031101254e3167d50d042e9b9a44191,294a36e55693b58aaf04505dad91dd517031101254e3167d50d042e9b9a44191,
backend/internal/repository/tls_fingerprint_profile_repo.go,same,runtime_provider,426d41ff7bb0460044c1e08b7992ffe09099cbd039f26df728a584e1e2aaaebd,426d41ff7bb0460044c1e08b7992ffe09099cbd039f26df728a584e1e2aaaebd,
backend/internal/repository/totp_cache.go,same,productcore,e5618e25682297084f2fe3e7c7f04c46ea7fbe7f597e9d3cb6057519dca32b0b,e5618e25682297084f2fe3e7c7f04c46ea7fbe7f597e9d3cb6057519dca32b0b,
backend/internal/repository/turnstile_service.go,same,productcore,40a8c52a6fcfac4dbf8c63719776bdc93a071b9b3850a68de1c472e042f6c093,40a8c52a6fcfac4dbf8c63719776bdc93a071b9b3850a68de1c472e042f6c093,
backend/internal/repository/turnstile_service_test.go,same,productcore,903a59f5ffa92f973b70f0c62c5b1bb24f4602f3d5c8d412da238e4b2bfd78c1,903a59f5ffa92f973b70f0c62c5b1bb24f4602f3d5c8d412da238e4b2bfd78c1,
backend/internal/repository/update_cache.go,same,infrastructure,665b452ebedde03fe8dbe638aff8415a925a2f46d9c0f3ee96b906f24bbf187a,665b452ebedde03fe8dbe638aff8415a925a2f46d9c0f3ee96b906f24bbf187a,
backend/internal/repository/update_cache_integration_test.go,same,infrastructure,1d5cedb6a9f0c346cd1d80c124005fc3665f525fb9d28503b367f18e700373d3,1d5cedb6a9f0c346cd1d80c124005fc3665f525fb9d28503b367f18e700373d3,
backend/internal/repository/upstream_billing_probe_persistence_integration_test.go,different,test,eb318302fe6ddd257ec1c9bf4dc7302ebb6ab1dad131c9c75cb046cea466b154,17d3b7ee5de1ea8d8c00d0b96447f0631c92e8b1794fa645052bb3713e11a1b5,
backend/internal/repository/usage_billing_repo.go,different,productcore,0ab1ae66cf4d70e6de51605574a7ecf988e514a1b965df39859456796f93a71d,e6d476f4a0301e10fa5deb1965f2dedf3faa57d8c8910527e402fc689ce68f34,
backend/internal/repository/usage_billing_repo_integration_test.go,different,productcore,2bb60fe119a928ae95c678856d73c78306e0e901ecefaca308c27e83f71e6014,5ebc53e61eda90f745cc27a02a21ddbf7c7a0e576c93b0fca6e55db3a8f1ed51,
backend/internal/repository/usage_billing_repo_unit_test.go,different,productcore,8568a5e0d51904cea0706b2621f860a3979636cc7a801713723254a70a45dab4,65c39989decf6f1ee9bee36add969a5dbd246b23651a9b541f70387d7e0d9599,
backend/internal/repository/usage_cleanup_repo.go,different,productcore,886a5a7badf4e18ffde92da922486bd053b5effce07fdb3c2da3129e1124b059,29f23aded63ee88ea75cf5373d1bd6cd761514e865239f7f6f9128ddb1bd45f0,
backend/internal/repository/usage_cleanup_repo_ent_test.go,same,productcore,2f1bd67d91f179d9b76cb6edca874257a2054187deb2b8a3d2406d36181fe1c7,2f1bd67d91f179d9b76cb6edca874257a2054187deb2b8a3d2406d36181fe1c7,
backend/internal/repository/usage_cleanup_repo_test.go,different,productcore,01ae937480480c089e10e2c784833c0e88229c2af62abc5f863987fd88bdb44f,7a66e4158acbd595d3ebf09669abb6c31bbda208a596becda20c3482fa917836,
backend/internal/repository/usage_log_effective_platform_test.go,different,productcore,8b482c0a8b66a4513e8d1e85a6e1daa58b4913ec0a6a8010d1e9b7b009e0d8a4,6787014ca48a1f9cb436705f0039a88cf3dc706b86f9a1fc62f0c9c2761ca6bb,
backend/internal/repository/usage_log_repo.go,different,productcore,99e8f2ee1bc7567af97ccefe9c41b99cc0a156b4468cf8bdd107bb11e9dadad4,79e7553f5a1665b188c862166f98bb39fa7f94877645d557516d2fe5c65d0306,
backend/internal/repository/usage_log_repo_breakdown_test.go,different,productcore,49c4529befbb842d4eac6c2de1435f1ea13af073e2c157e342cfa32e909debd6,77353565ea3555a65ad7c4c08247a2576debb358a8a7b25aa2822d2d18a22241,
backend/internal/repository/usage_log_repo_dashboard.go,different,productcore,a4787c4135fc2a7a889a9e05ce455b86ba5c698ba7b66f7799661aaa8ba09aa6,4c86b23637a17c58a860e3d5ef9b40149104c4083e9bafc937364790eea4d69e,
backend/internal/repository/usage_log_repo_deleted_user_integration_test.go,same,productcore,36d1883013e4f388c78960cb8b02f6c4287dc391b8a58a091c757c8040274f21,36d1883013e4f388c78960cb8b02f6c4287dc391b8a58a091c757c8040274f21,
backend/internal/repository/usage_log_repo_group_summary_test.go,official_only,productcore,9427fbad8af43f338a8f1deab6632140ee5fad93a24561b9fdf1d06fb9bfb34b,,
backend/internal/repository/usage_log_repo_insert.go,different,productcore,401197615e1c13df548f12d6cd84f2f3f3179cc95b6a94f7f74607751cf0f59d,4f87f7747acf15d612b6cdd4f3aa21667733d006611a54b7dfab455bbe68bc53,
backend/internal/repository/usage_log_repo_integration_test.go,different,productcore,84103d561fa0c615d15c6798911d0d696d0171a3f6d9336a1d295f12a4efe795,79169669147b4d8ad41410b7db6bd659f35ba8d86abb18d6ac10265c487101e5,
backend/internal/repository/usage_log_repo_query.go,different,productcore,9804ab70a018359079d05bb4487d8bf1a0ca6525365e43bc511015fe9029c1ac,9a2cdaef968ac7a94088bcb4a90a8859a5d8cf2140b3e6106a24805ca8e8c47d,
backend/internal/repository/usage_log_repo_request_type_test.go,official_only,productcore,b7c12b6a386f93633f3af8c612b30f0537f9e89fcfa7c42c50785179e97c12a5,,
backend/internal/repository/usage_log_repo_sort_integration_test.go,same,productcore,e142387e03ab587b8725648026b2893a23fb96d905f6f4de03fa54805c804f55,e142387e03ab587b8725648026b2893a23fb96d905f6f4de03fa54805c804f55,
backend/internal/repository/usage_log_repo_stats.go,different,productcore,ac4befd926342bd4cbd29a945904842959528d0970dfc98000c9106280544567,b1e942e9426801552557f8caa67b78618eb1b57de8dbc11caa5f2385cd502ba7,
backend/internal/repository/usage_log_repo_stats_integration_test.go,different,productcore,694c9757bff7e11d77a78ee2c2a5d8eba00db6a68622e093ca0ab02fca9f7484,ebad371714bcd046d8ec44a0f5eb33e7dfbb38bba0ce48b1126488d5b5900e70,
backend/internal/repository/usage_log_repo_trend.go,different,productcore,0a53e4679d85d1a2d017573e6c47d5542a2be63284b9eed8d51d3f84b9ea97ec,ea8ddfd7aa5a364b7dd062512caf5a27909f264a98ff8f6899782f85c08fc4b1,
backend/internal/repository/usage_log_repo_unit_test.go,same,productcore,aae512cdd760aa70ae1af5f6d8633cca98cfc7eb43d71b634f9b7e68d2fdd43d,aae512cdd760aa70ae1af5f6d8633cca98cfc7eb43d71b634f9b7e68d2fdd43d,
backend/internal/repository/usage_log_session_id_integration_test.go,same,productcore,a367bb7ee81d13785b4e35aeedb1bc8c558eda591470f4b1c13a4675e6f6caef,a367bb7ee81d13785b4e35aeedb1bc8c558eda591470f4b1c13a4675e6f6caef,
backend/internal/repository/usage_log_session_id_unit_test.go,different,productcore,c718e954eb6861833cc0cf5dddfe53e52410b9d0183ee7ee1043bbbb3f86a738,0f2a7eee4d6b10608a0e328ff7a61819b22a3d375f17e35efe16458047b2c886,
backend/internal/repository/user_attribute_repo.go,same,productcore,ce8c7f554bc86bf64d4e8cff03258b2332486c0200769168bfbf0082c3a94148,ce8c7f554bc86bf64d4e8cff03258b2332486c0200769168bfbf0082c3a94148,
backend/internal/repository/user_group_rate_repo.go,official_only,productcore,ba9503cf9a7a9531ac4b2fa922c088802b30b27520e1b83fd130cf281805de55,,
backend/internal/repository/user_msg_queue_cache.go,same,productcore,2fb585b10caf07125c7a4154a982dd8b2f47ec9bb8a4dafde066d3723046386a,2fb585b10caf07125c7a4154a982dd8b2f47ec9bb8a4dafde066d3723046386a,
backend/internal/repository/user_msg_queue_cache_integration_test.go,same,productcore,9816b090d123582f0f75f0abd01bfea8c3c15d3522eec4689bbf3011ab39c4c4,9816b090d123582f0f75f0abd01bfea8c3c15d3522eec4689bbf3011ab39c4c4,
backend/internal/repository/user_platform_quota_adapter_test.go,different,productcore,657dc118f96e92083754306a0c704a991ce2f5a04dcf65e80dccde34b71ea354,74a969db9c79fafc125f73747e2b7b26444c5d7b74dc4364c4d1fd59f225a5d9,
backend/internal/repository/user_platform_quota_repo.go,same,productcore,6c728655a8f78cc0cb40929e0c0e53eb14d85770920090dbf409fa0c296f089a,6c728655a8f78cc0cb40929e0c0e53eb14d85770920090dbf409fa0c296f089a,
backend/internal/repository/user_platform_quota_repo_integration_test.go,different,productcore,019395211437cdbafd2dc1257b3c4f374b8af109415687185701b2c51087d72a,e514b439afd10c58d5308b6499e5a7ad7f2f783596ed95701122ba4b01b87c0b,
backend/internal/repository/user_platform_quota_repo_test.go,same,productcore,7bcd3cd9c61fcab57b2b9fb5190a4f496ce66c1fad74a53ba409994edd405d6d,7bcd3cd9c61fcab57b2b9fb5190a4f496ce66c1fad74a53ba409994edd405d6d,
backend/internal/repository/user_platform_quota_service_adapter.go,same,productcore,f46788af234bcfef9745836e4d0f5d5975da9d4b8911140e5cdd55ad540727b2,f46788af234bcfef9745836e4d0f5d5975da9d4b8911140e5cdd55ad540727b2,
backend/internal/repository/user_platform_quota_upsert_test.go,same,productcore,1d3a7a221cdac0059ea539aa3c6fee2a32724ebfd903a6b17ca6fc5e2647b372,1d3a7a221cdac0059ea539aa3c6fee2a32724ebfd903a6b17ca6fc5e2647b372,
backend/internal/repository/user_profile_identity_repo.go,same,productcore,3200ddf84f6f2b85cacdc7a28f0cbed0c634a86d4f1e79332998a1f5f6a59da6,3200ddf84f6f2b85cacdc7a28f0cbed0c634a86d4f1e79332998a1f5f6a59da6,
backend/internal/repository/user_profile_identity_repo_contract_test.go,same,productcore,f13e128b827a2d25d0d2b5869875eef06f3c52cc241d26328e4c9f589e047f29,f13e128b827a2d25d0d2b5869875eef06f3c52cc241d26328e4c9f589e047f29,
backend/internal/repository/user_profile_identity_repo_unit_test.go,same,productcore,c146d4e1aa42777a47f68dadced0ebca614b0818ba261ae517aa1bf2eddee6d7,c146d4e1aa42777a47f68dadced0ebca614b0818ba261ae517aa1bf2eddee6d7,
backend/internal/repository/user_repo.go,different,productcore,a1eb30fe6f3937af35229f4e09d68e25ec71a4643c28367236cdac90f87c94fd,00b72a5f338446d53c6d2bfd207cecac67e844d5b73b307a944e98a4eae84fc6,
backend/internal/repository/user_repo_apikey_group_filter_integration_test.go,official_only,productcore,f9db02a4e157854e3f3740263e31bb18d1d9903f930c21ec587e08a0ea32b909,,
backend/internal/repository/user_repo_delete_atomicity_integration_test.go,same,productcore,302c54592245dc434d0b5451fa7a3bbd9258b66d76ffeb44313ed2b2d808c86f,302c54592245dc434d0b5451fa7a3bbd9258b66d76ffeb44313ed2b2d808c86f,
backend/internal/repository/user_repo_email_alias_test.go,different,productcore,9c665a4f325889f8e3d4705d7bcea4b7215e1e694db66564c56ea938745bf805,171f66f631956b0293e439ee50b563c4642672826b3bf9f058912fe062c1f944,
backend/internal/repository/user_repo_email_identity_integration_test.go,same,productcore,e1c77d4dbbeac907d271aa2a6dfdfb2f852e9fd9fbe9648bda9c6c156f0e519b,e1c77d4dbbeac907d271aa2a6dfdfb2f852e9fd9fbe9648bda9c6c156f0e519b,
backend/internal/repository/user_repo_email_lookup_unit_test.go,same,productcore,e66dbba10436e75ad9b4eb743855e6c129141e8dc093c6d2df52a5b90f35e660,e66dbba10436e75ad9b4eb743855e6c129141e8dc093c6d2df52a5b90f35e660,
backend/internal/repository/user_repo_include_deleted_integration_test.go,same,productcore,48929517cf2c488a16388acd343b86b12d197b2ce0ce0a48eca2677b1ea29d8c,48929517cf2c488a16388acd343b86b12d197b2ce0ce0a48eca2677b1ea29d8c,
backend/internal/repository/user_repo_integration_test.go,different,productcore,94096641509ef4e87be205ea1b33e25c1e35d8c1fc7186739a9311b1df0a9aff,d5b002de1a21c811312918974bc967ada06d1eb900433d923d1a386b72d8e94e,
backend/internal/repository/user_repo_invitation_claim_test.go,official_only,productcore,c0cb7c20b54ffad6d6100ad179d650a0424e8043a0c49e707f25278c5bc560a1,,
backend/internal/repository/user_repo_lost_update_integration_test.go,different,productcore,e4268d8b3baedbad3f87005e33013c85cc362580e0949b5a015d514f2ff9c756,9168e6c497322d8d2a3c59156884b8329b2fc343a78ae3c0a5dcd7a2f8fd5dd6,
backend/internal/repository/user_repo_redeem_adjustment_test.go,same,productcore,1364c23177bd86c03dc8f26096f07bd3d620191e3a8157fde459e8698d91094a,1364c23177bd86c03dc8f26096f07bd3d620191e3a8157fde459e8698d91094a,
backend/internal/repository/user_repo_sort_integration_test.go,same,productcore,1b8da5286c93efa1b2bd3ce028eaf6b3668471aab86b0367b78d6c6055f8da93,1b8da5286c93efa1b2bd3ce028eaf6b3668471aab86b0367b78d6c6055f8da93,
backend/internal/repository/user_rpm_cache.go,different,productcore,a78f20ff8d90f95890ceaf880346e571ea3f26fb94d5c87e0da1d63040f0b7c4,cf10830161a3fc7c943818e923b2c8a4259b7ac57c3c14248b610d3e81cf03f4,
backend/internal/repository/user_subscription_active_repo.go,current_only,productcore,,04a19b881797ca81c3aae252f6414243c61d0be6724fbc9ce1686f3a57243f5b,
backend/internal/repository/user_subscription_lock_test.go,official_only,productcore,4e08119f10366d7859de2b5b62d5f1da206f4026c46876adb0a5f0a9eabaaf86,,
backend/internal/repository/user_subscription_repo.go,different,productcore,12ce7309fa1733ecc718ee6e5622b132fd5a6b414d40b3ea2b9d575c077ac135,78a2a6f7f340ab3670eb3d9696b26aef9dd994b6fed6baf71aab1deb25e4061c,
backend/internal/repository/user_subscription_repo_integration_test.go,different,productcore,711e6875a2cc03b6dff71ac1be46d7b631bec09ff14160ba93d351b541ef78ec,28af26c23e8916616aa30c29762e950c88002f58de631ada998a0b77fefb2b76,
backend/internal/repository/user_subscription_snapshot_test.go,current_only,productcore,,516c73afb8f48008ec66dc9146e183d92fedfd4840e766d59a874ca03a7f650c,
backend/internal/repository/wire.go,different,infrastructure,e85e3d8227900be41ad967a6185dda1cfe1fa6bf09f2e208eed8a6bf8324a44f,83f0b38f8443072f05c1de712f6995340ec53d25e62749b431cfe9129f2cbe81,
backend/internal/runtime/sub2api/adapter.go,current_only,runtime_provider,,3414a06191947facddae687464289ac71de789418ef749f9dcc1e393d0dc4281,
backend/internal/runtime/sub2api/adapter_test.go,current_only,runtime_provider,,0553b43443a6c23b142aa601e5b70bec66eef453d33f724059051f821831af0c,
backend/internal/runtime/sub2api/openai_executor.go,current_only,runtime_provider,,fd4bf061b81c6752dd60ba614ca9c24fa29ce19f04de434130115f76978278d5,
backend/internal/runtime/sub2api/openai_executor_test.go,current_only,runtime_provider,,2a23a07ed24afb932ac3b2edd7abea24987c14a9fecc4f373fb3567690c01e3e,
backend/internal/runtime/sub2api/registry.go,current_only,runtime_provider,,5be378877a71259a04cfa13f28423552793b472df0116039113c28a739210c68,
backend/internal/runtimebridge/conformance_test.go,current_only,runtime_protocol,,e01fe2086cdc5f0d20ff4f867f772995236969204964a2850b479c15ec369fcf,
backend/internal/runtimebridge/exchange_context.go,current_only,runtime_protocol,,fa48ca8222cb33e572d2e0d74e4c8b0dd5668bc6bbd4b21654be6f80e1a76c00,
backend/internal/runtimebridge/exchange_context_test.go,current_only,runtime_protocol,,ff2c5b5c1aef9e93cc04bb47e15ebea17be757794a7cdbde7ca66b0015760a4b,
backend/internal/runtimebridge/local.go,current_only,runtime_protocol,,a2a3a69b45b644d46c6aa5b23a8b37bd51cb779b3db04e181aa341295cb883a4,
backend/internal/runtimebridge/local_test.go,current_only,runtime_protocol,,4091f681ca6e5284175d849c4e9cf1c3e4174549a54c6ecfd5bc881f7a25ce82,
backend/internal/runtimebridge/port.go,current_only,runtime_protocol,,4af5beeecb800e03794420683c5c6389e1d6566c53e3b63fe6c1e5d2612721e6,
backend/internal/runtimebridge/terminal.go,current_only,runtime_protocol,,1e5f9354c0bc5871eeac516e6a266cd199d63529554f81bdef3ec00717a92fab,
backend/internal/runtimebridge/usage_conformance_test.go,current_only,runtime_protocol,,4430f58274af14622da41599b885be0f83805e2e83e93226c640c494794f3acc,
backend/internal/securityaudit/coordinator.go,same,productcore,5860fdf6ecf731428d8d6a78b4ba17e493889fddbc10b59c2b1628314be4d68c,5860fdf6ecf731428d8d6a78b4ba17e493889fddbc10b59c2b1628314be4d68c,
backend/internal/securityaudit/coordinator_legacy.go,different,productcore,752f56c3ebf4978bb6e45cf38db137d007ab15f884af489ea9605d4a54e3bfd8,a9c42d0475181d837d85193cf8eb992dcebde89f827e0b0b5c6216a2d2069ed4,
backend/internal/securityaudit/coordinator_test.go,same,productcore,1ab535d4cde3c843181ba7e438550020a35b715db7077fe0ef23e07aca44f35b,1ab535d4cde3c843181ba7e438550020a35b715db7077fe0ef23e07aca44f35b,
backend/internal/securityaudit/prompt_config.go,different,productcore,381d6119833d4e5d315f32c5bcb6e33747e01fa6266bf144276abfc791f5cc72,36d11b2a3b22ee8d5f3be985785ed0b6a17c84b5608688a5198e2bf7df8ebd7e,
backend/internal/securityaudit/prompt_config_integration_test.go,different,productcore,8b1505e432877ab03cc231e1255087834e5ce5f5e852da6119a085fd8a5a2edb,3603fc6fa20a201e078945c2a4141a4dc92b0492cdf8c868f6e7b82ab33e31cb,
backend/internal/securityaudit/prompt_config_store.go,different,productcore,dcdaf62702854e8c0d33caff9b09d8ecc4c5ff668e622254b42ff6b5549b0bd0,155f65349bf802acf06224651c166407e7a5083e5bb33f673d0aa0389bfc9c62,
backend/internal/securityaudit/prompt_config_test.go,different,productcore,c3421ede524f68ac3907b18ebade750185e456c38f775a761fe47fd7646c1f01,5bb5fc82524a542747f9745bdd7d068286dd2886c167835500a1fe98f338ce9c,
backend/internal/securityaudit/prompt_enqueue.go,different,productcore,da3be8c233eec074938befc7132082fabc2942d964290c038b137d050c2cb082,1d12484840014f4708ba5807b1db474b164754a662b51b9b3d7326e2a9185176,
backend/internal/securityaudit/prompt_event_repository.go,different,productcore,678c894a23d809f6e17a0d41bc3220c5e1d6d2a65cc59f33c443ca19c764b7d0,24598e088e6b3b91003683ca603636d6a694f73909da7fee6eaf92ab14395593,
backend/internal/securityaudit/prompt_guard.go,same,productcore,59fd4ab39eba3090e4683c7c824437afa625df4569dabcf32c9828a5f97c3b3e,59fd4ab39eba3090e4683c7c824437afa625df4569dabcf32c9828a5f97c3b3e,
backend/internal/securityaudit/prompt_guard_test.go,same,productcore,380e655447521ebdf40687103656b040d78a6b82818a05a4e82b99c184d5325f,380e655447521ebdf40687103656b040d78a6b82818a05a4e82b99c184d5325f,
backend/internal/securityaudit/prompt_handler.go,different,productcore,08c239d2a55d085ef005d005a262636e377c272719aa38af7ecb43d4a2108426,4127358c081bbb9a17d3ce35c86b4bb1d124a7857573ac365b1a107c7795226c,
backend/internal/securityaudit/prompt_handler_test.go,different,productcore,349fceb6e3a34014c558ceb1501e4a47494cc37c12a3d82fe86631a4a94bea67,3ae9d2fe2e78d69c31d1b847f5da4dc6a45cb6e4d172e3130afca2557c9f4c23,
backend/internal/securityaudit/prompt_issue_summary.go,same,productcore,e2f1f3170275766f7fb17e34b866fd734486c6418f266847d95ef428239d3602,e2f1f3170275766f7fb17e34b866fd734486c6418f266847d95ef428239d3602,
backend/internal/securityaudit/prompt_logging.go,different,productcore,83aa8ed2495eba202d0c3d0fee155c7568de09bc259bb51d17f9e405240c63e9,79be4ef719351abf3f0cbabfd0189997294ba2f48ec6b8e7d602929e2fd30e55,
backend/internal/securityaudit/prompt_logging_test.go,different,productcore,0aa274e9a6138a46d3fcc24887b9e5a5b03e210e50ef7fe57d2c3659bc58610a,113d07fd6181e6de50632365b32f17d2ce6dbd38215b76dd0a27c8f6136eb996,
backend/internal/securityaudit/prompt_metrics.go,same,productcore,eda1f4f6d3271d73b64cf6378a3314ecc079d2b8116bb6aaa431337afcb64de3,eda1f4f6d3271d73b64cf6378a3314ecc079d2b8116bb6aaa431337afcb64de3,
backend/internal/securityaudit/prompt_metrics_test.go,same,productcore,728c536f5e92809021b47287c7025107c81591667765193a7ece9914e1b63c9c,728c536f5e92809021b47287c7025107c81591667765193a7ece9914e1b63c9c,
backend/internal/securityaudit/prompt_module.go,same,productcore,a8262b0d62cf691843d7e6e8e89273c71aa927eb530fbec95cd8869f7f7f4183,a8262b0d62cf691843d7e6e8e89273c71aa927eb530fbec95cd8869f7f7f4183,
backend/internal/securityaudit/prompt_outbound_security.go,same,productcore,c7177a47f7519a36ff0af72a5e3eb441b35aa45344d7da280184ded3e4329cf7,c7177a47f7519a36ff0af72a5e3eb441b35aa45344d7da280184ded3e4329cf7,
backend/internal/securityaudit/prompt_outbound_security_test.go,same,productcore,6be47ad785c846c1803815746fc268fde00955ca06b091f189607943992d5978,6be47ad785c846c1803815746fc268fde00955ca06b091f189607943992d5978,
backend/internal/securityaudit/prompt_payload_store.go,same,productcore,9452ea32800515899d44c8f73418233658ada07e2cb177e63546e002293a80db,9452ea32800515899d44c8f73418233658ada07e2cb177e63546e002293a80db,
backend/internal/securityaudit/prompt_payload_store_integration_test.go,different,productcore,d721151b9142200bd2ce1f2c25d1f209afa268b3a2ff38a7cd1195acddb965e0,11dc8a3b3daaa8f165f2fe46e6ef8fdefab558826375e63fc1ce7593dae2bec9,
backend/internal/securityaudit/prompt_qwen3guard.go,same,productcore,cf285bb708b1d962cc343f53fed7fe908c1b00f14a6ae1c8baa634467753057a,cf285bb708b1d962cc343f53fed7fe908c1b00f14a6ae1c8baa634467753057a,
backend/internal/securityaudit/prompt_qwen3guard_test.go,same,productcore,59b272c0003fba8a35fd1d9484d4c5bc3b57adda7a1cd92df039c98a4269d4bd,59b272c0003fba8a35fd1d9484d4c5bc3b57adda7a1cd92df039c98a4269d4bd,
backend/internal/securityaudit/prompt_repository.go,different,productcore,10458bf978e3412afdc91b62e165c4465cc142a5ab42a044e60688e480f4fcab,c4f94859b34fd950ea2b9539f486780ec3cdb398176801ff814b45a201746fbb,
backend/internal/securityaudit/prompt_repository_integration_test.go,different,productcore,ae7e4b7d460f4a05bb1197a27d252f8e1ef7229c7f6d3125ea12c50d77347901,6c802d786947037bc06a4af1d43aa1df753f8f91f7dc2f0af3733b30b04c0d8c,
backend/internal/securityaudit/prompt_repository_test.go,same,productcore,fd6a290ec15cee37f6f1af0d9723ce6ef3d63ee028f038e065259923b897cbed,fd6a290ec15cee37f6f1af0d9723ce6ef3d63ee028f038e065259923b897cbed,
backend/internal/securityaudit/prompt_scanner.go,same,productcore,b0422d22a85904a28644a5a3194721dea8c255dddb8fc2ab9b3b12d8ad36f888,b0422d22a85904a28644a5a3194721dea8c255dddb8fc2ab9b3b12d8ad36f888,
backend/internal/securityaudit/prompt_service.go,different,productcore,dd1ac88e59f90b7abcf73027da5cae0dcbb683504ce24db13aee16e6db7c4bc2,2ff040ebd28cb6c9e7c646763fa4cf43b7f0612c2e178ee92222abbcc1e004c7,
backend/internal/securityaudit/prompt_service_test.go,different,productcore,7fcdc95fb5472971d73f716a3a04b7fe3d091d4c93814ecd4795525b4012f388,4bf31d8ac93b814974775cc6cb4b7421bb4f26f442f58424c025ef800d330560,
backend/internal/securityaudit/prompt_snapshot.go,different,productcore,f9935be5d6a0730ff6605a7d707d511ebe1b16776720d73ffa4a142758a599e3,c852bd01024bebc1722f40f064fbdd46dd1370a819cfb0e9f4bc8273b84f6337,
backend/internal/securityaudit/prompt_snapshot_test.go,different,productcore,3ef1343079008466dbc23b7a16c9ab59198088899a0b9c7ef837ddd00dd59fb4,1decc617c996ca5cda1d6e14b5f1518eee1dd1db3186e64bcf8469ed085779f6,
backend/internal/securityaudit/prompt_types.go,different,productcore,0f425b127db2bfac8f9f0ed61b2f7af442a09185cf1faebca02a6dd218ab28fc,ce4c2d9f358cd6104591862414a17b9f4a0409825f2e09b177b619874c0ec455,
backend/internal/securityaudit/prompt_worker.go,same,productcore,692d4330f0407d595a7ce793dbdb9f737c9a1463de479d58bf65f7a76edd09c8,692d4330f0407d595a7ce793dbdb9f737c9a1463de479d58bf65f7a76edd09c8,
backend/internal/securityaudit/prompt_worker_test.go,different,productcore,ae99edc52524e78e1c03708c3c906613e27442fd74b17ac3e0ee33072ae8089f,fe53db3cf2bca73a88744498536fc1b34252ce7b37b1788cd072a0428ede7f03,
backend/internal/server/api_contract_test.go,official_only,infrastructure,01dd9495125cded97bf29dd6713bbb64f79d0bc1fae8497095fc79b99a7b05f1,,
backend/internal/server/http.go,different,infrastructure,dbb4e5f8aaddbf59631451792635df2d280985870ae9baf5b9bd646f7199df4e,b199502d95822ec054ad58672c4840ecd19b23e0f92d1fc02bb68ad273504f9d,
backend/internal/server/http_ingress_test.go,same,infrastructure,c5ea8b07c2874054365adc0a127b12e7ed7fd996ac3e8c230a1def45e7130261,c5ea8b07c2874054365adc0a127b12e7ed7fd996ac3e8c230a1def45e7130261,
backend/internal/server/middleware/admin_auth.go,same,infrastructure,0d8c59565948688b52f737c24349c9f1cb57c05469ac14089c950c061c45ca01,0d8c59565948688b52f737c24349c9f1cb57c05469ac14089c950c061c45ca01,
backend/internal/server/middleware/admin_auth_test.go,different,infrastructure,91cc2646c8c32e6915626474378996e1f48f6d0639553928c49dac6a3438d15c,a88d3841993924fa74d8e87de6499d4f020528a6fc7d89abbd8957a0b47d1528,
backend/internal/server/middleware/admin_compliance.go,same,infrastructure,3420c027413fa7627e16328c08297e896ae2fb779fc5244c688610fdbc0c6728,3420c027413fa7627e16328c08297e896ae2fb779fc5244c688610fdbc0c6728,
backend/internal/server/middleware/admin_compliance_test.go,same,infrastructure,32257a229a6f45b27c83a4f6613b2858b345c28240666fe666065a98f76a25ee,32257a229a6f45b27c83a4f6613b2858b345c28240666fe666065a98f76a25ee,
backend/internal/server/middleware/admin_only.go,same,infrastructure,65daa94303eac3c4c366b5d560362cef34c80afcfc062c99999ee35e7570a51b,65daa94303eac3c4c366b5d560362cef34c80afcfc062c99999ee35e7570a51b,
backend/internal/server/middleware/api_key_auth.go,different,infrastructure,71e180a0703d5e2caf6fe6832a3717affbd9866e2ad65278fde718277a822616,614035b1242d0392a429bf0b860fd6cba6ee25492dde090e59104a2ba77b7019,
backend/internal/server/middleware/api_key_auth_google.go,different,infrastructure,5cc1b0f0b339eadd9e9afd9961a89fd5467be4eca7fc15b855cca3d6f641b1e5,01bccdc0fc9084db56a71beb819880cd362edf72c62086a5ac8d53481c83ce8d,
backend/internal/server/middleware/api_key_auth_google_test.go,official_only,infrastructure,69363207997d3229d3c3d7e65f7d746a13ef263d7e9d75d19506a5bdf36592e4,,
backend/internal/server/middleware/api_key_auth_image_task_test.go,same,infrastructure,f3a77a9317f126ac09865e6264356341766aeda7240c6aa52ffb824af42385b5,f3a77a9317f126ac09865e6264356341766aeda7240c6aa52ffb824af42385b5,
backend/internal/server/middleware/api_key_auth_test.go,official_only,infrastructure,d784424cb5be6d56360476be1d7f95daff3109345a531679b43961f5274ba1ab,,
backend/internal/server/middleware/audit_log.go,different,infrastructure,3d481edb59d541604e75fdf44f0346bd6b053c9c08d7dee938296b60655dc9ae,7b3d5eef203c072e183b16e2b0468932f34cbe4c607b8dfa786cd6eee565f8cc,
backend/internal/server/middleware/audit_log_test.go,different,infrastructure,19a4dd865b357e3be0598c0b72d8a70f730e100ee4c24280d579bb7c89c3d54c,b10ec16eb3feb768e3384dd62898164fa7c2ec44aee2ef89f5227cc1de6fbc64,
backend/internal/server/middleware/auth_subject.go,same,infrastructure,a6ac62cf8bd1c6ac1acdbc643e1b55e18d73897c13298ef03286533216643173,a6ac62cf8bd1c6ac1acdbc643e1b55e18d73897c13298ef03286533216643173,
backend/internal/server/middleware/backend_mode_guard.go,same,infrastructure,1f11edac06a8a6bb2127ca99cdb25680ee3934a5565484dae3dbab70e8cb0738,1f11edac06a8a6bb2127ca99cdb25680ee3934a5565484dae3dbab70e8cb0738,
backend/internal/server/middleware/backend_mode_guard_test.go,same,infrastructure,24e18945b34b0d1161a4074520357918c3b3b0e013c3ab35e6130e7bc65c21c2,24e18945b34b0d1161a4074520357918c3b3b0e013c3ab35e6130e7bc65c21c2,
backend/internal/server/middleware/client_request_id.go,same,infrastructure,18677149e9a3b86b1429af0a6ded145089f589ad36df02abb474dd7f2668b867,18677149e9a3b86b1429af0a6ded145089f589ad36df02abb474dd7f2668b867,
backend/internal/server/middleware/client_request_id_test.go,same,infrastructure,6298f8835ab650701959ba59fc8bc2dd07531268c8dd5b52d5c250c0179b47c8,6298f8835ab650701959ba59fc8bc2dd07531268c8dd5b52d5c250c0179b47c8,
backend/internal/server/middleware/cors.go,same,infrastructure,4c9fb70786ab052e64f08c114c036f2e68d650e1e3b845d0234720384e2e0766,4c9fb70786ab052e64f08c114c036f2e68d650e1e3b845d0234720384e2e0766,
backend/internal/server/middleware/cors_test.go,same,infrastructure,4718a0a5e238b835ae0e47ae0be9ba678e5465a6cc66892c13706fc8b3b1a6d5,4718a0a5e238b835ae0e47ae0be9ba678e5465a6cc66892c13706fc8b3b1a6d5,
backend/internal/server/middleware/ingress_reject.go,different,infrastructure,2b56b46d33b32c3b1078a36226926ba009c5ef414c86528cf97352503ee37560,574841c4af7246cd7869ef86dd048d795c5688aba9dcb2a8c4d498874bb5134f,
backend/internal/server/middleware/ingress_reject_access_sampler.go,same,infrastructure,45ab8104cfe3e4c7a67f1752d55453eb4a227dedee89c1ea2892e1b81626bace,45ab8104cfe3e4c7a67f1752d55453eb4a227dedee89c1ea2892e1b81626bace,
backend/internal/server/middleware/ingress_reject_access_sampler_test.go,same,infrastructure,4dc60238c800bf8dcfc8a15afbc86993a2700e2af451f884fde7db12b0590ceb,4dc60238c800bf8dcfc8a15afbc86993a2700e2af451f884fde7db12b0590ceb,
backend/internal/server/middleware/ingress_reject_test.go,same,infrastructure,934dce30d829ee4e840f94098d61bacd4d95dc872d5a04d49c04bfce0ab0059e,934dce30d829ee4e840f94098d61bacd4d95dc872d5a04d49c04bfce0ab0059e,
backend/internal/server/middleware/invalid_auth_abuse_test.go,official_only,infrastructure,42c76fd78b885b4039d588d2f72a7e7fa783cf78288f98b71536d785fdc9eaa9,,
backend/internal/server/middleware/jwt_auth.go,same,infrastructure,045d6afe27fccab3ee59d94041eb9cbaea0d458e02bef96a260fb402b2cf41ac,045d6afe27fccab3ee59d94041eb9cbaea0d458e02bef96a260fb402b2cf41ac,
backend/internal/server/middleware/jwt_auth_test.go,same,infrastructure,e708f517fea2b1d6283554153ab59d6689e6b6bd299319aadfb8a69cd0251fa9,e708f517fea2b1d6283554153ab59d6689e6b6bd299319aadfb8a69cd0251fa9,
backend/internal/server/middleware/logger.go,same,infrastructure,5bed268a6f8bf0f764ebf3bc85e8cf05b22a4eaa118a98062f5730b6f35e4f4d,5bed268a6f8bf0f764ebf3bc85e8cf05b22a4eaa118a98062f5730b6f35e4f4d,
backend/internal/server/middleware/middleware.go,different,infrastructure,36aec0b8469265989246117bd361a346d05cc507d5500475d268b3c3bd1d14fa,a5e47264e269adb00de50077ddc69e9c15d6fa2def71206a2681e92513f57c48,
backend/internal/server/middleware/misc_coverage_test.go,same,infrastructure,8f738327b75034417db53ef0127f9d7d23957b1a69e57f450aac3e55e19e0d98,8f738327b75034417db53ef0127f9d7d23957b1a69e57f450aac3e55e19e0d98,
backend/internal/server/middleware/openai_fast_policy_forwarding_test.go,official_only,infrastructure,6476a8e7a3fab8f8823f011526eb2a5a837967605f180c9ca77da6beba6dacdd,,
backend/internal/server/middleware/optional_jwt_auth.go,same,infrastructure,c4f38403095c3580da56d72f1bbfaaf29c9f2ef55a848299dd765b76ecbf0490,c4f38403095c3580da56d72f1bbfaaf29c9f2ef55a848299dd765b76ecbf0490,
backend/internal/server/middleware/optional_jwt_auth_test.go,same,infrastructure,0e4d90d144012def194a4ed24ae86b00e27599349111bdd85b7952341e11259d,0e4d90d144012def194a4ed24ae86b00e27599349111bdd85b7952341e11259d,
backend/internal/server/middleware/panel_rate_limit.go,same,infrastructure,0fb6ac7cb5a7b44d6d3145d02937dba13cb844213d96d383e026973130fdc08a,0fb6ac7cb5a7b44d6d3145d02937dba13cb844213d96d383e026973130fdc08a,
backend/internal/server/middleware/panel_rate_limit_test.go,same,infrastructure,d0542f31dd3f0c740c31255d03a9620f8de126aa6a3d995b53e38a0f50ff2026,d0542f31dd3f0c740c31255d03a9620f8de126aa6a3d995b53e38a0f50ff2026,
backend/internal/server/middleware/platform_asset_auth.go,current_only,infrastructure,,b4795e36a6f3921c91cc19a17bc265ef9d931f66d4e449cfc14a77c53b87bdc4,
backend/internal/server/middleware/platform_asset_auth_test.go,current_only,infrastructure,,0d4c1d122c40d49a447295764ed4d5458ea60c44643009f2ef6ab8d69d0274de,
backend/internal/server/middleware/platform_asset_authorizer_test.go,current_only,infrastructure,,91e26e6c8b0044e4ab592f4ba6b8d346fec1d47bce5859a4bd43c0cd930791ea,
backend/internal/server/middleware/recovery.go,same,infrastructure,090a2a3cd76f8e40a820052b15fdc2dd7501df7bb91229fabe8a743fb6697ab6,090a2a3cd76f8e40a820052b15fdc2dd7501df7bb91229fabe8a743fb6697ab6,
backend/internal/server/middleware/recovery_test.go,same,infrastructure,e3698cc3e576a0a3e0915bb7642eb6d5cd97306304b7733d4b512281a8afb8de,e3698cc3e576a0a3e0915bb7642eb6d5cd97306304b7733d4b512281a8afb8de,
backend/internal/server/middleware/request_access_logger_test.go,same,infrastructure,85d95b109a93bef0f9c83ae4c939dded7e8bba35f82b0b77bd1f2b84c6f4e6f3,85d95b109a93bef0f9c83ae4c939dded7e8bba35f82b0b77bd1f2b84c6f4e6f3,
backend/internal/server/middleware/request_body_limit.go,same,infrastructure,e60c117a9141b263224be47393e9dd5b651aaab57aac79a18d2e3f6b09f90bb0,e60c117a9141b263224be47393e9dd5b651aaab57aac79a18d2e3f6b09f90bb0,
backend/internal/server/middleware/request_logger.go,same,infrastructure,01873a0168b6ecf3ac3858d1fbddce0520c97abee8f0ff3640862eb0b2f973d9,01873a0168b6ecf3ac3858d1fbddce0520c97abee8f0ff3640862eb0b2f973d9,
backend/internal/server/middleware/request_metadata.go,same,infrastructure,4ed03171fdad251742ede5f1a5537f56dfd70a2e27b0f7699dda57d59f0f7329,4ed03171fdad251742ede5f1a5537f56dfd70a2e27b0f7699dda57d59f0f7329,
backend/internal/server/middleware/security_headers.go,different,infrastructure,239590bccf7a10c21115a26750696546364f7057b833511d19768421ae87a563,ddf86434aaa453ee522c54717f5b9caa53bebbb1157a29c8702569cc3a5594c5,
backend/internal/server/middleware/security_headers_test.go,different,infrastructure,77c3f33672549e1e071149b28345d0b38ec75024d70c8286152471ed8e464d59,c4e93ca242fe21263c8ef4ce5a81a9a79955e0ea010f30bb6ae138f621e9ca83,
backend/internal/server/middleware/server_timing.go,different,infrastructure,15d241bb0381c12dd8caad4dbf673a8733e6b4b57e83dd476135d12b4f7558a1,e483c04c732fd29a2fa1e9e0b4d2b31ee149b9fcffe652d3291247f0dbcd10be,
backend/internal/server/middleware/server_timing_test.go,different,infrastructure,92d050d2deb465159848e8bc5f3b3d1a23684617d9b9705eade86900b355b2ae,11a58b4b46fa450b2a603b4edce5c20379c3f0290e2b2ec48916aaf0743c6e25,
backend/internal/server/middleware/session_binding.go,same,infrastructure,3f2d3c5ff91134addcdb60daf9db1f9f4191871716159f880887330bedca5412,3f2d3c5ff91134addcdb60daf9db1f9f4191871716159f880887330bedca5412,
backend/internal/server/middleware/session_binding_test.go,same,infrastructure,957ad11f2377f58582eb0f868d633b381b5c857ca5390da8d51f93bd2394e451,957ad11f2377f58582eb0f868d633b381b5c857ca5390da8d51f93bd2394e451,
backend/internal/server/middleware/step_up.go,same,infrastructure,15a7cf995a9b0f90eb7c3f599d29102d3f04a2799bde7c92644cf215b3c0f301,15a7cf995a9b0f90eb7c3f599d29102d3f04a2799bde7c92644cf215b3c0f301,
backend/internal/server/middleware/step_up_test.go,same,infrastructure,b344af02c6a5221d7d529a8c9b3c32004018dfa0a8c8bd802b438c32b560bab2,b344af02c6a5221d7d529a8c9b3c32004018dfa0a8c8bd802b438c32b560bab2,
backend/internal/server/middleware/wire.go,same,infrastructure,a2057fe64ce68433e0a60f950a410800730d2bc3d271e3bb8fa4f33049463535,a2057fe64ce68433e0a60f950a410800730d2bc3d271e3bb8fa4f33049463535,
backend/internal/server/router.go,different,infrastructure,be854b34522f8b4e2e4ae6ac223000526544da466fa3ffde8e6d6613e542a4d5,2b88d3821d6e747eadb1f0f4d481f0b40238b42302e1e77a8330c78d118b1ced,
backend/internal/server/routes/admin.go,different,infrastructure,106d309b24a6c8385ad721b241f407940c8360256b859d6cbb5b6d07008caa79,ec60c21607bf6aee95638dea2925a52ca0166ea3190528aa39098115c13c12a8,
backend/internal/server/routes/auth.go,different,infrastructure,df989b29580838f5e242dbd8f1b29f908bedb1b18d737a18a3ffef4ace2d6b19,fc09b1c0467d4c8b11682e33ca622fb5ff7932148a4eaf78301c9659beff9625,
backend/internal/server/routes/auth_rate_limit_integration_test.go,same,infrastructure,48987185a023b74aff6d813ef8d4e5b56cc3131206be0fdfa9e4861c5ddfa067,48987185a023b74aff6d813ef8d4e5b56cc3131206be0fdfa9e4861c5ddfa067,
backend/internal/server/routes/auth_rate_limit_test.go,same,infrastructure,82060c3ebabdf8b26b7187e880d537aac7f9ac15f425d1ac8550c918b4fde5be,82060c3ebabdf8b26b7187e880d537aac7f9ac15f425d1ac8550c918b4fde5be,
backend/internal/server/routes/channel_monitor_feature_gate_test.go,official_only,infrastructure,c0413f85aa290b41a5051e7c55cc0284eac3f679ecca01052006a6150faf63f9,,
backend/internal/server/routes/common.go,same,infrastructure,9dda148e1d69179f9430a96cd9bcdc3f0b2180d93291f18dd0c31dd9caf1311a,9dda148e1d69179f9430a96cd9bcdc3f0b2180d93291f18dd0c31dd9caf1311a,
backend/internal/server/routes/composite_platform_test.go,official_only,infrastructure,0915e9822e1a79f328b1d9e8d48de04c5b2d0a190581888fca4d60733850a1dd,,
backend/internal/server/routes/gateway.go,different,runtime_protocol,53abccfa66a73079b4cde96d4210d518b4c42592328559e8a3b7544773d75002,1603812fb3138dc48ef723d7c25a0fdca6219c8a1f7491c6119c1eb62b8fb43d,
backend/internal/server/routes/gateway_codex_models_test.go,official_only,infrastructure,2481dcac2811e35f18c7796acf254bf5e30cf7e96f0bc58b7fd082716af8862b,,
backend/internal/server/routes/gateway_key_billing_test.go,official_only,infrastructure,093e13e91f4abe6c5ccc928a1fa075a452e443068274f265419cf86d542889d1,,
backend/internal/server/routes/gateway_test.go,official_only,infrastructure,750894e259f98d021ce4459c95bebad288ff0fc3fc0b4af3d414692e697a6876,,
backend/internal/server/routes/model_plaza.go,same,infrastructure,f2b122ccece86e535293ee60c1aa2805c6c1879b05a77e685a36e8204c7dc2fb,f2b122ccece86e535293ee60c1aa2805c6c1879b05a77e685a36e8204c7dc2fb,
backend/internal/server/routes/model_pricing_routes_test.go,current_only,infrastructure,,7eabf0f6a957f42f8a65169a0c52be0c6c474fcdb47391ce809b97c29df31ef5,
backend/internal/server/routes/ops_ingress_reject_routes_test.go,same,infrastructure,2b617a0afeaa9eeef3ff8411ff79344aba36e0e13ea62886cfe8382e921ad8b8,2b617a0afeaa9eeef3ff8411ff79344aba36e0e13ea62886cfe8382e921ad8b8,
backend/internal/server/routes/payment.go,different,infrastructure,2a9d69148ffbee198bf790547046acf271ceb6f582894d49b3bc16736f5420c0,0e506836d40b72f8033f2ec53be62da00c4bb5978798b6f55e93cd4fbeb66d9c,
backend/internal/server/routes/prompt_audit_route_coverage_test.go,different,infrastructure,47fce01dc69c8d75ecbf442281e81978bc2bf078b96bf10ee47f776fa79c5da9,5d186159c82c2c98a363d2f2c63f7ccaa9af8a81038bcbdc833153ed6bd6eeec,
backend/internal/server/routes/user.go,different,productcore,77bdb755320cd6a95e9caaab4716c3fb5cedbdde6f75fbbe8d847e53adee25a0,0b13bb7bd4fec419e1de9301bbc518eac6a52a47a4580240486bc0898202cb0a,
backend/internal/service/account.go,different,runtime_provider,4fc5c401f30447da018dd91209791080136a2f24b72fc1e8ad98b06e5395b068,2f24df83af7ca412bf4b5f7a9d3ca240cb41498adb491d956b9fd871e19fbd95,
backend/internal/service/account_anthropic_passthrough_test.go,same,runtime_provider,1099061ef0b660d56e59b2848292662b648674ea869380148e837e588cfacb38,1099061ef0b660d56e59b2848292662b648674ea869380148e837e588cfacb38,
backend/internal/service/account_base_url_test.go,same,runtime_provider,83c232aa8ff981bc2ed20d745f102d212b14e90921cade45fe8f79e97b520359,83c232aa8ff981bc2ed20d745f102d212b14e90921cade45fe8f79e97b520359,
backend/internal/service/account_billing_rate_multiplier_test.go,same,runtime_provider,978a602410cfa8bff3f5346965dd5af8e53ccc0b7a7ce098641434b25d817eea,978a602410cfa8bff3f5346965dd5af8e53ccc0b7a7ce098641434b25d817eea,
backend/internal/service/account_codex_cli_only_app_server_test.go,same,runtime_provider,0edfedd5bfe781d48f6e7e5b0a882416aa4bd1d933463113d1e05f3d790becc3,0edfedd5bfe781d48f6e7e5b0a882416aa4bd1d933463113d1e05f3d790becc3,
backend/internal/service/account_codex_fingerprint_seed_lifecycle_test.go,official_only,runtime_provider,a8bd978e521cfb3490702ff7782aefc3a544a1b0339feb5a0228db552e2000e9,,
backend/internal/service/account_credential_shadow_skip_test.go,same,runtime_provider,b30bf3824287a5997413c185f5bfcdb445ba7b09171c4c1213bf77052abd9b74,b30bf3824287a5997413c185f5bfcdb445ba7b09171c4c1213bf77052abd9b74,
backend/internal/service/account_credentials_persistence.go,different,runtime_provider,1a0e8d462c9c046e2688a9b9239feddc28a3dc3d41d500c0a16840af741fdf86,aaa383afac5d9fe2f4ae00fe6c34be01d10531b785af08ac732c1450a070567c,
backend/internal/service/account_credentials_redact.go,different,runtime_provider,895d10736ff1a92959828388b715239a4701b8a4a977b9a540f926c1a44f87dc,2c8b43f44ddbffcbc5fcd95997ea24f4288b47f26d5d71d72f9221a9ccd5da7f,
backend/internal/service/account_credentials_redact_test.go,different,runtime_provider,c6487dfc1bd319498772ceb26922256f173ecff3a0f0eaa353c6ada98a3927b5,cc64965bd47fa51129d91f16a823168f6dbcf620654643fc453f517e2a3f9bf7,
backend/internal/service/account_expiry_service.go,same,runtime_provider,80e9e49d0c4a93783fa93f4baa7b5aeb8241950d77bac265ea3174128d52760c,80e9e49d0c4a93783fa93f4baa7b5aeb8241950d77bac265ea3174128d52760c,
backend/internal/service/account_grok_media_eligibility.go,official_only,runtime_provider,1e6fdf5be8f0b239932746dba7201526a2785c85b8cbcfc1b8e639090f84e8bc,,
backend/internal/service/account_grok_media_eligibility_test.go,different,runtime_provider,b8ab4864246c1d3ebcfc26e3bf63e106b2b47410b97d1603d5a13968ad21cec8,a02ffe432d4c696122715373fe41f3589f9a3df71ff09ded63aa8d15fbbef3e4,
backend/internal/service/account_group.go,official_only,runtime_provider,cb38d1e6de27d9f72668eb3b92195b307dd1549800d4d81082631139f4257084,,
backend/internal/service/account_header_override.go,different,runtime_provider,5516e71cba12e7c825a0912d95048718da5aa56ca0cb697bbf5fd03b17e6a148,4f2f0f674bea5f801e14ec6412aafd87bc59063153a76f78638701f7bfe88bfd,
backend/internal/service/account_header_override_test.go,different,runtime_provider,9735541f148d8aefe3c36d6abefe2173600ad5388ede99bec04c1e149b54a681,c5c1c00eb1b93688ae5051008defe410dd13e473a592a0069e624c58fd5ef424,
backend/internal/service/account_intercept_warmup_test.go,same,runtime_provider,cfbbee18dfb2483d55e082d922ba4893d48f17e7dbe2ba026cea89598e35a65a,cfbbee18dfb2483d55e082d922ba4893d48f17e7dbe2ba026cea89598e35a65a,
backend/internal/service/account_load_factor_test.go,same,runtime_provider,76a8f961306410a4c434f87c89df093cd0630d7399740e1aa591355bff261719,76a8f961306410a4c434f87c89df093cd0630d7399740e1aa591355bff261719,
backend/internal/service/account_long_context_billing_test.go,different,runtime_provider,64782a52996f4a191855044abce6e223027a17f7522851672c4830f207ad584e,d8e411f8d1961571a2f1012a455f9edd42018dfd5719080f78aad304c4c0744e,
backend/internal/service/account_openai_compact_test.go,same,runtime_provider,82bf8dd49db3f4c4f5558f52b77339f0b21988c42c43a6a50167dbe39dc3bc08,82bf8dd49db3f4c4f5558f52b77339f0b21988c42c43a6a50167dbe39dc3bc08,
backend/internal/service/account_openai_passthrough_test.go,same,runtime_provider,debde85f042b9c3d5b01cb04818537b30ead3ab66da03f9129a4c3522c5f2b71,debde85f042b9c3d5b01cb04818537b30ead3ab66da03f9129a4c3522c5f2b71,
backend/internal/service/account_pool_mode_test.go,same,runtime_provider,9ecba2f6c0b88fec4424652c7cd436ed85c42ab896dfb0a8e8e3870d2ba8932b,9ecba2f6c0b88fec4424652c7cd436ed85c42ab896dfb0a8e8e3870d2ba8932b,
backend/internal/service/account_pool_retry_status_codes_test.go,same,runtime_provider,de505f970002ed6ca4a4a967aed7563a9ab8d943fcfe484fa4ab7e133156eca7,de505f970002ed6ca4a4a967aed7563a9ab8d943fcfe484fa4ab7e133156eca7,
backend/internal/service/account_quota_reset_test.go,same,runtime_provider,ca114b71055f7ed1da098d3b45c2ce60d29d360be3f1f60f8824dec3a66c53d1,ca114b71055f7ed1da098d3b45c2ce60d29d360be3f1f60f8824dec3a66c53d1,
backend/internal/service/account_quota_schedulable_test.go,same,runtime_provider,12a72b5e766df01437a9134fcedf356dcdecb6932f7bb1819f520caed73f022b,12a72b5e766df01437a9134fcedf356dcdecb6932f7bb1819f520caed73f022b,
backend/internal/service/account_repository_refresh_candidates_unit_test.go,official_only,runtime_provider,b7d22cf8c170770f1108548c5f91e3497bc2dc58b161538f6d75df3c86fbf7ba,,
backend/internal/service/account_repository_test_stub_test.go,current_only,runtime_provider,,8bd94b6d7627cee4284f39e463c7c7117fd2bcce663095c41f075ade9f8a5992,
backend/internal/service/account_rpm_test.go,same,runtime_provider,019e603c08406a5647732250dbdd71ca24717044e6ae61064ace0333b654da1a,019e603c08406a5647732250dbdd71ca24717044e6ae61064ace0333b654da1a,
backend/internal/service/account_scheduling_threshold_eval.go,official_only,runtime_provider,86420f23ce0b6eb087b11754e665cd17e63aa30f2f433c86e28ba6b0de9d06fd,,
backend/internal/service/account_scheduling_threshold_eval_test.go,official_only,runtime_provider,5356d571a556461404bfc19bc6ff08e575302c92ca7709bbd6ce73ccedc2bd66,,
backend/internal/service/account_scheduling_threshold_integration_test.go,official_only,runtime_provider,9ba8856ddecef88d0e5e00f3c6f8ae02ba99eb4a0707096071c0a596357bb077,,
backend/internal/service/account_scheduling_threshold_reason.go,official_only,runtime_provider,c2fa6d8ca4af9b4212743c1ee5b2a018621ad355c5b969155be7dfbe1771f8a3,,
backend/internal/service/account_scheduling_threshold_reason_test.go,official_only,runtime_provider,9b1d36dbd1a6ac405b23b3de3a376f07e597b70fb6777230bb8886b55caba227,,
backend/internal/service/account_service.go,different,runtime_provider,54ce8d64e614f8177c039aa5186677345b0ebc9eec1ecda99ced33f1b6cd381e,a1046c2ac4c975bc1afb905291099eeed67f92035a6a32f8c3149d2ab6e72bc6,
backend/internal/service/account_service_delete_test.go,different,runtime_provider,28982ba050c8db34041ee9787a13d0643270a8d945e4c9491176ffeecafffbce,17915b4a913d5f1d2ee90d126add26c393bc5ff9a676adef4cbbf28f78025ff9,
backend/internal/service/account_spark_shadow_test.go,same,runtime_provider,6a4aa7faab1bab085e5af9ce31c85257a2f83f5eb3765c22b6f4ce40ce7c86e6,6a4aa7faab1bab085e5af9ce31c85257a2f83f5eb3765c22b6f4ce40ce7c86e6,
backend/internal/service/account_stats_pricing.go,official_only,runtime_provider,ff5f719b2ce5ca24288b3e67ac5bdd73d37708a5b2e45ff778b353eceb6a9b85,,
backend/internal/service/account_stats_pricing_test.go,official_only,runtime_provider,7fb31f2fe6157c20df66c88db61c4b3cefba6afa3b97abfb730962f577b86ed6,,
backend/internal/service/account_test_service.go,different,runtime_provider,9f3a1806d9ad62edac7907b78958771aae7d8e920de690f4495c40388688e5bf,c71b548bf4081d4bb14e5785d5bdee1287fc5885dca8723066a8e4bfd9cc0a70,
backend/internal/service/account_test_service_antigravity_test.go,official_only,runtime_provider,0d24e70f1cb7a0cd4120743598f5215f8454604e143b953a3cbd7b68026fa97b,,
backend/internal/service/account_test_service_cn_adaptive.go,official_only,runtime_provider,fa3dc887c56f9c8213fe0e1e80188629c47195862648c004baa664a6fbf11853,,
backend/internal/service/account_test_service_cn_adaptive_test.go,official_only,runtime_provider,fa4f2647a5d7475f90b865a47fb09c9b1c4bc9dcd4be7fb24eb7e3a32c80d694,,
backend/internal/service/account_test_service_gemini_test.go,same,runtime_provider,9889839c92152c0800d1e8d3b1bcc664ae531ef52d1d1a5fd4fde48272054f13,9889839c92152c0800d1e8d3b1bcc664ae531ef52d1d1a5fd4fde48272054f13,
backend/internal/service/account_test_service_grok_test.go,different,runtime_provider,4061cdd42affe447b3babe2f71f9b6cbe4b5afdb918a7d499ea9908b2ed0eabc,0ccfa7471ff5bed9f0c54a26ada5825bf74274ad357fa9320d3a277770a5c624,
backend/internal/service/account_test_service_openai_compact_test.go,different,runtime_provider,500cf93eef886aaec192e48ee4d8b1549b589903e7b3351f1aa10ef5de5af72e,d96e38492bca9c8037936f678ecf04206f3cfc1c6da02fdf11544087e5aadd2c,
backend/internal/service/account_test_service_openai_image_test.go,same,runtime_provider,2b8962e5ea1d42d8c39c73b792e86487ef789e25d07769dc47434c1a014bbb5e,2b8962e5ea1d42d8c39c73b792e86487ef789e25d07769dc47434c1a014bbb5e,
backend/internal/service/account_test_service_openai_test.go,different,runtime_provider,e998a1ab588833ca9412d171d3fb37fdc3091829e8f23be7bb62024d14594c32,4f1d771ba47d3e9599f2a648fc775fc3e5c0a1f8a7aa0d52381a93c76f3d8b34,
backend/internal/service/account_usage_service.go,different,runtime_provider,62d6053960ba9ece4c985659c8fbdcc0313ef4ad73b2657710aa2b8347e64827,14ab1c581a670f8605aed90de28675cf93c0fecbfeb4633483aec1b4bbf88599,
backend/internal/service/account_usage_service_batch_test.go,official_only,runtime_provider,3a6ec07ce8d3d90f556b3eb565813200679690bcc9d5c095d5adde4103e3ba25,,
backend/internal/service/account_usage_service_fable_test.go,same,runtime_provider,a96f1aaec600c9ac95a7db88c409eb6f3bcaa4d9aad6b00294cbd05c5d550097,a96f1aaec600c9ac95a7db88c409eb6f3bcaa4d9aad6b00294cbd05c5d550097,
backend/internal/service/account_usage_service_spark_shadow_test.go,same,runtime_provider,3dea6adccaf579a6c8223fd38565f5320db5a3f4c53b99fa19e9b9bc40615f70,3dea6adccaf579a6c8223fd38565f5320db5a3f4c53b99fa19e9b9bc40615f70,
backend/internal/service/account_usage_service_test.go,same,runtime_provider,2dc762276fad6c871fe004f732f6da22fbe88f2b6eecfdbff5712085ff4c8efd,2dc762276fad6c871fe004f732f6da22fbe88f2b6eecfdbff5712085ff4c8efd,
backend/internal/service/account_usage_session_window_test.go,same,runtime_provider,d7af31eba6276e9240a6abf1139caf513b8e1fe4759d71c2264fb645576ce6df,d7af31eba6276e9240a6abf1139caf513b8e1fe4759d71c2264fb645576ce6df,
backend/internal/service/account_websearch_test.go,same,runtime_provider,b1b0f59d6bfdca0835246c9090fe20bff1700e2502edd138401a42d570a1bac5,b1b0f59d6bfdca0835246c9090fe20bff1700e2502edd138401a42d570a1bac5,
backend/internal/service/account_wildcard_test.go,different,runtime_provider,0ca0ad06fdfc7ae454955b278194eee09587e0e731e4bc5e5b93cfe8e635c2e1,0cbc2ae1d3055c1a796bf03201b6bfd2c45ec8b7d0f3564a1fa7fa0893a28d51,
backend/internal/service/adaptive_api_protocol_test.go,official_only,test,60eab86cf071412e725039dcd8992f884576cf4907fefdc100b1eebcca2d11d4,,
backend/internal/service/admin_account.go,different,productcore,17102853fecd2d85cfa355f9e5fdac6bbd2b30d855c2f4efe9dcc19ac20b242d,e38fa57430c3e71f8cf42b5ac9cf3ed1583611656b70de888fbf1d3145ed997b,
backend/internal/service/admin_account_concurrency_test.go,same,productcore,d04246056d0c76615f77006dbd4d3c05d2c2a3c8b968400617d8bc7e97a1b5de,d04246056d0c76615f77006dbd4d3c05d2c2a3c8b968400617d8bc7e97a1b5de,
backend/internal/service/admin_account_platform_pool_test.go,current_only,productcore,,89bbd04fe714c4f604c8c3a6c8cb9596cbd22511c2963787872d06d6cfcb7add,
backend/internal/service/admin_account_upstream_billing_probe_test.go,different,productcore,20806c1bf7bb132a15dc3a2b30355344475bd7a0b9705f2f04be4518e8fec54a,9fba59eb5b56c64adf953a1b6529b73ffb5836ab1b7dd692c39f66e6fc3cfd09,
backend/internal/service/admin_balance_history_test.go,same,productcore,6715b2843b56e319759a1804020ef5e4211f9ad4fbaf88aaec91f363a8a33968,6715b2843b56e319759a1804020ef5e4211f9ad4fbaf88aaec91f363a8a33968,
backend/internal/service/admin_compliance.go,same,productcore,39c1a81fb46fd10562fff33bb84ccb15a483a21d1512c4bd91eb489d44b5a545,39c1a81fb46fd10562fff33bb84ccb15a483a21d1512c4bd91eb489d44b5a545,
backend/internal/service/admin_compliance_test.go,same,productcore,992934319329c64a04d52fcf19ae69effc74282c87356f5c5f4728f38b992514,992934319329c64a04d52fcf19ae69effc74282c87356f5c5f4728f38b992514,
backend/internal/service/admin_group.go,official_only,productcore,3dfad747e753c56e984d01e77b24d5ab9be166a607990a1b121ed5734b63c049,,
backend/internal/service/admin_group_duplicate.go,official_only,productcore,2d1257cf79d7805fb0c49b903092f92b4a87bae32c70c3aac5847aea75e9b939,,
backend/internal/service/admin_group_duplicate_test.go,official_only,productcore,0cdc87f005c6abf68d39938cf4ccb0a969189ee3908143c8896c2fa23a3ea1b8,,
backend/internal/service/admin_group_platform_cache_test.go,official_only,productcore,b000b8cf1275a8ec7f8cb5a09612cb556e1130ef4ecbfd50fdb90d69f72f6d5b,,
backend/internal/service/admin_proxy.go,same,productcore,e23bc0ae0a593ad35f5dd0924f5b53aa3378a3e94576d212c6564b29950dcc54,e23bc0ae0a593ad35f5dd0924f5b53aa3378a3e94576d212c6564b29950dcc54,
backend/internal/service/admin_service.go,different,productcore,1a56e57f766cf69e73dc02152f7b1d9f22034a61b00fed2e83637a98794881c0,03730be300ed17daac6b9317e107e035a446ac08c54111ba43dc406ff7ea99a8,
backend/internal/service/admin_service_apikey_test.go,official_only,productcore,20f45d7495d8a6ebc7928a92ea7acc666b1feeb4ea050734f6129ceca82b68de,,
backend/internal/service/admin_service_auth_identity_binding_test.go,same,productcore,c3cb76ae43803414613be9191fe9aa6f642f3655b9122daefe8782745bc9c92d,c3cb76ae43803414613be9191fe9aa6f642f3655b9122daefe8782745bc9c92d,
backend/internal/service/admin_service_batch_limits_test.go,same,productcore,aadcf9ee4de3c7e3aaffb49b7c3b33c0f2395c25320d2787b5a7855b6d11702b,aadcf9ee4de3c7e3aaffb49b7c3b33c0f2395c25320d2787b5a7855b6d11702b,
backend/internal/service/admin_service_bulk_update_test.go,official_only,productcore,2dbdf7dea9efec501a361386737a3290d8d96b1bf217287bb5d513ea95f24a02,,
backend/internal/service/admin_service_clear_error_test.go,same,productcore,9b4aa207dad3beb51a80b4ee8a58224e6eca1c9576d90ee5c6511ab79051aaa7,9b4aa207dad3beb51a80b4ee8a58224e6eca1c9576d90ee5c6511ab79051aaa7,
backend/internal/service/admin_service_composite_group_test.go,official_only,productcore,abf118975ee1c6a9b0fbdb35922d5cde10d9c17cad5cef6d5826bb79ff288241,,
backend/internal/service/admin_service_create_user_test.go,different,productcore,efaba612ceca436cedc2264d1ec1f2f40aff7cfba7fc70ddcc8f78a342ca5df6,53129450827a5c5c5661abf5cd51e3a37e58650bd8c95c1eba3bdf32d6c16804,
backend/internal/service/admin_service_credentials_merge_test.go,same,productcore,8ed1d3d174d8f76468d8edd27787c53d9aea809a4e2f65582923d744c4e15120,8ed1d3d174d8f76468d8edd27787c53d9aea809a4e2f65582923d744c4e15120,
backend/internal/service/admin_service_delete_test.go,official_only,productcore,8d9c95073945dae4b976f7026fc672b60f92d10a4f22588d7a78a084498c3894,,
backend/internal/service/admin_service_duplicate_account_test.go,official_only,productcore,f6e79dc8cc0edbed5daca21206a607133a219bd4c4c9261858e14f6b9de07982,,
backend/internal/service/admin_service_email_identity_sync_test.go,different,productcore,4c7c97afd61aab77c001c1270185533f484ea9e7fd3671e78b620abc2344ee65,98ad3fc7b637ae417483669e83013a122376af06f5a01dc1cb72fe01057f901e,
backend/internal/service/admin_service_get_deleted_test.go,same,productcore,b1ccbfb201748b2982c291e27c512995990544aeb57c5dd698e7db9f54c98b06,b1ccbfb201748b2982c291e27c512995990544aeb57c5dd698e7db9f54c98b06,
backend/internal/service/admin_service_group_rate_test.go,official_only,productcore,39b3832ff8b567e19e2c2501d2317bd66f79b3f8627de4681389c7b6681a4c60,,
backend/internal/service/admin_service_group_test.go,official_only,productcore,5ddd77bdabef74d3cfc8fda9014d62d692f1e914313662f0763e1496e8775ab8,,
backend/internal/service/admin_service_list_users_test.go,official_only,productcore,c54dee9c79710027353209789d4af98354dd47962cb5c19e917a6df2e27c9b4f,,
backend/internal/service/admin_service_overages_test.go,same,productcore,08b2cdf434354897fb6fc3561ac8cf7af64b86093e04ea46750703af103e7621,08b2cdf434354897fb6fc3561ac8cf7af64b86093e04ea46750703af103e7621,
backend/internal/service/admin_service_proxy_quality_test.go,same,productcore,e881dc5569f6b8322903d72c3a5af8ef8fb6d3d531216b6feaafba310bfcd187,e881dc5569f6b8322903d72c3a5af8ef8fb6d3d531216b6feaafba310bfcd187,
backend/internal/service/admin_service_reset_quota_test.go,different,productcore,985dbb5d20bc6f0a0268e7db04014d940cfab79dcf432144e55af6b965c7b310,937f78343abc6654447653273d9cf42fb1652138a24d28b6aa1a379ae0c9128f,
backend/internal/service/admin_service_role_test.go,same,productcore,92c812d45a7a5042a6d6e7c07109342d52cef52f1f160d1bdced1c1e7adfd0e1,92c812d45a7a5042a6d6e7c07109342d52cef52f1f160d1bdced1c1e7adfd0e1,
backend/internal/service/admin_service_rpm_status_test.go,official_only,productcore,8e96b0fe985a9ba2e70bbc77a143e360e1b98f0d3baa1e27cdee31f1b99dff6f,,
backend/internal/service/admin_service_search_test.go,different,productcore,e8073994fe7ef32c12c2de17cfe5e8057511c23e5911f98a48ece9b2a9e00d3b,c6ad8d81ec7faf7e6db1c3d7e6ee4f66714a7aa735adb848e8114b0ae07ad114,
backend/internal/service/admin_service_spark_shadow_test.go,official_only,productcore,5503287b0ef33be237834359d9997391e54d90258cc10556e23b1405eb9401f4,,
backend/internal/service/admin_service_update_balance_test.go,different,productcore,dbd01bcc3ed20b2d082cf09d57f778e0dd92befe59808268822e902491205e53,f3ce901bbbb13055dcbbc7ef0d88ff16aa6f72712cd835d612479c708da7ea80,
backend/internal/service/admin_service_update_user_rpm_test.go,same,productcore,7e4279ad10899cd1b9a4b440bb3e935d36be764cc344b068666ca26ed5ec020b,7e4279ad10899cd1b9a4b440bb3e935d36be764cc344b068666ca26ed5ec020b,
backend/internal/service/admin_test_stubs_test.go,current_only,productcore,,cf4ced0b629af32aec047067c431de1710f7bf34e856488201a1fef9c2296ab9,
backend/internal/service/admin_user.go,different,productcore,85ddff633c80ed207ab931443b8d65134e5742063e9d7bace0ec08e420533f56,7fdc9fff07c79dbe10385b1b5a7b88b8695868a8bc54b8aa1b959777b577e7f4,
backend/internal/service/affiliate_service.go,same,productcore,04cc335209d4fa6ea51c2a026ee091a37699ce951bf4717069c792ca189a3e40,04cc335209d4fa6ea51c2a026ee091a37699ce951bf4717069c792ca189a3e40,
backend/internal/service/affiliate_service_test.go,same,productcore,6c9f80bd0b6dfcbb741677820e8272279e94c274a5280eaf04ac4d81cf1c0783,6c9f80bd0b6dfcbb741677820e8272279e94c274a5280eaf04ac4d81cf1c0783,
backend/internal/service/aliyun_captcha_service.go,official_only,productcore,3b06fc073411bad24f9bdda17a099765447a1455a01ac5566f57fe72fea315bf,,
backend/internal/service/aliyun_captcha_service_test.go,official_only,productcore,dc4ee934f5d6887cdee597da19840372aa4265d6f3652f168af0c3e32c1754fe,,
backend/internal/service/announcement.go,same,productcore,a1882f67049ea89a1eaa925f5ee050812c58bfdf5e0a708eea3f3c5c057fa5cb,a1882f67049ea89a1eaa925f5ee050812c58bfdf5e0a708eea3f3c5c057fa5cb,
backend/internal/service/announcement_service.go,different,productcore,4d713ba3f49a536155958f1dcd055bd86a7511475c0980002c50469df7b06760,bf6989537944a3428cf46332677808002507f949ac1f1ebb07d2227295aa685b,
backend/internal/service/announcement_service_test.go,same,productcore,5b7eb1f1a2171ad2034ab864c8850ee81f2d186b7f1417f868a5ff6da2472c35,5b7eb1f1a2171ad2034ab864c8850ee81f2d186b7f1417f868a5ff6da2472c35,
backend/internal/service/announcement_targeting_test.go,different,productcore,952dee915e43acf9019097b4ff14baa45fbd715cba7df39bc12a701e8931c51d,4b446a889ba4ffc471f74ffb0d84f1963c821cb84ad5a4a049cc85439773ed1e,
backend/internal/service/anthropic_apikey_auth.go,different,runtime_provider,14acf320122b6050152b29a5dfed2fb84e130611bd1321acdc372efe175b630e,4d2ada42c8931ea4d8a9889fa46fdcad5ef414a97eb9c5850f86f12d3b0a4635,
backend/internal/service/anthropic_session.go,same,runtime_provider,fe20910121dd434dc22e2beadfa52c30bfc20560af4d86a250cb988addc24bcc,fe20910121dd434dc22e2beadfa52c30bfc20560af4d86a250cb988addc24bcc,
backend/internal/service/anthropic_session_test.go,same,runtime_provider,2884f3ecd4b3e64688d40066f4e3b8b686e26d09e429464fd9b841f0a3f15af7,2884f3ecd4b3e64688d40066f4e3b8b686e26d09e429464fd9b841f0a3f15af7,
backend/internal/service/antigravity_credits_overages.go,same,runtime_provider,dd0201acd25c85bc7930e17065e9b41567b49ce238050e900484d01fec584bc1,dd0201acd25c85bc7930e17065e9b41567b49ce238050e900484d01fec584bc1,
backend/internal/service/antigravity_credits_overages_test.go,different,runtime_provider,b1e78282670a33fb02ef6e3eee704064e84bf62139eee186d3d62cf4f1153108,c19d75fd0c8fd924c9658faacc4b4616079e45ddb621e1373d60c9482c9bb0dd,
backend/internal/service/antigravity_default_test_stubs_test.go,different,runtime_provider,477ad43f6e3e56cb48af12ab7af3d9abf40f92adeba3a7d3e8988ca553fa0688,6ce3df4400cf3ad81d63f8af42ebae6ee810592b28b8db9329c7af99c5b4c732,
backend/internal/service/antigravity_gateway_claude.go,different,runtime_provider,a72b5dd5af6f13593f36dc233d6ded1cabbdc2508bd25b9b54ba01f3f0f4b73d,90fce6c0e60f2d93b80fd39815ec58afde08cc1dc688f75a93e1091881c08c8c,
backend/internal/service/antigravity_gateway_compat.go,different,runtime_provider,b51ca562be055a3d58d544ab8ed95f02621f460724ac2584b1acff2754521641,365fbf29fe34da6c2287c6e11dacbde53945d96859f2b451ace635a1c2386e06,
backend/internal/service/antigravity_gateway_compat_stream.go,different,runtime_provider,ded49335de951a7ccaacf894ed47a4f5e782f88b3383fbadc67eec6ab62f7802,9c34ceeb07c18fe0428d0ad8340f516d828ef52e2473a7adcc20d46ec9b5e90d,
backend/internal/service/antigravity_gateway_compat_test.go,different,runtime_provider,f1a4e6bc31896a04c75b1235fbbf4d3601983c27ceecb1e888e661fabd57004a,05889d7946e6e8f59646f1e9d22d8771b0941f5bfed611d0aa121678bebafe8e,
backend/internal/service/antigravity_gateway_gemini.go,different,runtime_provider,a0d0e1d16678c29539107795498299b849e4262aedd3a783405254e12e2d2280,718f00f25578aedd9a38049a0bc481bcd4610b73c8e885c683eb79181aff1ddb,
backend/internal/service/antigravity_gateway_retry.go,different,runtime_provider,2ff3d8b4e830b6a5ebd28dd4e86631f88814ee88c6aa70c76938f38672945f70,415f3f1f51fe93e9e17e4f142dfae4b51d734ac721d834bb499c10df85af1e00,
backend/internal/service/antigravity_gateway_service.go,different,runtime_provider,e91ec79f5dce2f0deb541ff9bdb8c5cfc9dbcd7aef1ed32c14e50e91703a9f9a,6cbf9aa164b4d12eaa0f03cdbd129f81a407f960ab719a50d0626c909fb32370,
backend/internal/service/antigravity_gateway_service_test.go,different,runtime_provider,68e01ad6f621500367cbca827793c0fa40166a7900438f4b4e4460a59fbe21c7,752f1fcd2ff587b4fd6ec997bc756b0bf952e467d3af1b82975d4ed9c4946d81,
backend/internal/service/antigravity_gateway_streaming.go,different,runtime_provider,959ced11195d27164103c741005fc9eee49ca6c28bf20a8aacade296ec20412b,cc39dbc2c293f229ba318621c7e065d5278bd0d6f38c2bd6b472bf11de2d0feb,
backend/internal/service/antigravity_gateway_upstream.go,different,runtime_provider,17f38321d3177caa61d3dc98127e2df87d754c7474d3e2b69dcf90d61630a0d8,330cddd0965b0c9ce639977f32c7413d762d65bd03ce96f3da3f187ebf68a3bb,
backend/internal/service/antigravity_image_test.go,same,runtime_provider,04bf42128c70867aa47bd73ccb8a066b6b4c86431aaef289c4f101bec7d59b2c,04bf42128c70867aa47bd73ccb8a066b6b4c86431aaef289c4f101bec7d59b2c,
backend/internal/service/antigravity_internal500_penalty.go,same,runtime_provider,ab28597e5975f08b3e8d00d7f2e4202fb0ec3f0152a254e4fb6eca12a7961e10,ab28597e5975f08b3e8d00d7f2e4202fb0ec3f0152a254e4fb6eca12a7961e10,
backend/internal/service/antigravity_internal500_penalty_test.go,same,runtime_provider,0a1936a950c8cf251ff3d9562cbcc5f940189245b5442d496279318fe8c74ffc,0a1936a950c8cf251ff3d9562cbcc5f940189245b5442d496279318fe8c74ffc,
backend/internal/service/antigravity_model_mapping_test.go,different,runtime_provider,8d1498b1606cb4c6dddb7b08f8a5180d35260700421e4d7c8c1d2fe4a462fb50,be997695e7e87e3432c4353932c31428d1f01a90aedfc813f15aca58977e3b5f,
backend/internal/service/antigravity_oauth_service.go,same,runtime_provider,fa6fad3133d997f3cf7320396248b62cedeb1d8d19fa6bac525b226d8467b3d7,fa6fad3133d997f3cf7320396248b62cedeb1d8d19fa6bac525b226d8467b3d7,
backend/internal/service/antigravity_oauth_service_test.go,same,runtime_provider,b3321885ba2b45fd695cb0034a8b22e1c4bce6c091480259cf267ca1410c257d,b3321885ba2b45fd695cb0034a8b22e1c4bce6c091480259cf267ca1410c257d,
backend/internal/service/antigravity_privacy_service.go,same,runtime_provider,63d8ea1785eb472fe73b73296277679b20e3bb48e1a33aff83129563fabecbe6,63d8ea1785eb472fe73b73296277679b20e3bb48e1a33aff83129563fabecbe6,
backend/internal/service/antigravity_privacy_service_test.go,same,runtime_provider,40b9303a4b5bd8c0b333df68082eee292c27c62b8d389d1943950b94bef06804,40b9303a4b5bd8c0b333df68082eee292c27c62b8d389d1943950b94bef06804,
backend/internal/service/antigravity_quota_fetcher.go,different,runtime_provider,095683d1f47bfdf924cc5cbccb5c864970a0d653da294c1a20d1e9d40f886642,c364b080397664ab4431af3036f699da76b58e9f97788dd2f9507c09c342843a,
backend/internal/service/antigravity_quota_fetcher_test.go,different,runtime_provider,c22579052c1dbb05d58f85a5cb97fb8aee3ea13a23cb6efc3aaa28f529dddda9,c9dd0427b4300ddbd61f4d6390b00e05ff3e03e6384e783c4de2e4698270907c,
backend/internal/service/antigravity_quota_scope.go,same,runtime_provider,3c815a49fb7595e66c5f56fe9efde3dd82f5b0c3af47ad865daf4e89d4b46dea,3c815a49fb7595e66c5f56fe9efde3dd82f5b0c3af47ad865daf4e89d4b46dea,
backend/internal/service/antigravity_rate_limit_test.go,different,runtime_provider,bb2e1e6abf57d81a6be2f358e42528418b34035fbe0cabeece498c3cc44812a9,e758b035a8bce6ae2fdd4c5f7735b5745a911607190364e775557142ca7d2cbd,
backend/internal/service/antigravity_single_account_retry_test.go,different,runtime_provider,964792c8e3959df13f698a901f5c1dd15b9b30fc2364060c154068c06ade3879,55a48aa2a2b8f7bcfcf3c30257431468dc4b7ebcb574c26b45509463afbb4930,
backend/internal/service/antigravity_smart_retry_test.go,different,runtime_provider,a6c740722fcce159fc7d04e515f3703283d6f8714d7764c56181aa1c3d7e33a3,e6e45c6e876ea55f2230f9bb348f96107d69039d23c5b2f30bdccb51d51fbcca,
backend/internal/service/antigravity_subscription_service.go,same,runtime_provider,da00006536ae31ffe5f7911409f78220ebebefd3013e30dbdd6d165eb0be9fac,da00006536ae31ffe5f7911409f78220ebebefd3013e30dbdd6d165eb0be9fac,
backend/internal/service/antigravity_subscription_test.go,same,runtime_provider,3346565f020642b19f7c652ce0bd29591fede9951e473ba3982650af0c0e64f3,3346565f020642b19f7c652ce0bd29591fede9951e473ba3982650af0c0e64f3,
backend/internal/service/antigravity_thinking_test.go,same,runtime_provider,1575b16ff439c3930bc31f9369dcf1768785939ebe2a877660de82f33bb7fd7a,1575b16ff439c3930bc31f9369dcf1768785939ebe2a877660de82f33bb7fd7a,
backend/internal/service/antigravity_token_provider.go,same,runtime_provider,205b7bbf579109f776ce0e0cd3c762f5d3c8949cb2d8919898b5983c8c6a98ab,205b7bbf579109f776ce0e0cd3c762f5d3c8949cb2d8919898b5983c8c6a98ab,
backend/internal/service/antigravity_token_provider_test.go,same,runtime_provider,17101b4e4c5fcb4c2d15c88f176d9b6e3dd9d63b9c8eeb1b89cd33d65d593901,17101b4e4c5fcb4c2d15c88f176d9b6e3dd9d63b9c8eeb1b89cd33d65d593901,
backend/internal/service/antigravity_token_refresher.go,same,runtime_provider,c0542eed77f3f0ae9f437e1f4de74f9b9c118f1fb1cd3c1f9634dfe327edc8f0,c0542eed77f3f0ae9f437e1f4de74f9b9c118f1fb1cd3c1f9634dfe327edc8f0,
backend/internal/service/api_key.go,different,productcore,c50bb53a3a1ad4675e4b62f0a6140207aaf92bf6b8c0cf7a0298eeeb28f3a31b,4fd82c1c2087165c616ada5c3ac47d9b9542d5f0dd45fa365418c8a63551d984,
backend/internal/service/api_key_asset_permissions.go,current_only,productcore,,de478e384b07d56243ff90d657f9c9da31bb43df1cb56ae7ed3d859991547890,
backend/internal/service/api_key_asset_permissions_test.go,current_only,productcore,,d136017a1cb9213df4ac0be1e8c932fa3eca421612bdc38d7da12f72c548c7c4,
backend/internal/service/api_key_asset_resolver.go,current_only,productcore,,191d524a5f36ea95f289b3054b9f48a42ecffacdf280f74e970b2bf6fc0b8629,
backend/internal/service/api_key_asset_resolver_test.go,current_only,productcore,,f1101a0670604c99c8fcfc12fb7dd0842d7644309944d4d1c09bff3d992dde2a,
backend/internal/service/api_key_auth_cache.go,different,productcore,1fc14ebabef6a441d687942bcfe98dc5aca4e9288b30af8e9aec52da64eb0c69,af54d74bcd8b6749d92ef41f907036a5848be3e5db61eed55551f20d86972a1b,
backend/internal/service/api_key_auth_cache_impl.go,different,productcore,8224ed0617471c297454a0e21a8d5c2bfbf8a328ce618814638d185c04f4c6a8,2c0b791151629c1b920d4af9875308e3b4ec178771f105c9a449332ea991786c,
backend/internal/service/api_key_auth_cache_invalidate.go,different,productcore,fbf2cfcbfc9e669a6052764a2c7459b4994abc9c2aece8da2d0ac4f4a839dba7,9692b5393e1a24b48be29b04236b9373fd5a155bbea6f5b997b5d34c72974552,
backend/internal/service/api_key_auth_cache_openai_fast_test.go,official_only,productcore,1a09ab74adf9b38f90fd415a377dacb10fdf8a2444e7cdfc234e09cb3d737fe5,,
backend/internal/service/api_key_auth_cache_pricing_test.go,official_only,productcore,dd4ec1cc70dfc9c3274ef4f51b662048d0ae1fa24815a447764b79597744c0fd,,
backend/internal/service/api_key_auth_cache_profit_test.go,official_only,productcore,3ba3997414bf5a40e554ecbcd456e1009ba06988596f6830fa322cdf8f305770,,
backend/internal/service/api_key_auth_cache_version_test.go,official_only,productcore,83f9235150a5433c0da84fb5f337bb96110b7c3d6e23287d7b51b24df53064e5,,
backend/internal/service/api_key_rate_limit_test.go,same,productcore,aec7a56b434691af4f9c381bcf6352eaef8751834a94a2a81d8969f7c7934d11,aec7a56b434691af4f9c381bcf6352eaef8751834a94a2a81d8969f7c7934d11,
backend/internal/service/api_key_service.go,different,productcore,1ee7ab1d1fd273adcba05c672a218dd473f40c68beef5d39b38b455e9b630bc0,b8badabf9dabc27e5a2e4c26247f7f02a04e26afbce9bf8791148b1044197b6f,
backend/internal/service/api_key_service_cache_test.go,official_only,productcore,b7b3795485b56c78c914687f8c5ef188a171551ecb0c65aeb8d1ee6f0257f5bc,,
backend/internal/service/api_key_service_delete_test.go,different,productcore,a6f77345649b9e36f66c72f0d7fb2f1cad2d97c544f233bffd86a930a82d285a,5ae061bc62d6a3bc9aea7152000435111d1abb1ad7283fc5e726db5a85035a3d,
backend/internal/service/api_key_service_quota_test.go,different,productcore,0920067c9fd41b09090710fcc68abb72c6121284cb874683db205db18a394ae5,d816bd8e7aeddba1647ac62a3a92183dc3c01bc010c561921eaec69559672d93,
backend/internal/service/api_key_service_touch_last_used_test.go,same,productcore,a3d0a1c9895b3370b524f1a0aa712c10c9c013bd5b7e0bde9f9996a9ffc4801b,a3d0a1c9895b3370b524f1a0aa712c10c9c013bd5b7e0bde9f9996a9ffc4801b,
backend/internal/service/api_key_service_update_fields_test.go,same,productcore,b452ab77de01b9774e8c58927fe2f1f50e2fafdb746fc46669f6e66a6b592829,b452ab77de01b9774e8c58927fe2f1f50e2fafdb746fc46669f6e66a6b592829,
backend/internal/service/api_key_service_validation_test.go,official_only,productcore,b515e12d2f4aec2ea7c9189be288fef0e9a75c21f182b8ae6f80dda68e1cba7a,,
backend/internal/service/audit_log.go,same,productcore,3ad37413005bf24f6c58f8b247c1ecef6eb71c4236bd2207c62efd8d94db6f36,3ad37413005bf24f6c58f8b247c1ecef6eb71c4236bd2207c62efd8d94db6f36,
backend/internal/service/audit_log_service.go,same,productcore,33aa38f9d08562f51431a3b82f877fb201c0ac0ea9bbe3aa49b59fbe86c5b226,33aa38f9d08562f51431a3b82f877fb201c0ac0ea9bbe3aa49b59fbe86c5b226,
backend/internal/service/audit_log_test.go,same,productcore,bd942e34a6abb56d31f36e6c153f62489feaa7643ea44c3f37bc4940a187647e,bd942e34a6abb56d31f36e6c153f62489feaa7643ea44c3f37bc4940a187647e,
backend/internal/service/auth_cache_invalidation_outbox.go,same,productcore,73691b6029dda4d3b2caf9364bcc4b93779b25afefa318e82475c16db9960508,73691b6029dda4d3b2caf9364bcc4b93779b25afefa318e82475c16db9960508,
backend/internal/service/auth_cache_invalidation_outbox_test.go,different,productcore,345286783bd9636b69b406c470aea41f0b95aba4f289f55d8cae127eaf1c3aa4,7a6a792ea3533f95b72541bea8dcab6812cb35c64460a5c9d26d56dd24d7676e,
backend/internal/service/auth_cache_invalidation_test.go,different,productcore,287b3e342c3550a0e7ed5e11d623f75ae2ef3a577802054ace8a3ae64b088f2d,fa912f88b104a4a89da3c44255a2bc5452199a3115bf491846a9726b141aed38,
backend/internal/service/auth_default_api_key_test.go,current_only,productcore,,8b8fc8cd51e067238a2dd48274b4b1d1f92345e9b3c66f79cadf63c8f8f42a99,
backend/internal/service/auth_email_binding.go,different,productcore,db21ffa41c73ee94a68f956f14df232c0e9829aca57d52948a073fd4059b1495,3f339484ed37783cd41983fd19d601a1e8b7a1386efc0c91cbc2ee401991b032,
backend/internal/service/auth_email_oauth_auto.go,same,productcore,cc49ed96964c328b760e316e47364e08fb5e0a6677607c0515ca12ea30d096c2,cc49ed96964c328b760e316e47364e08fb5e0a6677607c0515ca12ea30d096c2,
backend/internal/service/auth_email_oauth_auto_test.go,same,productcore,159bb0fd8107393d4a2bcd6824bce690e29e4efeb6213f57fb21fe6287da0e7e,159bb0fd8107393d4a2bcd6824bce690e29e4efeb6213f57fb21fe6287da0e7e,
backend/internal/service/auth_oauth_email_flow.go,different,productcore,8985a15d472784045e873010efb365273170f0bc9c5d5ed969aff833e5c93378,1dbf40f9f8e380e529439fae0429ad0fd19c13683bce01e8af6fbb08d6fa07aa,
backend/internal/service/auth_oauth_email_flow_test.go,different,productcore,57cc5da82b649fab58fa9ae8229598175011b80f2e5c1d047b77af1d259f5e14,4c9acef16a92806c410694aa599869bd2d49eb639149c198b384fb916e06193b,
backend/internal/service/auth_oauth_first_bind.go,different,productcore,0b333b40ef1eb7634d5a9b1757393aa1d58412c92f833ac2493c3543edda01f6,4bab383decb172b047eea442375b36361e3705c7dd8709a0e160133e69396e6a,
backend/internal/service/auth_pending_identity_service.go,same,productcore,2bfcfd296a2e6179d5174ed91170fbd169ec0c56ae5af8f9b37b45662272b007,2bfcfd296a2e6179d5174ed91170fbd169ec0c56ae5af8f9b37b45662272b007,
backend/internal/service/auth_pending_identity_service_test.go,same,productcore,863660f9025635684ec4e509dcd9a46912104e59e74d5ab2b097cf1730335411,863660f9025635684ec4e509dcd9a46912104e59e74d5ab2b097cf1730335411,
backend/internal/service/auth_service.go,different,productcore,11ae7c3223585a5875defa9c397fa2831366d51d234d56d7bb6606381114bc17,55fb276caeffd9583fd674bcd5d4b59f2d05c595a5952abe597562a128634a39,
backend/internal/service/auth_service_captcha_test.go,official_only,productcore,585ff8caea897264cdfddd585fac9a142bc2e0e86846717da4ea68030e1b7862,,
backend/internal/service/auth_service_email_bind_test.go,different,productcore,a220bfcdaeeb8887ad05435fe0c93aa981469dc61b4b55f96850bfab00cc6dcb,c40eef54f26afddac98a998c1faa6f992a5ac2e885ce935b084bbec6c79418c9,
backend/internal/service/auth_service_identity_sync_test.go,different,productcore,6674999009877631951d6adaa44af5c4c5a4972203a981821cb1620ec9943c94,86ee75ee1df70caaa5e7c1ba0179f9f0ebf09b1f61e664512341c7b48e8faeaa,
backend/internal/service/auth_service_invitation_race_test.go,official_only,productcore,3e382569f1e661764a4176da5dec838f5d94f361b0333fee09d5f7b716390fa3,,
backend/internal/service/auth_service_platform_quota_test.go,same,productcore,3b35e22db39e5233d02f86c90613a59836a0892904a4a6b920b42ccbfd6019de,3b35e22db39e5233d02f86c90613a59836a0892904a4a6b920b42ccbfd6019de,
backend/internal/service/auth_service_register_test.go,different,productcore,f7c751f4bd7a546ddf17847145364fe4a5ea2eecd3693587fd87bffa4497e7f5,ce86606d92884eeb61924dd01f642646c1619156a11eac7414e557d5b7a67a35,
backend/internal/service/auth_service_test.go,same,productcore,eaba686a3ff249b24eaa9d5e3ac90089d62a2ae8a3e01fbf61757ae1bfc0e3a2,eaba686a3ff249b24eaa9d5e3ac90089d62a2ae8a3e01fbf61757ae1bfc0e3a2,
backend/internal/service/auth_service_turnstile_register_test.go,same,productcore,5b6df2fc138e8b4b86250ff02468f500baf354c94c487def85d52eff36e2d19a,5b6df2fc138e8b4b86250ff02468f500baf354c94c487def85d52eff36e2d19a,
backend/internal/service/backup_archive.go,official_only,productcore,d64ee44ad0a0180b9e7b1ff58dd5ba3520678f0acbcf68c9caf4a158d437927a,,
backend/internal/service/backup_archive_test.go,official_only,productcore,1b3155022e790ed9a4d56f5b71b9f5411ebb07a5301b7d530942db6107b17f05,,
backend/internal/service/backup_service.go,different,productcore,6900379784556b7e883bf6768dd0c83eafd8bfe261234381407273ddb3179e3a,0516589a7f9ebdeca69e876f8da433a91b940dee023e1951d19278f16ba7f41f,
backend/internal/service/backup_service_test.go,different,productcore,a9c6bc12b76a061d8683ed51759a8a204c0eaec8edb7d53cf67ac141700f9dec,6879afa968e53a7f9ab5ab9d599e099e20a6a25e28c79d92be137b46239ab943,
backend/internal/service/balance_notify_check_test.go,same,productcore,3bde1b3000f45862589a3085e1f8023e59222d21615471e6d0511a68a211348a,3bde1b3000f45862589a3085e1f8023e59222d21615471e6d0511a68a211348a,
backend/internal/service/balance_notify_email_body_test.go,same,productcore,ae0a3b83a635bf3e220ba496c8e6cf1565c4c53d399d40f10bf67a3e27d39df0,ae0a3b83a635bf3e220ba496c8e6cf1565c4c53d399d40f10bf67a3e27d39df0,
backend/internal/service/balance_notify_service.go,same,productcore,4defa1d5e027c68b290333bcb354bc34cc7810a1aa806ff49d47540e4819fd59,4defa1d5e027c68b290333bcb354bc34cc7810a1aa806ff49d47540e4819fd59,
backend/internal/service/balance_notify_service_test.go,same,productcore,80638db07e304e3d736d4a2e58124e07e3971defc548949dd1e06c24e76ed546,80638db07e304e3d736d4a2e58124e07e3971defc548949dd1e06c24e76ed546,
backend/internal/service/batch_image.go,different,runtime_protocol,9da54ca47956da071cb0dae4f64fa61ac6396f66ddac8b35bc4daf126c3600ca,db084fd64028c59d57db87e2d3c37be35a3fcf2a3f295e87630a133138e39f5d,
backend/internal/service/batch_image_billing_hold.go,same,runtime_protocol,39612c5dadc560e4cddfcaa5eb30348ab2e0f1e1a5fb2909cdbb2bbd4df35f28,39612c5dadc560e4cddfcaa5eb30348ab2e0f1e1a5fb2909cdbb2bbd4df35f28,
backend/internal/service/batch_image_billing_recovery.go,same,runtime_protocol,61394df95dfc5271400a7181db1735233cb8c10bbe1aff3672a3a22867b703e3,61394df95dfc5271400a7181db1735233cb8c10bbe1aff3672a3a22867b703e3,
backend/internal/service/batch_image_billing_recovery_test.go,same,runtime_protocol,8c675ceffe9611bdb336023f2df43148da692ef624f0e663591a14de3b9d2d30,8c675ceffe9611bdb336023f2df43148da692ef624f0e663591a14de3b9d2d30,
backend/internal/service/batch_image_cleanup.go,same,runtime_protocol,68e1bcd9df39cd466423448fdd4309e3de3c369c781284c81321133b14d7e9e0,68e1bcd9df39cd466423448fdd4309e3de3c369c781284c81321133b14d7e9e0,
backend/internal/service/batch_image_cleanup_test.go,official_only,runtime_protocol,4f0c8464335434892022658d5ac7e2cb3238d4e90b89afcb5b45d8c00c809b88,,
backend/internal/service/batch_image_download.go,same,runtime_protocol,056ef3e6ec19159d6fee340e7f1de53bb72d29a45e568b7148d1743ee51ee0a6,056ef3e6ec19159d6fee340e7f1de53bb72d29a45e568b7148d1743ee51ee0a6,
backend/internal/service/batch_image_download_test.go,official_only,runtime_protocol,edb93f5af60909087b67d6d022eba23f07f56cbc8dfda33914efe5b5fe3dbd6e,,
backend/internal/service/batch_image_mvp_smoke_test.go,official_only,runtime_protocol,9c9c52e9f00c977da14fc1d5224cdf523832277cb0a1f9cbde3143d2b4651fec,,
backend/internal/service/batch_image_processor.go,same,runtime_protocol,871497420c6626279c6cf714600aaded87f66c880c4c39c9f247e176bbec88a9,871497420c6626279c6cf714600aaded87f66c880c4c39c9f247e176bbec88a9,
backend/internal/service/batch_image_processor_test.go,same,runtime_protocol,f8bd6125fb9bd8fd7d3f44c1babeea81e9d6e387bb024fe30906baa319b96107,f8bd6125fb9bd8fd7d3f44c1babeea81e9d6e387bb024fe30906baa319b96107,
backend/internal/service/batch_image_provider.go,same,runtime_provider,641d63f3c00535a332e1f9640f03334b8070b90e235cac04cff90471e3241b66,641d63f3c00535a332e1f9640f03334b8070b90e235cac04cff90471e3241b66,
backend/internal/service/batch_image_provider_gemini.go,same,runtime_provider,9b4a42d713e10dda9dfc7b7df6f6689f2c056ffb148fda282c41adbc9e90f60c,9b4a42d713e10dda9dfc7b7df6f6689f2c056ffb148fda282c41adbc9e90f60c,
backend/internal/service/batch_image_provider_gemini_test.go,different,runtime_provider,d01a1fc1ff97e7a56495b4df397dffb2792d2c9c182e302593cb5cd516ada2d4,b96a4deb08d508f6738ebff77f48e7d46e98c118df0e6e2385c2e06a454ac1dc,
backend/internal/service/batch_image_provider_vertex.go,same,runtime_provider,3e20ece6f54bb5bcd83ed773b3b9a36f2b6fdd6446c3a1a6b57b3055e09e2884,3e20ece6f54bb5bcd83ed773b3b9a36f2b6fdd6446c3a1a6b57b3055e09e2884,
backend/internal/service/batch_image_provider_vertex_test.go,different,runtime_provider,fdf84c8cb55825bee1c554b3669d26626025543c29b52b9caeeaaba036f92103,5240f226d16da7769d20a580c9842220b43340c8395673c4b65eb4e2a2a4d5eb,
backend/internal/service/batch_image_public.go,different,runtime_protocol,b49bb650fa5adfa45a9028427341a5db4204b32e263a2444bc21244eda602523,9047202c301daabfd0c911ed0f9a7dc02b98841e11e84a8f0dccd30a7802845f,
backend/internal/service/batch_image_public_test.go,official_only,runtime_protocol,8bddb4ff8c76c595f34bf732ae91e174eadbf16c4e15a5a83a67f2f7423694d5,,
backend/internal/service/batch_image_queue.go,same,runtime_protocol,ce4abce893b7c62d81fe08b3e1cae4b71eca81cb3e35c081e126d320294a2d8a,ce4abce893b7c62d81fe08b3e1cae4b71eca81cb3e35c081e126d320294a2d8a,
backend/internal/service/batch_image_settlement.go,different,runtime_protocol,eb8fea58dbc98329e92be4f46ee0e09af46f96f9a4ff2c6727c7534a68f5d4fa,d045397b4ca05ba58afb8472fabd688809a991a38218fa484833ae6b72611091,
backend/internal/service/batch_image_settlement_test.go,different,runtime_protocol,d98c070a10f4434b4fe34165e322a4128e2579724ff87246eb22ff95dffd65f6,6b55bdd73ac13e1a738705167bda650edf2019a66fa5e6e8bb214bdda1a6fb62,
backend/internal/service/batch_image_test.go,same,runtime_protocol,33ebe9a3cd1b13d3f62be406c57714916ddaeb33d363faa8ddb51752f6d9558a,33ebe9a3cd1b13d3f62be406c57714916ddaeb33d363faa8ddb51752f6d9558a,
backend/internal/service/batch_image_worker.go,same,runtime_protocol,9deea38dd86e4d1a0d0651c91d51a437897b525acb163436abf59361741bf5ff,9deea38dd86e4d1a0d0651c91d51a437897b525acb163436abf59361741bf5ff,
backend/internal/service/batch_image_worker_runtime.go,same,runtime_protocol,dfc4b0ba3f53c13b72d6247c680486af52a0a31d102cf7b8af11479c5c7933fa,dfc4b0ba3f53c13b72d6247c680486af52a0a31d102cf7b8af11479c5c7933fa,
backend/internal/service/batch_image_worker_runtime_redis_test.go,same,runtime_protocol,2a343f7a029e2f15dea964ea6b1e47e6ad5f3cf5c2a7ce0458db735e5678bd41,2a343f7a029e2f15dea964ea6b1e47e6ad5f3cf5c2a7ce0458db735e5678bd41,
backend/internal/service/batch_image_worker_runtime_test.go,same,runtime_protocol,b2faff598e859d451a75a0e72cfa573c756c9d86677423fd0d8cc104bf599a8d,b2faff598e859d451a75a0e72cfa573c756c9d86677423fd0d8cc104bf599a8d,
backend/internal/service/batch_image_worker_test.go,same,runtime_protocol,4b33949e10716ca635be6fdd583cebb45b73c46db56b80fa792d8dbe9d542c9a,4b33949e10716ca635be6fdd583cebb45b73c46db56b80fa792d8dbe9d542c9a,
backend/internal/service/bedrock_request.go,different,runtime_provider,13acf43b4ab86227820a78b2af4e1956ba813e705e110e9e2d8c859c76b884d3,9d7feea79a2ebaed0bbd4bfb27a86ffeee09526fc66f0b5988b9f7617a3caa3a,
backend/internal/service/bedrock_request_test.go,different,runtime_provider,08c04ac5017d181190dbe98f3cfa64f6d7781b615122bab355e21b5978e5b8f4,3d44d196cfcb3e233831acf4b03f3ebc127c612df58afc322e8df710d94c5762,
backend/internal/service/bedrock_signer.go,same,runtime_provider,4d2099320ea10ae3fb24441803d239c60e7804759c38b32d973d4d3fe3f4893f,4d2099320ea10ae3fb24441803d239c60e7804759c38b32d973d4d3fe3f4893f,
backend/internal/service/bedrock_signer_test.go,same,runtime_provider,493e1184a72ef8acc12e3c47a0699938b5012cd715866d6532ddda0cd13f188f,493e1184a72ef8acc12e3c47a0699938b5012cd715866d6532ddda0cd13f188f,
backend/internal/service/bedrock_stream.go,different,runtime_provider,d6a0a99e41581d5c2ecaa39cc078a9437f0ecbbf5a56fcd57f519f2139585dc2,43001412c9470070ab558642a8d9fafa3c265d227d1959bfdd02088ae6f49ec9,
backend/internal/service/bedrock_stream_test.go,same,runtime_provider,3962c91fa9a6dd13109931de792c70770d15d173a3eb7b3b244a1fd748697889,3962c91fa9a6dd13109931de792c70770d15d173a3eb7b3b244a1fd748697889,
backend/internal/service/billing_cache_port.go,different,productcore,7c98e1ebb3346094fdc4f0b075c36ac477487ebe32403eefd25048754ce2e9f1,908552268bf35e717134b57226c4bc92da0708944009f3993a822efa473cece0,
backend/internal/service/billing_cache_service.go,different,productcore,ee10aca9bfbf04aa0c87df135d59069dece574636181e49162496202041c6764,e4c239701b49e35c10f34056cb418f65440d7c1910be0ef70119dfb92152a9cf,
backend/internal/service/billing_cache_service_balance_test.go,different,productcore,e44a3a3d7902d0a83f65680c6963bad624b71d7420ebd893b9e2c9f796aa2527,cdf26cf065ad11d26f41391a870b32f5ff54be9a178105e827c13dc8c9eccbcb,
backend/internal/service/billing_cache_service_rpm_test.go,official_only,productcore,f96789f89316b9166eddc0c695172d7054b4333524230c5f130699e55507e6ac,,
backend/internal/service/billing_cache_service_singleflight_test.go,different,productcore,fa0f9937c3a6e65de6a3c9fbf90e160a173bd780f7c2c3d9f663d51658cb77d4,9438228a5f6af587cf9cef127d77e9510b4f6dfbe3a14590334d3c1495d0ae8f,
backend/internal/service/billing_cache_service_test.go,different,productcore,047e588a66a6351ea4fccf7414f16be486fe62d7caa73ee1409b7e44ca8d5979,5c111572582d09fd43d169a700dfc79af41d16386b0d513bda8020d6fd13fb19,
backend/internal/service/billing_cache_service_user_platform_quota_test.go,different,productcore,30cf5ed13da7113e64e92938ae5c7070ecbdddb65356217e412725692469c36e,bd9b6a50b8b797cc1abff3822d6837a35e3fe6acdef53cffec09ba99b9df3905,
backend/internal/service/billing_cache_subscription_instance_test.go,current_only,productcore,,2c2f83afa67b43bf0ab34acd929d806c786ead4be463e0240f60d8292977c758,
backend/internal/service/billing_context_schedule.go,official_only,productcore,f0a9cfb02de7b8998aa8558e83d238cfcb3b1af6a2df3f5c741f5f931b71b80f,,
backend/internal/service/billing_context_schedule_test.go,official_only,productcore,f591aada42e683ed80cafd81d2305fac4da60bbacf3f746c17097f730a9b2a55,,
backend/internal/service/billing_multiplier_selection.go,current_only,productcore,,7838c61e75e39d60af6d536d1f57272fb36e35f4c7bd92a769f43387e1d3c455,
backend/internal/service/billing_search_audio_cost_test.go,official_only,productcore,11d0bb3f281c783a95f5f14a0cd9095a659414ae2dcfc227e5676bddef6b2fc9,,
backend/internal/service/billing_service.go,different,productcore,97a42054ac5e346f7d6d08ffe491514781046f126b3e2000c210a733bb22e7de,b37e15839e753b6ae3792bbf14ff72e062f7c5805c412d278744adfa03790443,
backend/internal/service/billing_service_image_test.go,different,productcore,b29aecf267ee0ddbafac65bc8d99db1347bfccb905e8c66d2a5f9bfd2012f42b,7097e843305531e94c05f172dfd7da7e0f5e2fc3f744da0b22fe1ba1c0ec3cc9,
backend/internal/service/billing_service_rate_multiplier_test.go,same,productcore,172a2d9207b052e0980db25f218e0866761920ac0df5e18429e24bb951e72bc3,172a2d9207b052e0980db25f218e0866761920ac0df5e18429e24bb951e72bc3,
backend/internal/service/billing_service_test.go,different,productcore,58798c4d8871de86a21b26f01734f53703bf7428dc430833d3a55a81c4c9db05,c1bc998d0ed219a98d10914cc52d7bb964d24e9a19544e377558ba3f0d6ffac7,
backend/internal/service/billing_service_unified_test.go,official_only,productcore,b05f6766d41a4b8e0328d8f653f8303e8ee03183f153cb15f57fb3a031af598e,,
backend/internal/service/billing_token_cost_request.go,official_only,productcore,d0e4b3c4a888253c20491fe80ff5a381a078a77ac2f85e730f457f29e52183df,,
backend/internal/service/billing_token_cost_request_test.go,official_only,productcore,31c0efe0558dda37cbaa71f5123916188752b3749958f04709be60be5c744c59,,
backend/internal/service/channel.go,official_only,productcore,09e921fdce250550fed9f551afbc622553beae5e731959b4465ebcc9490798cb,,
backend/internal/service/channel_available.go,official_only,productcore,860a58cf62c6ddeec7e8c5f3fc087f6d547e2a6e1b04c72ca35cb9e619c76140,,
backend/internal/service/channel_available_test.go,official_only,productcore,ea8e80dc13e7c9f006dc661dbd05977f0f82b17f2ddca0987790dfca69c37975,,
backend/internal/service/channel_bedrock_cc_test.go,official_only,productcore,37c79566ebc7304413c6f963fad9b28a8c9a096886b0f012352126127d5c576d,,
backend/internal/service/channel_monitor_aggregator.go,different,productcore,2b212f95eaaee029f8b684757e1961ef2e8bdbb57e30c3188dee95d5c8d48c16,53bffc0514530510f3612b3bc7293b59e58d80cdb012669f76b035c6fcd3de2e,
backend/internal/service/channel_monitor_challenge.go,same,productcore,162d38e4ad72a51b51eb42022873bf8137584924042403c073abd2c357f5c31e,162d38e4ad72a51b51eb42022873bf8137584924042403c073abd2c357f5c31e,
backend/internal/service/channel_monitor_checker.go,different,productcore,96c3c571c5ac1a4fe8d8f131a0fd1de2284aa72ef6643bbccfeaea9a89c573c3,dae20fc9f9526a8e5e9ae65ce44b1be9c156986d4603141d89738e634addcfd2,
backend/internal/service/channel_monitor_checker_body_test.go,different,productcore,8c32d9c7e4e92fcd2478b065d7b69c4c5be3cf2b91b67e7b31da67514b2366e5,8f2576b77d2a4d4ffebea19b1273862ce05e08b2205bcb15e5fbaf102958c92f,
backend/internal/service/channel_monitor_const.go,different,productcore,5e62ab6f8c2dbe406f2028c936d20fd6c96feeb1c5199f1243e71efb85958906,7f7fba2ad25db2cee30cf24911429d9e3cd0a5c19eba78d7bea94439919607d3,
backend/internal/service/channel_monitor_duplicate_test.go,same,productcore,131ffb4fa0d19bfeffb3c0ebe7a6c5e3cb7fbb5620dce5584fd4d492903b8a1a,131ffb4fa0d19bfeffb3c0ebe7a6c5e3cb7fbb5620dce5584fd4d492903b8a1a,
backend/internal/service/channel_monitor_probe_retirement_test.go,official_only,productcore,11e5cc6a1b4d8447039bb7f92d7a2adaedc6ba95286a198dd0d7af00d898bb1e,,
backend/internal/service/channel_monitor_quota_fetcher.go,official_only,productcore,4d6f727ac99932a5ed661ce347f2f30897fb0be707538694d9d84e4486bfb5e7,,
backend/internal/service/channel_monitor_quota_fetcher_test.go,official_only,productcore,29d1e87e7235fe7b3f247fc4171d64ffb294af0e382e3e3d75e6286f4a10f42e,,
backend/internal/service/channel_monitor_quota_mode_test.go,official_only,productcore,98c9725f5a651f937c61795a33193787df86b6d53718d634839a4dfffef97cfe,,
backend/internal/service/channel_monitor_runner.go,different,productcore,4df3cedeb2ed33140bd0c5b36c145875fa0e445058d9c3d9ef8ef7762b237893,d25cce2c0cc2a8e33300b4fab6c2782a2e021b30d698afdac3b0364307429e6f,
backend/internal/service/channel_monitor_runner_test.go,same,productcore,0e75bfad42baad5898eafac2f1cde99c99968b0808c7c19a360fde7d777bedab,0e75bfad42baad5898eafac2f1cde99c99968b0808c7c19a360fde7d777bedab,
backend/internal/service/channel_monitor_service.go,different,productcore,72621e8cd509d2afa3ddc90891ba5aaf91ae00664530486071a85a5a22e3ea7c,88baeb034f9886a2c33c82f683ea4d4019eef34738fe2d181cea44094bbbbf75,
backend/internal/service/channel_monitor_service_grok_test.go,different,productcore,a0ea11098e4aaa255d240bd28fa2537095b6ea9fe385310dd14a44dc8123b1cd,04913f433fc4f44d735ab298fdf0aa2abe749433a2b4022ab6a025d4a3520c4a,
backend/internal/service/channel_monitor_ssrf.go,same,productcore,a3a0d0bc0e6264acda25362dd8c21d8ee4387dbc27494afe64e9da48b21f17c9,a3a0d0bc0e6264acda25362dd8c21d8ee4387dbc27494afe64e9da48b21f17c9,
backend/internal/service/channel_monitor_template_service.go,same,productcore,fc70a5881f183070c8599e39bced9d0875b5489157d0c871ea66065070921341,fc70a5881f183070c8599e39bced9d0875b5489157d0c871ea66065070921341,
backend/internal/service/channel_monitor_template_types.go,same,productcore,11a423a97d133cece2342d9fcfa2bcb752563eefbf265f24d43426c1c42642a8,11a423a97d133cece2342d9fcfa2bcb752563eefbf265f24d43426c1c42642a8,
backend/internal/service/channel_monitor_types.go,different,productcore,ac2c4fc58a318d4631a97c6039ff205cf28784f66460c06d24ee287162f74409,e880c69977f9506287c0f11a585131bc54709c2ef33b06d168a45a356cf5ea96,
backend/internal/service/channel_monitor_v2.go,official_only,productcore,fee0db80d8d0037d8433998b5a9667fec2d15a6c1c8de68b2b23c6096668533d,,
backend/internal/service/channel_monitor_v2_aggregator.go,official_only,productcore,673bd8799e52649144b56679cd451d2410b3f2975ee2dfe23878a7850130feba,,
backend/internal/service/channel_monitor_v2_aggregator_test.go,official_only,productcore,a9ee8946989fc3c5bb5dc82e7bd7e3c4e7ed2100d3184b23406614a935e12654,,
backend/internal/service/channel_monitor_v2_error_taxonomy.go,official_only,productcore,7ab090db16948465ea827f7606f3758414877ca2da7ee0f33bbc420b1926684a,,
backend/internal/service/channel_monitor_v2_test.go,official_only,productcore,6cce03937c500839035c2681d1ab17e9128cff859c1ec19b72fb026caacb2a93,,
backend/internal/service/channel_monitor_validate.go,different,productcore,63f6b566317f97df3aad003723ce0cfc8b984f2b006142c6484fe630d699653f,486174abb32127d59752167f0244d2fdf088c89963e0801ef1e41596c6214db7,
backend/internal/service/channel_pricing_multipliers_test.go,official_only,productcore,53c0adef0234bd9bca8357288a2755cc68fed36bd8a1e6f4a60882d1275108c4,,
backend/internal/service/channel_service.go,official_only,productcore,66d94f627baf94438a42fa3d9111baa7c09c95a08e5bce1a32e802ada5dfb181,,
backend/internal/service/channel_service_test.go,official_only,productcore,d6f9238e55ddd9479b98cd351201754a69983a3fbac5dfd0ffff9eff290416cb,,
backend/internal/service/channel_test.go,official_only,productcore,cd4b856186599df5c84c4d9185429d8d863bd8006245307e8153d28df52268d0,,
backend/internal/service/channel_websearch_test.go,official_only,productcore,3a3db61b8c066e4b88d7c50cf3ba28ef58d3f1364e7f341e2d366614ea41dd40,,
backend/internal/service/claude_code_detection_test.go,same,runtime_provider,96733888166d1fedc68a13011a63418dbd784fc33c63821612ec23c2b7204143,96733888166d1fedc68a13011a63418dbd784fc33c63821612ec23c2b7204143,
backend/internal/service/claude_code_validator.go,same,runtime_provider,299a9c306941c8e2f6845c0b35cc7bd2be327a8910f3a53e457c46e697751e30,299a9c306941c8e2f6845c0b35cc7bd2be327a8910f3a53e457c46e697751e30,
backend/internal/service/claude_code_validator_test.go,same,runtime_provider,2211ba6058f69b5638299c3f50526117fc65f2e63f6a45bb425fe7be6d272e9b,2211ba6058f69b5638299c3f50526117fc65f2e63f6a45bb425fe7be6d272e9b,
backend/internal/service/claude_opus5_test.go,same,runtime_provider,eadcb5ab866a2bbf6c031d701a9cfd53cea72aaa1012481c035acbac56b4cf9d,eadcb5ab866a2bbf6c031d701a9cfd53cea72aaa1012481c035acbac56b4cf9d,
backend/internal/service/claude_token_provider.go,same,runtime_provider,d21f14ad6645b728dea2b8a1b48d00ed85899dd357cb4810763ecfc8e171ed53,d21f14ad6645b728dea2b8a1b48d00ed85899dd357cb4810763ecfc8e171ed53,
backend/internal/service/claude_token_provider_test.go,same,runtime_provider,2ca87c8d44303c0e7cd2c29910d3a49e2ea3e7589f80ce44b88b8e1a3d7b44d6,2ca87c8d44303c0e7cd2c29910d3a49e2ea3e7589f80ce44b88b8e1a3d7b44d6,
backend/internal/service/cn_provider_balance_check_service.go,official_only,runtime_provider,a557c932e2eafe49dfe7f74ea2e4a4d7b1c18bd35dfacc2672362ff3f93bd5af,,
backend/internal/service/cn_provider_balance_check_service_test.go,official_only,runtime_provider,5142c0197b6c5f7ee41ef783a6c6a6635965ebaabeeb790bbe6408c748a8c824,,
backend/internal/service/cn_provider_balance_service.go,official_only,runtime_provider,cd108066722e46fbd38b1b3dfe5d00d2c54c8c28a95bb0e8e8cb3b0ea87c8967,,
backend/internal/service/cn_provider_balance_service_test.go,official_only,runtime_provider,4247fb4fa64ccf0b4483163b2842a75053c4cb89153abd88d0885896b4c13d6b,,
backend/internal/service/cn_provider_foraccount_test.go,official_only,runtime_provider,c3fa6387a4837b963a91692ce7bbd2b903f2a4184f7c5089475c282609316342,,
backend/internal/service/cn_provider_probe_url.go,official_only,runtime_provider,c08ad79774e9f5b36bad0702e312f00fa6db64d651b7634a0743040d24b68cdd,,
backend/internal/service/cn_provider_probe_url_test.go,official_only,runtime_provider,8fccffcca0678a34ad427a689b5078eeaa9816583e9748ee6f5725dc0319ff59,,
backend/internal/service/cn_provider_quota_service.go,official_only,runtime_provider,91aae71e11f82c347feb0b3e145b2e3c5f4cd4fbd314fb8ccade0e378fe2daf2,,
backend/internal/service/cn_providers_test.go,official_only,test,50f1056f50387e83929b6c370353731c2a1efec1331abe91a9504dc67a42353f,,
backend/internal/service/codex_image_generation_bridge.go,different,runtime_provider,7752cbacd097fe971898d0a27d0d3ae5dbbb64ba78088623457a7ee9e49d36cc,e989a20e0e7a47d2cb8a3a035548e55bae5b73e4964f89a661f8c9ddcc359bbc,
backend/internal/service/composite_model_route.go,official_only,runtime_provider,25ecf87e4701beabd92b976b5122ea7fb65f15425fc5e31b83e8a2336adb3e6a,,
backend/internal/service/composite_platform.go,official_only,runtime_provider,0c24cd1645e0aab5ee4ff9abe37f9ffc43338be83d3e1e9d5f3ff758a7687ce9,,
backend/internal/service/composite_platform_test.go,official_only,runtime_provider,6df32c110ade0c07b1fcb80d04d0c017e0b69eb13172eb5dfacb4f4a86b80eae,,
backend/internal/service/composite_route_resolver.go,official_only,runtime_provider,3b4df94ac4d8b02a8299a53640ba299d22086ed39779fdfce079075761783118,,
backend/internal/service/composite_route_resolver_test.go,official_only,runtime_provider,e5f077fe9de936b8ac13c99b3a1dd6bc622d68c06101a1af87a23ac87b097717,,
backend/internal/service/concurrency_service.go,same,runtime_protocol,2fc0db74eb333a3a9a021778b02228efbf1b49a1a23ea0b47dadfeeed52e906b,2fc0db74eb333a3a9a021778b02228efbf1b49a1a23ea0b47dadfeeed52e906b,
backend/internal/service/concurrency_service_test.go,different,runtime_protocol,8967b3ba5f5755df9e94a6c2197d6dde53482a7b70d9c3fc875aeea7cbcc9a0c,cbc781673c29b3cf280c399e96f08c948723fe9224ba1610f47d71f63d895231,
backend/internal/service/concurrency_slot_cleanup_test.go,same,runtime_protocol,7fade4acaa078bfa62ddf4f1bfe03d845d098d2ecc962ac3cb9a32985295ac11,7fade4acaa078bfa62ddf4f1bfe03d845d098d2ecc962ac3cb9a32985295ac11,
backend/internal/service/content_moderation.go,different,productcore,50590c321d83f6d935c41102824f878d8287e49495aaf5988ab158248f3a59e4,6119e2b4d171afd92f3486febcf468a8d80134b081db42b863b7849ad4115b64,
backend/internal/service/content_moderation_cyber_test.go,different,productcore,28d118cf4a60441e0906c34d0bd233db14c90b5708fd53ecbcf1d06d163fef0f,be1a10185e6b2944f2c2b99dc38054838bdfb0a50c334e5cf533b4a300fd62a9,
backend/internal/service/content_moderation_email.go,different,productcore,62088a04593829c623acba4e0fa75cef8d72a6113f4ddec4dc3bf221149c4ec9,75bc6b793d111088cadb74655509f234c76e23a6328e5c67e043508e277e2d32,
backend/internal/service/content_moderation_input.go,same,productcore,2e24af15b7048439a6353d31deaac05a4adb9ebac9db8d06bd87115ce9098d28,2e24af15b7048439a6353d31deaac05a4adb9ebac9db8d06bd87115ce9098d28,
backend/internal/service/content_moderation_input_test.go,same,productcore,da2bc5157620f1a8548ccd28d19524e0824bbcc839dad4bc355ba4ef248f346b,da2bc5157620f1a8548ccd28d19524e0824bbcc839dad4bc355ba4ef248f346b,
backend/internal/service/content_moderation_keyword_matcher.go,same,productcore,e1bedd675f9f1e6c80d39be6bfbcafff21e368df8c6754d9955e1caf7a33eed6,e1bedd675f9f1e6c80d39be6bfbcafff21e368df8c6754d9955e1caf7a33eed6,
backend/internal/service/content_moderation_keyword_matcher_test.go,same,productcore,2934a2927171f7a0ea41ebd558903614c02752c6129c00bd2fd6165ece703105,2934a2927171f7a0ea41ebd558903614c02752c6129c00bd2fd6165ece703105,
backend/internal/service/content_moderation_proxy_test.go,same,productcore,f17f61c50d599239e5d2f6eb28d79f260946b58e836ff1581aebeb438c323bb0,f17f61c50d599239e5d2f6eb28d79f260946b58e836ff1581aebeb438c323bb0,
backend/internal/service/content_moderation_redact.go,same,productcore,781f2e0769b87202494316bb27497e9fe25b56f099b0bf28e3c49e65fa035365,781f2e0769b87202494316bb27497e9fe25b56f099b0bf28e3c49e65fa035365,
backend/internal/service/content_moderation_runtime_cache_test.go,different,productcore,44c3a2e4ce283689f149f342068522de6457a02ce317695ffb81bebe06136d49,53e432195276954d336617c102a416224ddfe0da18b4b703ad3485b2e7990a4c,
backend/internal/service/content_moderation_test.go,different,productcore,d84bdd8ef8eaa9964fca4b746bbd31220959194258a795753a06ccfa76fc3d17,fa5c79aeefd73a130dfa9e469d52fead9d71088414951f865f9a2fbdc7fa34bd,
backend/internal/service/credential_shadow.go,same,runtime_provider,444e094f1b0ddb8b97f280920686e3580b3b4b195f860e40a600530a07392944,444e094f1b0ddb8b97f280920686e3580b3b4b195f860e40a600530a07392944,
backend/internal/service/credential_shadow_test.go,same,runtime_provider,67232f1de51a465307199c61ee8ddac942603ffd73f737adad5fa4dcb9b689f2,67232f1de51a465307199c61ee8ddac942603ffd73f737adad5fa4dcb9b689f2,
backend/internal/service/credentials_sanitize.go,official_only,runtime_provider,b4431f582fe7efcc8f84348de5e82c163739d04d2499ffe17eef0f631422cbd0,,
backend/internal/service/credentials_sanitize_test.go,official_only,runtime_provider,6e8763e2b8c027983469475318aa336bcd8db454dffa96675edd3c655ee34d39,,
backend/internal/service/crs_sync_helpers_test.go,different,productcore,0a54bbcee7586f0a78c40423384ad0d025243788c74b005597f1cbdba93a94fd,3e790077fc22a966846c1e04957cc585543c611729e81fe14c3ce00bd16c5428,
backend/internal/service/crs_sync_long_context_billing_test.go,same,productcore,0e137aab433a0c511c23f2f79d6cb3d3804107bc6e63da88291cbc74a21ccfe6,0e137aab433a0c511c23f2f79d6cb3d3804107bc6e63da88291cbc74a21ccfe6,
backend/internal/service/crs_sync_service.go,different,productcore,ec743ab649c06fae6746a87d57f9463587f19a025fda3572d3ad773b3d13f6ff,9740ee8d2ce6bd945ea25e458da5a4cfd7e3cd19a5bd8e97d5189c58556b83c9,
backend/internal/service/crs_sync_spark_shadow_test.go,official_only,productcore,e3e793c1c5cf5848aa731625076e20d12541aedf98fa736b9d538a0e14e4699f,,
backend/internal/service/custom_channel_time_pricing.go,official_only,productcore,31fbfa49dc90db78cbf1930e1f979fdb0c4d512ff55c4684d07a5aa650b503fa,,
backend/internal/service/custom_channel_time_pricing_test.go,official_only,productcore,85478d454d14afd07505db1b859bf60729230ae73147e1db7cdc20e87c52285d,,
backend/internal/service/custom_group_usage_rollup.go,official_only,productcore,98e81828b9e81b1adf1584b3de88b851af56d77d54d8319867ccc27157721930,,
backend/internal/service/custom_group_usage_rollup_test.go,official_only,productcore,f1d1abe0bd8819f8bd6fd351c7cc36cca6393381af4202c083c900ab9e2ddb9d,,
backend/internal/service/dashboard_aggregation_service.go,different,productcore,042c2d1fe10683dc068d19542895b8dcd8ec400f01e30a59ee927f5e5d371419,e91d146dc71ed7099b3460195ae7726425ed054a75c94850da9e0bdaf34a5b78,
backend/internal/service/dashboard_aggregation_service_test.go,different,productcore,ce72d64f8957ecb3eec99a62b33ac75f67791ec510d8fe4bce7fb8a2b90c3842,eae6e2129cfbc71fb026b08b3ce3e1762741b20a04c1a559f5e19a8962563594,
backend/internal/service/dashboard_service.go,different,productcore,6419928bba35e23165dcd61952a47457a35b431f36dd6317965c2c380ded128d,0d27f5bf162cf062ac6eaef1d701f1c89c025705ad688b393fc88a37e97b0ac2,
backend/internal/service/dashboard_service_test.go,same,productcore,336c9895d887b8a7cc5e26f7fad0a98274439d250ededc010448ccbbdf51d63b,336c9895d887b8a7cc5e26f7fad0a98274439d250ededc010448ccbbdf51d63b,
backend/internal/service/data_management_grpc.go,same,productcore,73e036b67e4597ff0155937d09551ede7f3aae0ec53c61e9c9d83a9d1368d7b4,73e036b67e4597ff0155937d09551ede7f3aae0ec53c61e9c9d83a9d1368d7b4,
backend/internal/service/data_management_grpc_test.go,same,productcore,507f22bc9177203dbc67bc7acb8252a656442d36e73deddd50f89ce6678171b7,507f22bc9177203dbc67bc7acb8252a656442d36e73deddd50f89ce6678171b7,
backend/internal/service/data_management_service.go,same,productcore,7556dfbee4a3a3c6ab63780a7233535291c7473b4b04e64f73d6daf55b77a895,7556dfbee4a3a3c6ab63780a7233535291c7473b4b04e64f73d6daf55b77a895,
backend/internal/service/data_management_service_test.go,same,productcore,ff30fde220f5a5638195edc84a38120e5fb168745b7ddbb3541b0c7870a30fc0,ff30fde220f5a5638195edc84a38120e5fb168745b7ddbb3541b0c7870a30fc0,
backend/internal/service/deepseek_pricing_test.go,official_only,test,57a597bf2fcd5988c86c559aaca32ee3a75c5b13132cb40c01070774a3a7d8a3,,
backend/internal/service/deferred_service.go,same,runtime_protocol,e6d7f1a89097e1896a98be02888fb52dfa51154cff4f73051c84dc55f3b56663,e6d7f1a89097e1896a98be02888fb52dfa51154cff4f73051c84dc55f3b56663,
backend/internal/service/digest_session_store.go,different,runtime_provider,9040103d87fadc503a2dc83082549e452d07e4c52801d99e16622c2d4953efbb,ed0b4e3fbd7e58602d8bdd7a65599d462ef6dd6de9abcc9fce1c3f7ccf74579c,
backend/internal/service/digest_session_store_test.go,different,runtime_provider,de7fe8c6579a14cbda48ed463f0b24dbc8ccb908f392acfae29efffbb6b43826,e2e61fcc1a7ee195e0ac49a42b5013bc75acd62c5748e989b730ebaab718a3ce,
backend/internal/service/domain_constants.go,different,infrastructure,311abb8d8ac05cbeddd6ac463fe8f9c14a4e931db3cf59a74396a8828c4ec6f9,b010ff07813e4966ce1cad187a71b467f32bbe7fe0d6eb469b47f03de4c585c8,
backend/internal/service/domain_constants_test.go,same,infrastructure,fb49704f4910126543ff0ccf93dcea8046ca992b9fadcec69d1dab3c5291cbf2,fb49704f4910126543ff0ccf93dcea8046ca992b9fadcec69d1dab3c5291cbf2,
backend/internal/service/email_html_escape_test.go,same,productcore,65245592e6b8edc0c76745a0731adae449d2206944ae46ba6488aa57c51e360e,65245592e6b8edc0c76745a0731adae449d2206944ae46ba6488aa57c51e360e,
backend/internal/service/email_message.go,same,productcore,126fcc9b8864b7c989a49a529422e48480bac8cb09a6356e597bac0108183683,126fcc9b8864b7c989a49a529422e48480bac8cb09a6356e597bac0108183683,
backend/internal/service/email_message_test.go,same,productcore,a2ccba7f9a4f399845f0b3bbe813387f71872a4bdef1a105a81827bc4bde978e,a2ccba7f9a4f399845f0b3bbe813387f71872a4bdef1a105a81827bc4bde978e,
backend/internal/service/email_queue_service.go,same,productcore,c43644ec56807c54914c44d26f482b056b894b98a4e2aa4c7bea22852c2015f5,c43644ec56807c54914c44d26f482b056b894b98a4e2aa4c7bea22852c2015f5,
backend/internal/service/email_service.go,same,productcore,455dd2c81e89cd1b6da1dacc0dbc72c1202836a8515e0ad2961b00f7339a86e2,455dd2c81e89cd1b6da1dacc0dbc72c1202836a8515e0ad2961b00f7339a86e2,
backend/internal/service/email_service_smtp_test.go,same,productcore,e4444d4552cd8c616b6e52931819ae7df84c6217215487765a11e9f0c871e753,e4444d4552cd8c616b6e52931819ae7df84c6217215487765a11e9f0c871e753,
backend/internal/service/error_passthrough_runtime.go,same,runtime_protocol,41ef87e652ae2ceec2a7dfd48e8898eeb4e54b613f960fec5fae323349e88521,41ef87e652ae2ceec2a7dfd48e8898eeb4e54b613f960fec5fae323349e88521,
backend/internal/service/error_passthrough_runtime_test.go,same,runtime_protocol,80f5a5a86e4847ce9a02bbc828e04df7a7212e83a5e11c5b6b743cf474ccca51,80f5a5a86e4847ce9a02bbc828e04df7a7212e83a5e11c5b6b743cf474ccca51,
backend/internal/service/error_passthrough_service.go,same,runtime_protocol,08787ea4fb4068cb325aba2ee654a023880adeca6ee73b291228e48eb6edd163,08787ea4fb4068cb325aba2ee654a023880adeca6ee73b291228e48eb6edd163,
backend/internal/service/error_passthrough_service_test.go,same,runtime_protocol,5221856405df26d3f0f74f4acb3789a6eedde885f45bb68c15d5e2e60f84320a,5221856405df26d3f0f74f4acb3789a6eedde885f45bb68c15d5e2e60f84320a,
backend/internal/service/error_policy_integration_test.go,different,test,7aa61e61dcfb055d24d43261c3a4a1d0b7089da720229573a93a8827a9192697,94f494ed635086d2dddf237bd94ad08fa0ba0c7f73996c71730c657b34be3990,
backend/internal/service/error_policy_test.go,different,test,7ee593a31b55273d6e0dd85566ad1b54a5494834048d1c8b9d215634f97f56f4,21f05b87f13b83ae090dcf50b49f557698cf1d9fad48ad2487acffdcf8872a6c,
backend/internal/service/force_cache_billing_test.go,same,test,a55c96835566809c3b9366859918aa5df244a6a524716af2da5aa732a805e13d,a55c96835566809c3b9366859918aa5df244a6a524716af2da5aa732a805e13d,
backend/internal/service/gateway_account_selection_test.go,same,runtime_protocol,13680f0bfbb2e6fda63b2e09257e12a863e07c75e28b418da6bb87292dd10457,13680f0bfbb2e6fda63b2e09257e12a863e07c75e28b418da6bb87292dd10457,
backend/internal/service/gateway_anthropic_apikey_passthrough_benchmark_test.go,different,runtime_protocol,aafac67200c4eb63d7ea0323f999af630c9a171fdedb564c2ac288b363b7591b,befed88183df51ae5d2a57250ca9c87a3af717b72601d7656db322f0d7d469a3,
backend/internal/service/gateway_anthropic_apikey_passthrough_test.go,different,runtime_protocol,2990e393dd8ca7cdde33046751234afddfbc434cad3045eaa8da3255f9afd51d,777e45b2f3b2542dc771b64e706b5c0a1ee33ee4f9bc1224483a81ff1408b53d,
backend/internal/service/gateway_anthropic_passthrough.go,different,runtime_protocol,6602df35410fee826f266eddc93f4b4960d4af3e7564f0e472180e4aeef6b11f,c53ecdb49b7c42d42289236df773aaf63c710c98a5d3e76d5d0a3111bcd426bd,
backend/internal/service/gateway_anthropic_vertex_beta_filter_test.go,same,runtime_protocol,ebc9796fc850888811453c0bb58dc859955489317ebaf28b9d4c451da5b58aa5,ebc9796fc850888811453c0bb58dc859955489317ebaf28b9d4c451da5b58aa5,
backend/internal/service/gateway_anthropic_vertex_service_account_test.go,same,runtime_protocol,73df5be19e48340aa7032806a1f02e54d82ef0f2451b2e66613ceca494cff315,73df5be19e48340aa7032806a1f02e54d82ef0f2451b2e66613ceca494cff315,
backend/internal/service/gateway_bedrock.go,different,runtime_protocol,55a29a8bc04bbcdb5c261cef79d6e8556e667521b5be4f0c93d36d00b714636f,d07ff1ffcd2a17793a81998f1a99f1d0c49b311f72215fa8b66d5c2024e59804,
backend/internal/service/gateway_beta_test.go,same,runtime_protocol,8fd33767c7146401bd48f9495a09600ad8db770bbc466abbc094d996141e3f25,8fd33767c7146401bd48f9495a09600ad8db770bbc466abbc094d996141e3f25,
backend/internal/service/gateway_billing_block.go,same,runtime_protocol,3713dcee8cc715311d30a9af42c8e520435f71f75aefe81fafdca1e7931a870b,3713dcee8cc715311d30a9af42c8e520435f71f75aefe81fafdca1e7931a870b,
backend/internal/service/gateway_billing_header.go,same,runtime_protocol,161c0aae376ea91aeb033d075edbdbc7a2d4ab969fd3fa2dc62250d8e9a9b08f,161c0aae376ea91aeb033d075edbdbc7a2d4ab969fd3fa2dc62250d8e9a9b08f,
backend/internal/service/gateway_billing_header_test.go,same,runtime_protocol,e0d22134a831ca82635df9a156c8334f9894021724a8c760b54709dfe995eda7,e0d22134a831ca82635df9a156c8334f9894021724a8c760b54709dfe995eda7,
backend/internal/service/gateway_body_order_test.go,same,runtime_protocol,1b16cbe0eb49d5117aba135628bba47372ae5f82b9b0180348497da8c02f03e6,1b16cbe0eb49d5117aba135628bba47372ae5f82b9b0180348497da8c02f03e6,
backend/internal/service/gateway_cached_tokens_test.go,same,runtime_protocol,4bb6fdebe3e4de1095a43d7899782f4295fe6b44e3dc97f9b84dde44ba6a6fdb,4bb6fdebe3e4de1095a43d7899782f4295fe6b44e3dc97f9b84dde44ba6a6fdb,
backend/internal/service/gateway_channel_restriction_fallback_test.go,official_only,runtime_protocol,14285eebfd45e4da3f0c364c787ca3134ecc018866f457f59b68f6b9b1fb4ace,,
backend/internal/service/gateway_channel_restriction_test.go,official_only,runtime_protocol,31e2c279c948da39b6eb49b1d38ee4faf3fb09a82ed79be763c55c75259dd189,,
backend/internal/service/gateway_claude_oauth_body.go,different,runtime_protocol,7e1b20a8bfcd1a5879953bc2f9207b7cc76d5f9fe8844b8215c11528730b3f54,4657039c4a05ab14a41385aab331de2e4f193f384ed59786a45b51272a27600e,
backend/internal/service/gateway_context_management_test.go,different,runtime_protocol,0713f26c7414c98fca61c476720dff5e96f32a3ce45774d40b80e1d414060065,794d8242020486e0c4a081d3e7e521acba5b1e4ad315dd30a7d6812ebb636842,
backend/internal/service/gateway_count_tokens.go,different,runtime_protocol,4f9228feb1521389983e06c5c0724a7cd79e32b14889f52aadd37c5007cb02ee,f70064adf2e97297da3d4521fe4865bd5e4c97f1cbdec3cc2230953c940207a5,
backend/internal/service/gateway_count_tokens_runtime.go,current_only,runtime_protocol,,caa9732b0183aedb772d8c5442f1e3af6a4e7f5380a84ef91ba14894a25ede1f,
backend/internal/service/gateway_dateline_normalization_test.go,same,runtime_protocol,da6f1a396edf19a94f6431e5460b82a5b4dc5431adf979c0b82dde3f9c8a2970,da6f1a396edf19a94f6431e5460b82a5b4dc5431adf979c0b82dde3f9c8a2970,
backend/internal/service/gateway_debug_env_test.go,same,runtime_protocol,53037c844030d6b7a830a4b0abe2cb806557d04c707e398d297f79de5f8144c7,53037c844030d6b7a830a4b0abe2cb806557d04c707e398d297f79de5f8144c7,
backend/internal/service/gateway_fallbacks_sanitize_test.go,official_only,runtime_protocol,2aaafa2f260c0c259a55cb3c0d74f5578f4d16c5ae301131dd6c811c26686ce3,,
backend/internal/service/gateway_forward.go,different,runtime_protocol,69ff02c0cfafcf0f350c4cbdc4d6a10ed3f112a82a28f991ea7cb420f3ddd27f,c6342ef46b060bfbb4344c5e8d014e73e01023f696a753292d06da2984603984,
backend/internal/service/gateway_forward_as_chat_completions.go,different,runtime_protocol,1cd69e3bd8d6ee447c6d97719e2e9aded07fdade64047d828e80b4e5dbdccfe0,82cf35413411119bd12e7935ebf6c0aaa4fda74f925d5d7c7bf80f4dfd814e38,
backend/internal/service/gateway_forward_as_chat_completions_test.go,different,runtime_protocol,2e1a3f7d3f23d8e2e69d2449f16266fb325e48fae79106f3d8d2481505c8c4bd,ee2bb27a7075bf2bd74f9692c4f5f64345e2402740b1a18758929501aa2c92fb,
backend/internal/service/gateway_forward_as_responses.go,different,runtime_protocol,a8afae9e5dc425ea00ec51ddf9ec8dc409b9ae1360d584778bc501cf8a627a11,4eebb52ef32bb925cf17a3b9eab2dace6daadd5104758f0cab380f12459e519f,
backend/internal/service/gateway_forward_as_responses_test.go,different,runtime_protocol,a1b707741307eb3c4a19d335ba0242beec165520636def8058b780d8e9efebe9,56db94824f51fb90027b3d52c70ba662e5151b1214f05f83bccae5c16f139ee4,
backend/internal/service/gateway_forward_partial_usage_test.go,different,runtime_protocol,1675602a2a921581f02e5a5a7d95921a837a844935941e613449bf999cc07892,df6ac44939404538a0d90f81b8158fc8fbd7c86514e6917b8c888372c7e573e3,
backend/internal/service/gateway_group_isolation_test.go,official_only,runtime_protocol,30774c49faf7c31b5d505daad06c6ebbb98e4547acf20940578c9de4fd554a77,,
backend/internal/service/gateway_hotpath_optimization_test.go,official_only,runtime_protocol,d15dccdb3a35f72d704c0647e4115c928a74ee28655a9cb9040fadb9d3f4c64a,,
backend/internal/service/gateway_messages_cache.go,same,runtime_protocol,49320c642496e4b1af5a81cf6a5ddccdee0bbeb0b2f1eedc9a26fb7963a2dbe0,49320c642496e4b1af5a81cf6a5ddccdee0bbeb0b2f1eedc9a26fb7963a2dbe0,
backend/internal/service/gateway_model_availability.go,different,runtime_protocol,426e80ae6f5bb66b0c3511cb686a14a60cf5bff46789c5d4266d0be4d4281f81,85630e7fe413915eb38d8f87ac1219b498cd81697a33db2bece6b98a4648c608,
backend/internal/service/gateway_model_availability_test.go,different,runtime_protocol,17533b666af7d50799747242b846cc5b414461f4232a46d40f326c0f94747c35,682f95e1fba5b4b849b6b258f09106dfc7d45dbef3ef6a8e8dfb7c82b6236ff7,
backend/internal/service/gateway_multiplatform_test.go,official_only,runtime_protocol,e08b4df7ba1650e0c0c0a0741445b449ccc661e4666853c05e0d5ccde3414910,,
backend/internal/service/gateway_non_streaming_response_test.go,same,runtime_protocol,e909261c2131f8097e418bda0f1443ba1e5d2f04cfbaed352bdb15f2289d6fcc,e909261c2131f8097e418bda0f1443ba1e5d2f04cfbaed352bdb15f2289d6fcc,
backend/internal/service/gateway_oauth_metadata_test.go,same,runtime_protocol,f87ca13d72fd13398cbb4ebc13210c06b08a79ffde9f887667665e0e5dcaad10,f87ca13d72fd13398cbb4ebc13210c06b08a79ffde9f887667665e0e5dcaad10,
backend/internal/service/gateway_pool_mode_retry_test.go,official_only,runtime_protocol,ca62cdc501686058e2a3b4992f852d866749022af87291d1f2b627366b7ba581,,
backend/internal/service/gateway_profit_control.go,official_only,runtime_protocol,5864900783b7ec99177c896d46920d4c54f0d897f730b3d910463dbca29b1beb,,
backend/internal/service/gateway_profit_control_v2_test.go,official_only,runtime_protocol,3893432a29e4a6d3a1395f82b2e23645fd1304796f4c240767d25b29e6aa99c2,,
backend/internal/service/gateway_prompt_test.go,same,runtime_protocol,6124f74ef0ca92f9e13a9d26ce8f839977b920107d34a411b2184c594d05068e,6124f74ef0ca92f9e13a9d26ce8f839977b920107d34a411b2184c594d05068e,
backend/internal/service/gateway_record_usage_test.go,different,runtime_protocol,81e08e7b24715d0d768233435112e05b2e40f3ecf969b01b78524c4a80b99b96,5bf8bd52bc2ce4df18010b499b4fc0f89fa78bf086579cbafbe50c5cf4b5591d,
backend/internal/service/gateway_request.go,different,runtime_protocol,dc47dced7c29af1d9e18efa6801920797302e95a5128fe8a0fd108b1131bc13e,96ff11b97f97dce255f6aadbdab3587b8f4674c8ac93d9e7d002cad1c386d47c,
backend/internal/service/gateway_request_invalid_json_test.go,same,runtime_protocol,f25d7d9ced6b4a45a5f01215a9bbc8c5f1da5257437f477a969ca05da51f2dda,f25d7d9ced6b4a45a5f01215a9bbc8c5f1da5257437f477a969ca05da51f2dda,
backend/internal/service/gateway_request_pricing.go,official_only,runtime_protocol,0195ed31f3b9013f8d799e876b3cb585147688387af6395f927274145441dee5,,
backend/internal/service/gateway_request_pricing_test.go,official_only,runtime_protocol,718fd2db3a4171e0cdf8f9a12662a38007eabbff7bf2e9226b127f28459ffe2b,,
backend/internal/service/gateway_request_test.go,different,runtime_protocol,47e7cbf5652443ff394cd22ed0eb72e54888535c255614431e5c2f5540656532,b34b5537809903c46fd0eb7f77b62d2bec6fbfa05ea4744a490d8984fadca2be,
backend/internal/service/gateway_runtime_bridge.go,current_only,runtime_protocol,,d4d60c55eb2a6aad0cf8205f0bcc0add919f773d8ea688f7f5f986cb74275cf8,
backend/internal/service/gateway_runtime_exchange.go,current_only,runtime_protocol,,308b878d6210f7827980a42177d9adf50f138677f71c38469f19f7988a12f162,
backend/internal/service/gateway_runtime_exchange_test.go,current_only,runtime_protocol,,e45bef903f48eb0b41793b08adffd555ff4b59692d8d2e07790c9cc436d74134,
backend/internal/service/gateway_sanitize_test.go,same,runtime_protocol,0f95fd744b01d712a7d567602e130ec1a2107d9beebae97af9e2791ef6b00385,0f95fd744b01d712a7d567602e130ec1a2107d9beebae97af9e2791ef6b00385,
backend/internal/service/gateway_scheduling.go,different,runtime_protocol,1931636cb4241a57cdcb5f3b919c2276dfa3a4e5bfc7a4b5e9dcf4f173e56800,94b2159aeee0aeb942cb93b2c469c4644b517b1eb3755d1fa2b338289f15ff8f,
backend/internal/service/gateway_service.go,different,runtime_protocol,2a95293577514be6a32c3e579c542b1d252f7318137093969846ac0d6449425d,5890287e8b9b57cdb6c6d44ce24772612388903834cb3951c150620e61cd1cbd,
backend/internal/service/gateway_service_antigravity_whitelist_test.go,same,runtime_protocol,6268d74ce0b0cab55ea852b5388964eef5030e770fb3e300e5f2610a08442394,6268d74ce0b0cab55ea852b5388964eef5030e770fb3e300e5f2610a08442394,
backend/internal/service/gateway_service_bedrock_beta_test.go,same,runtime_protocol,6ba4a9477f03771e446721da9a062dad952f45f7274b11f8efdb88e785ecace6,6ba4a9477f03771e446721da9a062dad952f45f7274b11f8efdb88e785ecace6,
backend/internal/service/gateway_service_bedrock_model_support_test.go,same,runtime_protocol,068e175df18ea7e8606a84724239fd6fe33e40dc92991af55d4e6f2161cbe78a,068e175df18ea7e8606a84724239fd6fe33e40dc92991af55d4e6f2161cbe78a,
backend/internal/service/gateway_service_benchmark_test.go,same,runtime_protocol,6f659a61493d69ec8aeec1fce0016c0ebfa4f6b3f6ba0fdc9de2c081aca97efe,6f659a61493d69ec8aeec1fce0016c0ebfa4f6b3f6ba0fdc9de2c081aca97efe,
backend/internal/service/gateway_service_selection_failure_stats_test.go,same,runtime_protocol,b131ccd55c38ff687aa7f34f39c7ac8eb490fcc323173907720ff59177f12d05,b131ccd55c38ff687aa7f34f39c7ac8eb490fcc323173907720ff59177f12d05,
backend/internal/service/gateway_service_streaming_test.go,same,runtime_protocol,0083d89e0310bd39085ab58b3ba6c484ef236901919e58ce84d987847de63d4c,0083d89e0310bd39085ab58b3ba6c484ef236901919e58ce84d987847de63d4c,
backend/internal/service/gateway_service_subscription_billing_test.go,different,runtime_protocol,8c1fdb97af1e8d5fd2de0cf7e541413ed75dd57fceea1fe4a47e0d1f9d62888a,bc427cf79d6ab03458fc71a20356a45f87d05ecd1ccdabc71666360db47f6857,
backend/internal/service/gateway_soonest_reset_test.go,same,runtime_protocol,bbd0087ad9891f11b75c23383721cd048adbeab4316b9cb553709467d06518e0,bbd0087ad9891f11b75c23383721cd048adbeab4316b9cb553709467d06518e0,
backend/internal/service/gateway_streaming_test.go,different,runtime_protocol,98843b96e3081d26ee2609f2312d5830715192e464e00295c7172fbd0fc8b3c9,f4d88ee15b0ad52b72e54df2e9792352cba1ebdad1cc70519dc8eeddc06c108d,
backend/internal/service/gateway_test_stub_test.go,current_only,runtime_protocol,,74b9727f2c276be6dba900ac33fb54aeb3736757f725f2aa0d8e3a5b4150378d,
backend/internal/service/gateway_tool_rewrite.go,different,runtime_protocol,2311ddf94eb50688a59ce13bba41e35ed2489e8db22641187915e572f1ce452d,1d91acb23f1c2e231ef9961764cc57fc8ba3d6920756e2fd9a62842c386c427c,
backend/internal/service/gateway_tool_rewrite_test.go,different,runtime_protocol,6403f3a1bef35d8eaeb9128980b273ec84ddd006cb6ce8ad10447712168dde83,177687225ee7403582f34a0aaa08faace138de0b3246218dbf9f786ba8c1af37,
backend/internal/service/gateway_upstream_request.go,different,runtime_protocol,9fa051e20f1300260b423b6213ce13bd7072c8efe406bbd38c3d082a4bfb1d5b,d8c85dcc3eeff1e87c5495e635e8a38a3135754eb44ad33c622fc58c8ba177df,
backend/internal/service/gateway_upstream_response.go,different,runtime_protocol,2ed7b00cbc3770ce73dbb6b255406bf7ada10bebbaef05286d397e32ff52238b,79d51e68a38acb11c29959f09ce79c2be3c158145366e5cf6b346db21d55b08e,
backend/internal/service/gateway_upstream_transport_error.go,official_only,runtime_protocol,82e75183a5e50f29aede0ffecf27ff3ccb87906d273cb81d73a430b9e398e375,,
backend/internal/service/gateway_upstream_transport_error_test.go,official_only,runtime_protocol,8c52da391b4f9b2da647058be9759bf599eb2372ba34cb7324d5b939ef438a16,,
backend/internal/service/gateway_usage_billing.go,different,runtime_protocol,0d6f6e9438259bf8579c0cd7a032b1b880068cd04f00274bb1df4fbbafcf0be5,9e8c1020b4b4c609e2c02e35a3be0ebfaf6163a877c2303d26c069c5a33bf3ff,
backend/internal/service/gateway_usage_billing_fallback_test.go,different,runtime_protocol,950a1f0bb0ca65cabf18e845aa9936689f787c0c3ad51dee98e16cb20eef5ae4,92e8d5f6256b7b0bea93946971baa38d1e2c770eef50d9789c7ca7966cbfca9a,
backend/internal/service/gateway_usage_billing_request_id_test.go,official_only,runtime_protocol,93ea98c0c5d63090d9efd74217a23c705415bc70cf3bc8befd45c09566bf65cd,,
backend/internal/service/gateway_waiting_queue_test.go,same,runtime_protocol,c5b7a5346522a9069e3ef04afa5b11303b568eee2340b2eae8c1ff3abc60c1af,c5b7a5346522a9069e3ef04afa5b11303b568eee2340b2eae8c1ff3abc60c1af,
backend/internal/service/gateway_websearch_block_filter.go,same,runtime_protocol,0f75e2b63f59726887d4c15b8337bde333fbccde6c4e5ba061dafb96cf96cb13,0f75e2b63f59726887d4c15b8337bde333fbccde6c4e5ba061dafb96cf96cb13,
backend/internal/service/gateway_websearch_block_filter_test.go,same,runtime_protocol,4e583c5af788b7c50521b67f4700c3b5aa3623c5890878aa84d4d5c4eebbcf23,4e583c5af788b7c50521b67f4700c3b5aa3623c5890878aa84d4d5c4eebbcf23,
backend/internal/service/gateway_websearch_emulation.go,different,runtime_protocol,6fbec78f8d3e3deb456ed442a481ddac4a412498ec4fb453f96460156b24e47d,fd7a248abd50e0e611e5f7b071f1606de0b03ee0038b044b0142ecc524b2c8cb,
backend/internal/service/gateway_websearch_emulation_test.go,official_only,runtime_protocol,47e75079b5bf91a47d781ea8e6d56f7eded918dbc0728202926570aa7ebb52b1,,
backend/internal/service/gemini_chat_completions_compat_service.go,different,runtime_provider,463a9bcfbb7111a5602a6acd6074ead6050925896761ed7694f1baff26e5c3fb,d2511022d40937ea62f2abfa04c46bad64171f5e0bc1cae5b089e2766579946b,
backend/internal/service/gemini_chat_completions_compat_service_test.go,same,runtime_provider,4b1f9efd0c70000a11fa39c670d04b391d17484d13329b0102caa66fbd8a0901,4b1f9efd0c70000a11fa39c670d04b391d17484d13329b0102caa66fbd8a0901,
backend/internal/service/gemini_count_tokens_runtime.go,current_only,runtime_provider,,7033abf4778350a1b8d434ea655f0a0db0561329ba757bfa0c4687d24777fa49,
backend/internal/service/gemini_error_policy_skipped_write_test.go,official_only,runtime_provider,682ea7f33fb753a7b630801f3d0097ec35e2ea1a6e2669facd060f598ad1291d,,
backend/internal/service/gemini_error_policy_test.go,different,runtime_provider,6dc978b220e650d9f9a650dc1c62dc9fe2a8c42d37c3865e9465630946c75726,e24a356bfb04743a2890db0d04411a3c4cda963c5dd51ab3e96d65bc0f2cd4de,
backend/internal/service/gemini_image_output_accounting.go,different,runtime_provider,df59f8f55eca58640e5d31c6e48d7f969627f686d9d12ac6bf2ddceb3019972d,c03452bbdc351f6ab1679ab7cebf32a7433d614f4bdf568e999023b9666a14b7,
backend/internal/service/gemini_image_output_accounting_test.go,different,runtime_provider,fb6868f66345d0bdca4a8f8f5b15e20ba2ee693558af3a335e42681321ec25cb,abd5558ec11004aedc24cb762ebd0e1316589e35c907eac2c505c7fa32820dad,
backend/internal/service/gemini_messages_compat_service.go,different,runtime_provider,f8b68e9cd3e8c33a7300ad7ce4b47de9ae47eb548761e7a6285386f5361bd46b,5526eb5d952254fbecf84f0341755dd3d919d347c08e77861c6777254e828bff,
backend/internal/service/gemini_messages_compat_service_test.go,different,runtime_provider,141bc91fd7328a82dff7beae897577a2fd63871725c93ff5767843444bac22c9,aa50915c8a9c4564be58ea47bbef6dd4fbd5eccfcde1f22bd109d7c9e71d0015,
backend/internal/service/gemini_multiplatform_test.go,official_only,runtime_provider,3744b05eabd3aef322747706e68e6c69958ef16075ed68dfd1df76f48bbe98c6,,
backend/internal/service/gemini_native_signature_cleaner.go,same,runtime_provider,8cd95b97c2f195a6ce27348b0574d0eccd248706fe71ab24113f9a9a716f4d23,8cd95b97c2f195a6ce27348b0574d0eccd248706fe71ab24113f9a9a716f4d23,
backend/internal/service/gemini_native_signature_cleaner_test.go,same,runtime_provider,57b7d8bae54296941e43293826d2c887ec4fff80dce95ad25ac189b1d03057c9,57b7d8bae54296941e43293826d2c887ec4fff80dce95ad25ac189b1d03057c9,
backend/internal/service/gemini_oauth.go,same,runtime_provider,0399024af3f09a06887e9118e4e7c077c872bb40da51f0d354e7c60f107879a8,0399024af3f09a06887e9118e4e7c077c872bb40da51f0d354e7c60f107879a8,
backend/internal/service/gemini_oauth_service.go,same,runtime_provider,c972a1b07d06b0d02effa17187df311873faab04bb14fd6495230d6aba262586,c972a1b07d06b0d02effa17187df311873faab04bb14fd6495230d6aba262586,
backend/internal/service/gemini_oauth_service_test.go,same,runtime_provider,012362900b675dcbd6b221ce3f5495b3bbc7d6476a85f05bc3924ebab17231fe,012362900b675dcbd6b221ce3f5495b3bbc7d6476a85f05bc3924ebab17231fe,
backend/internal/service/gemini_quota.go,same,runtime_provider,6236a619ac45d95db8d92ad08adffe4458c522982bdaae5171b259cfdd21a7f7,6236a619ac45d95db8d92ad08adffe4458c522982bdaae5171b259cfdd21a7f7,
backend/internal/service/gemini_session.go,same,runtime_provider,34c180a49cab6e24b85fa4ab483af13e6277865c965bd91c1dbf1668fff78571,34c180a49cab6e24b85fa4ab483af13e6277865c965bd91c1dbf1668fff78571,
backend/internal/service/gemini_session_integration_test.go,different,runtime_provider,f18d42342c05b3933e1e9b72a4f0887be2aa0a6a3328e32392061a2ae43cad3d,ddeb6bfb7f485dcf1c44f9030331eb0b2c75de15de3135b1aae0c2bb0d1ee9e4,
backend/internal/service/gemini_session_test.go,same,runtime_provider,b147eff6085dfae6acba9d17ec80648884ed884998b62d1c340e57f0a4fa1afb,b147eff6085dfae6acba9d17ec80648884ed884998b62d1c340e57f0a4fa1afb,
backend/internal/service/gemini_token_cache.go,same,runtime_provider,aff36f66c54c8899aecea3dc34d8c06f2fe687ba40bd52d20a44671036c6e29e,aff36f66c54c8899aecea3dc34d8c06f2fe687ba40bd52d20a44671036c6e29e,
backend/internal/service/gemini_token_provider.go,same,runtime_provider,53c11514c6651e8bf6e8f58646dae0bf1246343a374a8556587ac85f454ad5dc,53c11514c6651e8bf6e8f58646dae0bf1246343a374a8556587ac85f454ad5dc,
backend/internal/service/gemini_token_refresher.go,same,runtime_provider,ea51f5862044701ea9211816a6e72f25b27000b38c395eabcb4664dab922d8a7,ea51f5862044701ea9211816a6e72f25b27000b38c395eabcb4664dab922d8a7,
backend/internal/service/gemini_upstream_url.go,same,runtime_provider,26d362ee4869ffec02c8c6446fd146c74fc2961583633e5627bf26e4a3423066,26d362ee4869ffec02c8c6446fd146c74fc2961583633e5627bf26e4a3423066,
backend/internal/service/gemini_upstream_url_test.go,same,runtime_provider,4569c961af8a5006ee9d5ff50256896e41bc94e907447559df63978f8576ed3d,4569c961af8a5006ee9d5ff50256896e41bc94e907447559df63978f8576ed3d,
backend/internal/service/geminicli_codeassist.go,same,runtime_provider,42cfe5b9b81bf232ff5b39503f7edc089c9f37ba0e38542311fbe309c600bb38,42cfe5b9b81bf232ff5b39503f7edc089c9f37ba0e38542311fbe309c600bb38,
backend/internal/service/generate_session_hash_test.go,same,test,236bf6e09fef95b0a57b44a6e5ac27faa79e0527badb19759374c192c2ac5f9b,236bf6e09fef95b0a57b44a6e5ac27faa79e0527badb19759374c192c2ac5f9b,
backend/internal/service/glm_quota_service.go,current_only,runtime_provider,,f0692bfffff47e5b965712f2680c1644014492e0399b29ab30f84451e796b70f,
backend/internal/service/glm_quota_service_test.go,current_only,test,,1810529d50aee99c76f5929aeaab4f83a4a2d992e1392571bcbbcdfb9e1b9f0c,
backend/internal/service/global_balance_rate.go,current_only,productcore,,8d5d3af33d9da911aaa6d02ebf16c73ba887bec8fb3d14f725097f79601d51be,
backend/internal/service/grok_audio.go,official_only,runtime_provider,e1065e855e80d67add79d7eaef45c66ebcda8bc884f786680fa231f96b0fa6c7,,
backend/internal/service/grok_audio_test.go,official_only,runtime_provider,92c41f3323b71f0e8fdac33edc17ce3428b0084f1e2a2df0cb44400e9d19fdf6,,
backend/internal/service/grok_base_url_mode_test.go,official_only,runtime_provider,449418def1eaf7933d182513fc7d5eaaef234ee83ccbc32fab3910318170f1b0,,
backend/internal/service/grok_credential_failure.go,different,runtime_provider,42cc9e4e7a41c8189ddd07e0887e8981de321314c43a0bdee81544594fb9c442,ccd1a1f7441e4463006e7b0cb72309481eb0f78473979db703faebdf1e235164,
backend/internal/service/grok_credential_failure_test.go,different,runtime_provider,fe30a8d8bf777af8f6b0ff60f496b4db8a37dd575de926874fc050890d42cd31,e9621c7483062210467b5409555908ad6de183884106bfe98e0c3f68284cad6c,
backend/internal/service/grok_free_quota_gate.go,official_only,runtime_provider,1c2122f0d2a79d7fd53e4e3ba2cf6c7e585abfc04682ca4c6ebcf5f052f70769,,
backend/internal/service/grok_free_quota_gate_test.go,official_only,runtime_provider,173d7762f3f4ee6572411e9d528a1ea104c04d47d886c080ffa78b6147beac72,,
backend/internal/service/grok_media.go,different,runtime_provider,9e1b9a352afc0749f59d2fb1a5c274b856c969ac49fee860c0f2c8f032ed3892,25f41f87cc84e5225e37cd03962a855550893f4c7160a6b188e63b65e6d5fc04,
backend/internal/service/grok_media_content_test.go,same,runtime_provider,485dec9206360ed5d529657894aeacfa1de9fb610c126ffd0e494624e365eec0,485dec9206360ed5d529657894aeacfa1de9fb610c126ffd0e494624e365eec0,
backend/internal/service/grok_media_image_geometry.go,official_only,runtime_provider,2a53c8da69214a348551d54d11facefd21bf5289fc17ef8dfad8cff7f8c857ea,,
backend/internal/service/grok_media_image_geometry_test.go,official_only,runtime_provider,78352c0974e14dcffa56d1c4b104749699fe2ae41528848707901ca219b8e599,,
backend/internal/service/grok_media_video_billing_test.go,official_only,runtime_provider,e6ab61fb899cbc674b6493650118ea27ab6d82e38b21879ca993863fdd15aa30,,
backend/internal/service/grok_model_quota_block.go,official_only,runtime_provider,e8975bcee3fd2040415aaee82940cd29bbbd48d14472773a0239c8a37a1aa8a1,,
backend/internal/service/grok_oauth_reconciliation.go,same,runtime_provider,db1fff101fea6c6ce56f1a1394f2f4c61b0a365924b6b982d136af58141861fb,db1fff101fea6c6ce56f1a1394f2f4c61b0a365924b6b982d136af58141861fb,
backend/internal/service/grok_oauth_reconciliation_test.go,different,runtime_provider,cf6f779434bab9129daae26467a0f0c0c501dae86153b9b68657ac00161d0c03,aae5977719b3b8e0c70dd80b048d81497d5ad97c4e8e44217d1da36d51f48662,
backend/internal/service/grok_oauth_service.go,different,runtime_provider,9bba6134e61c4a71c9c7de7fb0ae60674be3f18062006e31b10727e74ce2e8c6,3735ebc60b322dcd6124c925cd04ee69669d338f698390bdcd353029c5d9614a,
backend/internal/service/grok_oauth_service_test.go,different,runtime_provider,e29e8837353aab802f57aec6ab71c1a9a1647b0ed9ea930be52625697e85bba3,4bcfc02db6487f545e4315c6294949ef5c174e2f9b1afaad08f1748ccfe67798,
backend/internal/service/grok_observed_models.go,official_only,runtime_provider,ebcef3b10eccf93ddd26e972bfb8dbf0e4f11fbb5efe65506a86a171bf9ac35b,,
backend/internal/service/grok_p2_test.go,official_only,runtime_provider,cb56be8dd15aaee0bdce03efe1b3d9b4d48449e42625e9cae0fc4aa9d56068e4,,
backend/internal/service/grok_quota_fetcher.go,different,runtime_provider,b02d42570a2ab3c39fabf91403ef487ea0ac04d73eff0b4efa746045f0552bfd,92899615c53f89f6bc0fab6274d44179bc39adbdc0951be617891118ac9365a6,
backend/internal/service/grok_quota_fetcher_test.go,different,runtime_provider,4d23c568996b4af87515a4ea46a5b49917a07afc07508d3add9a6181d25cde57,3cd61a1b85eeedfe3bed379b2ada008842f500f8a2749773f7a1e3b7259baefa,
backend/internal/service/grok_quota_service.go,different,runtime_provider,4b85466528f0a0613d3ee711c0313718b3d2244cca36dcf69ac1264bd1e25475,821414bccb98d081a2874275275058f50af5b5dee931bb3b3ea2b9eb51b49c46,
backend/internal/service/grok_quota_service_test.go,different,runtime_provider,75f1f4cecc937d60043918279f635071f46867289ad8af3a244ec1b84801667b,fb1f97ddaf98ab96251f3c80953abcf43ca26ea33275f030d8a836fdbc15bb0a,
backend/internal/service/grok_search_count.go,official_only,runtime_provider,d983589a3495893566a3d716851d1d455ce45715d6d5cf878e6ffd3f99f488f6,,
backend/internal/service/grok_search_count_test.go,official_only,runtime_provider,8e9ee375a13f8a9b710261958acccb2366551827e8fcf0a9d2e7d49a41ac4b00,,
backend/internal/service/grok_spending_reauth.go,official_only,runtime_provider,a529a114b2c49654d4d8e36fd6aeb30f41de22ae30502e776200006701660c4d,,
backend/internal/service/grok_stream_idle.go,official_only,runtime_provider,085a9368fdf90f719d5e2ca33da89b997219958210b0ef09cb3dcf13d34bc86b,,
backend/internal/service/grok_stream_idle_test.go,official_only,runtime_provider,83dadfc60355f76068f785382859a0e54f625dc8fae394d8931c04cd8d403c32,,
backend/internal/service/grok_team_rate_limit.go,official_only,runtime_provider,645a235a5c642b742071b005a2c71e1bc7b4f620e437436f0feaaf0abb56341c,,
backend/internal/service/grok_team_rate_limit_test.go,official_only,runtime_provider,b34fa3c771b2b99cd6ac6d856fb0f088bc79c44a0be5f782891f6e42ed44a7d8,,
backend/internal/service/grok_token_provider.go,same,runtime_provider,a706d56757fedcc4076957ad0590c2b3b0962c95b445ee10272774ebf19a2056,a706d56757fedcc4076957ad0590c2b3b0962c95b445ee10272774ebf19a2056,
backend/internal/service/grok_token_provider_test.go,same,runtime_provider,04e5bbe314d44cd3534cc9ed1a602ffdbae7b7fd799c6970e8272460f5aaa1d2,04e5bbe314d44cd3534cc9ed1a602ffdbae7b7fd799c6970e8272460f5aaa1d2,
backend/internal/service/grok_token_refresher.go,different,runtime_provider,55285595f88096555dab044821ec6399ab24aeb900348ed19d9bceee7d9f52bc,e334cd9741a05444f1fc7ceb3a9dce15cc7f9e0432dcdc8e7e6d00f1014e5540,
backend/internal/service/grok_token_refresher_test.go,official_only,runtime_provider,027474da22fdf12915c7304d54bfc942220ebac0684cbab727abcf92e7baea48,,
backend/internal/service/grok_upstream_errors.go,different,runtime_provider,c18acef917031e98857aae1ad51badd306c41708d9f6f39fe46995629124545f,292dc73d5dd8b1abb6f59aab35fc103fb2e58622d7b8b39d0daeb2734ead9158,
backend/internal/service/grok_upstream_errors_test.go,different,runtime_provider,6023851403885c14d447a0cee8b151c965bc870a3edfa7ed81eae8337fc2e4ff,e41d4e3270134970dc3ef7920de3f04950159cf939319faa237289691b45b694,
backend/internal/service/grok_upstream_failure.go,official_only,runtime_provider,08c74781791322d104ba5078d528af6f1979291f29cacb5dbb5ae5d3276ee8a4,,
backend/internal/service/grok_upstream_failure_test.go,official_only,runtime_provider,1c853fe687fef4c939543a55490e725add2b22ab5408d16cbe137152b5d4df41,,
backend/internal/service/grok_upstream_headers.go,official_only,runtime_provider,bd4ac72da2ffe76fe5afef4361afe57a9a493513ff39a395851f626cd2ad1e05,,
backend/internal/service/grok_upstream_headers_test.go,official_only,runtime_provider,31a2bcb694d06b8a0ae1a697ceac26700184a30abb8a9909e18d901039329923,,
backend/internal/service/grok_upstream_url.go,different,runtime_provider,b98c3826f8ef4602325eceaa2fbec37918d75fc95abf16363ef74ad2589b599a,745551d098c4236e0f7a544a0e0f1aec9a22857de72e267d7ba4048eacf88910,
backend/internal/service/grok_upstream_url_test.go,different,runtime_provider,02e231a229d0554b59d140390d92e6a4174624a3fd3de64abd7c20b02abc4a39,fd8e00c8c7b4c1ae88bdfd56b4d9ad416f5c072744f965a09ab670b5f533411d,
backend/internal/service/group.go,official_only,productcore,38fd9d3a03a0aaf393fab39aa60ec2c9f55d6efe1c12f18a9c83a209b012af1d,,
backend/internal/service/group_capacity_service.go,official_only,productcore,862d7f77a5a96cbe96909108146ef264638349220aa032e9298d217eec61470d,,
backend/internal/service/group_capacity_service_test.go,official_only,productcore,29e30cc88e9ae44dc21a055d26e6bcf415cc43d920b97b3255afaf042f4a83f2,,
backend/internal/service/group_models_list.go,official_only,productcore,7eebcd0380c1915bb895838e69a29ad1dd63c520aa9945527e00fc6f12e02d0a,,
backend/internal/service/group_peak_rate_test.go,official_only,productcore,cd8c2c211842b73d4ba39591d679f12600bd90a77b50c588bf55dcde6ae1f727,,
backend/internal/service/group_profit_platform_test.go,official_only,productcore,98893854b35eccf787bce92a0e3a070c0260ced3fab835ad567fe738a8fd18ca,,
backend/internal/service/group_service.go,official_only,productcore,26bbcf32e9b03ba602207f402b05c19f5e09b676b2ab8122a2fc2f0141263a27,,
backend/internal/service/group_test.go,official_only,productcore,a091bdae6c2f33ebf2bf03336f25ae3f8bb737eb90954323c4d91bef53eff2fe,,
backend/internal/service/header_util.go,same,runtime_protocol,397215b5d1062c430171e1f32a72ab85b77955466448fa1b5c2748020dcbc724,397215b5d1062c430171e1f32a72ab85b77955466448fa1b5c2748020dcbc724,
backend/internal/service/http_upstream_port.go,same,runtime_protocol,099765f8a3909531b37c4f31869e5c4d624c3145ad04308134092e05459e3582,099765f8a3909531b37c4f31869e5c4d624c3145ad04308134092e05459e3582,
backend/internal/service/http_upstream_profile.go,different,runtime_protocol,941992175b7844586b72ef6314361c2ce00830f5d05159a1d892629349e40b3c,f867f7d44f091f25bfd72f5c7decf39330718108a975580fbcb98e0601fa6e6e,
backend/internal/service/http_upstream_profile_test.go,same,runtime_protocol,c6b4cc447a6a42fc7596a128fcefb046665dabb09d682daf0f072acc9a49e394,c6b4cc447a6a42fc7596a128fcefb046665dabb09d682daf0f072acc9a49e394,
backend/internal/service/idempotency.go,same,productcore,7515ddbeb932820d0139557e5f38a9171079ba4519050c8920aa129c2b5c6c82,7515ddbeb932820d0139557e5f38a9171079ba4519050c8920aa129c2b5c6c82,
backend/internal/service/idempotency_cleanup_service.go,same,productcore,11d702416b6ff6154311f8d2013ba12a1914edf16a07752c986e582606977125,11d702416b6ff6154311f8d2013ba12a1914edf16a07752c986e582606977125,
backend/internal/service/idempotency_cleanup_service_test.go,same,productcore,740b3427f1a860f7966d567f18c8f6ba9992c433b4c9b62fd22c087612320a30,740b3427f1a860f7966d567f18c8f6ba9992c433b4c9b62fd22c087612320a30,
backend/internal/service/idempotency_observability.go,same,productcore,80ae00509d434ebf3dc73cde90f1edf86a14d51ff623e56b9cb6c504a0a857a0,80ae00509d434ebf3dc73cde90f1edf86a14d51ff623e56b9cb6c504a0a857a0,
backend/internal/service/idempotency_test.go,different,productcore,cee3ea93fc5bdd5c4d48a58b26f038e34aa40c0cc49204058e46d91421d84244,5c5edc88c91fbff148a69bfad24c13a297246579fb9e597a69367635ce868d97,
backend/internal/service/identity_service.go,different,productcore,3b7f4f33157e04098ee6479caa155809fe7f616eafe89468a56aa3a8901c9f64,66bf443c9a2637be4f478233903fa4900cca26a2e2d6240e6e356089c4f63f64,
backend/internal/service/identity_service_order_test.go,same,productcore,cc85e81f47a102a393511a32b5228de5291a59a481be17bed51271660f747c50,cc85e81f47a102a393511a32b5228de5291a59a481be17bed51271660f747c50,
backend/internal/service/identity_service_user_agent_validation_test.go,official_only,productcore,51b8e9249f05e7af0b7c2dd4517367bdbfc78bb38ae3bb6c854c6b1d2ef3b748,,
backend/internal/service/image_billing_multiplier.go,official_only,productcore,5805e530b1059a467e3e90edd2421e117e5e5467011857e90e06bd585702b0d9,,
backend/internal/service/image_billing_size.go,same,productcore,2693f534e03dae4f7b96db235ce5c53168c2a7ef4b2db06e76df2658005086af,2693f534e03dae4f7b96db235ce5c53168c2a7ef4b2db06e76df2658005086af,
backend/internal/service/image_billing_size_test.go,same,productcore,b0db7066692aa20eba95df5c4521990b273a01de8d489b478abb823ca03994c0,b0db7066692aa20eba95df5c4521990b273a01de8d489b478abb823ca03994c0,
backend/internal/service/image_generation_intent.go,different,runtime_protocol,ac71d11f58305415165f4827e928d698ae592e2c557c4854b1b70e75d764f7d3,09ffaffa4a4011a1e6e4e03f1a14f36b991501bec7fb678d1ba00b30bf2c145a,
backend/internal/service/image_generation_intent_benchmark_test.go,same,runtime_protocol,1a5d8fa3fcf5d3b8da2bab258e554e3e0cf167fd4ac8458fdceb7108c16e81a9,1a5d8fa3fcf5d3b8da2bab258e554e3e0cf167fd4ac8458fdceb7108c16e81a9,
backend/internal/service/image_generation_intent_explicit_test.go,same,runtime_protocol,735008c6562a8f325dee374626d8b85dcb47c9e479193a070a0427ae589869eb,735008c6562a8f325dee374626d8b85dcb47c9e479193a070a0427ae589869eb,
backend/internal/service/image_generation_intent_grok_test.go,same,runtime_protocol,b35b029581ce7c4ef9d43b4456b65bc27664aa47a2d01485d48d4603780bce9c,b35b029581ce7c4ef9d43b4456b65bc27664aa47a2d01485d48d4603780bce9c,
backend/internal/service/image_generation_intent_test.go,same,runtime_protocol,05bbf97adafc6523fed411b28dca31a3cb5994ce75b6447be638f245b6ce70be,05bbf97adafc6523fed411b28dca31a3cb5994ce75b6447be638f245b6ce70be,
backend/internal/service/image_output_accounting.go,same,runtime_protocol,f96fa8f266ca137ddbb54b8c2a84c898fb2a877b5afdeb5b652dc4f143976a03,f96fa8f266ca137ddbb54b8c2a84c898fb2a877b5afdeb5b652dc4f143976a03,
backend/internal/service/image_output_accounting_test.go,same,runtime_protocol,00e0c634e3a29543ea12e45c9a0ec074c1dec4e72983ab4e76db492a612e96ce,00e0c634e3a29543ea12e45c9a0ec074c1dec4e72983ab4e76db492a612e96ce,
backend/internal/service/image_storage.go,same,runtime_protocol,b579024c6c5dd1cf65bf1ab1ee45f02b862a1147411eca788746d900f723c889,b579024c6c5dd1cf65bf1ab1ee45f02b862a1147411eca788746d900f723c889,
backend/internal/service/image_storage_settings.go,same,runtime_protocol,1f4db29f8a444b8875f6071937644e6a87a225fdb7c05008251d90aa9480f529,1f4db29f8a444b8875f6071937644e6a87a225fdb7c05008251d90aa9480f529,
backend/internal/service/image_storage_settings_test.go,same,runtime_protocol,7d6d5c8d124a495f52ff666a5e81a2e0a77c3c45e2f4ae5cee82a78508a47020,7d6d5c8d124a495f52ff666a5e81a2e0a77c3c45e2f4ae5cee82a78508a47020,
backend/internal/service/image_storage_test.go,same,runtime_protocol,e0864d68112b423f6dadd117cec0f833c68192e7bb03f75b7c02e0cd4657e679,e0864d68112b423f6dadd117cec0f833c68192e7bb03f75b7c02e0cd4657e679,
backend/internal/service/image_task.go,same,runtime_protocol,991330803dfa9c7b6524213be4d08435fef12df519436a5a28d9cd6d4799790e,991330803dfa9c7b6524213be4d08435fef12df519436a5a28d9cd6d4799790e,
backend/internal/service/image_task_test.go,same,runtime_protocol,4600382b5049a3d1cbece903be75d6b17ad0dc8d2b9084c557f76675cb710e57,4600382b5049a3d1cbece903be75d6b17ad0dc8d2b9084c557f76675cb710e57,
backend/internal/service/internal500_counter.go,same,infrastructure,a312adc7ad1bb9ce82e973c76119bf4031ec4f2fc1f9a63a614d8b7ed84c4a44,a312adc7ad1bb9ce82e973c76119bf4031ec4f2fc1f9a63a614d8b7ed84c4a44,
backend/internal/service/invalid_auth_abuse_limiter.go,same,productcore,f1786b0c37914fdcc12fa9e38156b21106076f31c832f4a59f24d72398c5723d,f1786b0c37914fdcc12fa9e38156b21106076f31c832f4a59f24d72398c5723d,
backend/internal/service/invalid_auth_abuse_limiter_test.go,same,productcore,1b58ed73ea704f38d4841a55dfbdb54ca4d0c66f1e6fb696d3b8ad0bf9158652,1b58ed73ea704f38d4841a55dfbdb54ca4d0c66f1e6fb696d3b8ad0bf9158652,
backend/internal/service/kimi_anthropic_usage_test.go,official_only,test,8c1646c432c29bc1bd897c22d1d185bf72a260f4293f44f2f18a3d853830cb7d,,
backend/internal/service/leader_lock.go,same,infrastructure,74acbebefe196b1fba2d7e2d155c6059723eb0d8595786cebf3febc2cb5d87ef,74acbebefe196b1fba2d7e2d155c6059723eb0d8595786cebf3febc2cb5d87ef,
backend/internal/service/leader_lock_test.go,different,infrastructure,0390a112e32b7acc745ae906febc237c167e16ffe11d05a3cdfc9f9a030d5211,b5a5b60c99065b2765e449c8a77339c2157f8cca6885fe001e0a73760daa1514,
backend/internal/service/media_price_config.go,official_only,productcore,64b071b773f163359165fb489b2aadb4b53c4bb790e88c637f75f015642bf59d,,
backend/internal/service/metadata_userid.go,same,productcore,a2aa593b96ed5de447bdbee3eab7f78e3d96831db0bd4fe842e1c1fa1a42363a,a2aa593b96ed5de447bdbee3eab7f78e3d96831db0bd4fe842e1c1fa1a42363a,
backend/internal/service/metadata_userid_test.go,same,productcore,7c3a9ff5678b1be65dfccaf6571cb778916a0879522165a2bb8c924e74e0cbef,7c3a9ff5678b1be65dfccaf6571cb778916a0879522165a2bb8c924e74e0cbef,
backend/internal/service/model_mapping_result.go,current_only,runtime_protocol,,7f404c91869bd581ef45ed0366a4d25302ca47bcf837c92b4433b2fe4311d49f,
backend/internal/service/model_not_found_error.go,same,runtime_protocol,3a0bc19459e66d4d68d923325c564a7727c3ba0c42a751f31dc069f6462a3756,3a0bc19459e66d4d68d923325c564a7727c3ba0c42a751f31dc069f6462a3756,
backend/internal/service/model_not_found_error_test.go,same,runtime_protocol,38feabe15a4d333dd45ac09d725aea965c6d38a44d016c4684d492cdedabdf88,38feabe15a4d333dd45ac09d725aea965c6d38a44d016c4684d492cdedabdf88,
backend/internal/service/model_platform_detection.go,current_only,productcore,,b433757415b1dce06cfc51cd28e93b6f7ccb1aa95b9d1b0c66283abfe4747e98,
backend/internal/service/model_plaza_service.go,official_only,productcore,24a35835f3e2d0cbd3d7d9e68fa9557eab286743b0c2bbc3edc4062d405ce6f0,,
backend/internal/service/model_plaza_service_test.go,official_only,test,8d19e65b7b63cca20e0788d09ebeccb50ee264fa494b2bbdfb8c442bd1ff03d2,,
backend/internal/service/model_pricing_catalog.go,current_only,productcore,,213f97e58a4a3726a1c90c8487f87471193fbe936f6a1a94fbdd99c7a5bbca5f,
backend/internal/service/model_pricing_catalog_test.go,current_only,productcore,,88f6f7689280c6e34f445ff5194fe4c7fe7c63549feeb820bc836521c9c41db6,
backend/internal/service/model_pricing_resolver.go,different,productcore,512c59d56a83d84e586b798d9ff7066b2e2fde97eb2fab8d600b21865b6830e8,3f53814e9dc6676abe339afcad15133ecd0c3e78b3a6bcb4dba4e341ee405c03,
backend/internal/service/model_pricing_resolver_channel_normalized_test.go,official_only,productcore,6b592377070213bf3c7bd5ce59772832d1553c9be1321a9081e7697101695b44,,
backend/internal/service/model_pricing_resolver_test.go,official_only,productcore,182e7e6b4e5bc29055af30543c33b4d3a8e72ac961105a67f41eca8cb8e85bf4,,
backend/internal/service/model_pricing_types.go,current_only,productcore,,c5ecddba25dc810cc4a38a2bcb49e23f88ae916160b67b44f62085407d8864fb,
backend/internal/service/model_rate_limit.go,different,runtime_protocol,93350609e0e1e35066a28c2e98aca1dffaf45a089b0706e3ff32220b37506ee0,18d75f4df8a981faf64f54ff0e17a0493459480ec83920c14318072e041d4210,
backend/internal/service/model_rate_limit_test.go,same,runtime_protocol,44fe4f3584de8fcda12d0fd20bc858d251297746bb5d7f0497b9372f9d3fd65f,44fe4f3584de8fcda12d0fd20bc858d251297746bb5d7f0497b9372f9d3fd65f,
backend/internal/service/models_list_response_limit.go,official_only,runtime_provider,e2bcf98ce49e3a4ec3f8b43268c33282c9b3ddbd02de3aa0ebcac44322cb06b9,,
backend/internal/service/models_list_response_limit_test.go,official_only,test,f85104479014b8a5e1327b157460c0e28bb3207f422db10d48a788b1aeeaf3d4,,
backend/internal/service/notification_email_service.go,different,productcore,35f6c3bb427d6572fbf5f1f5989996a7380820c64d214c3b9d7bd46328e60198,3c1f8c4899d6399cadecb3b6978043dd3ba05dd42f33492b0388f68ecd93b438,
backend/internal/service/notification_email_service_test.go,different,productcore,5ad2a8b2af3dc7ea2599b4ff5178548ce2286c979f916f44fbe5c6bb2df71c61,c2bffd5898384c1823bc15e828d7daa1a1028f9cced54c01c92471bbd9b5ac59,
backend/internal/service/notify_email_entry.go,same,productcore,b66117e27e6d7fef58ff17c415e5a270420d77d36be87bbc41ecde11f185de2d,b66117e27e6d7fef58ff17c415e5a270420d77d36be87bbc41ecde11f185de2d,
backend/internal/service/notify_email_entry_test.go,same,productcore,6e5ee748ec4478fddb969cfe001e72c3b87112b2f1facf6bf0718fdb69db6bf9,6e5ee748ec4478fddb969cfe001e72c3b87112b2f1facf6bf0718fdb69db6bf9,
backend/internal/service/oauth_refresh_api.go,different,runtime_provider,60e98afb0fecb99ad27adb197ac311d78d65a42a7e752f5aabf9be7cc1566270,ee57610873900d4133782cc81f50d937e674f081a031c5dc082b367ce1866ada,
backend/internal/service/oauth_refresh_api_test.go,same,runtime_provider,3be9fe6abad0467c3b8ccf6b33ed3bd4065dbe001656b838fb2c9edcdeea2177,3be9fe6abad0467c3b8ccf6b33ed3bd4065dbe001656b838fb2c9edcdeea2177,
backend/internal/service/oauth_service.go,different,runtime_provider,7b946d4f7eead8650c877d6ad0cc6e9315e879e1d9527882e116dcc03df0ac22,453132891f9df97015f389c48af3e6393405229860cf56ebe680cb134b0add43,
backend/internal/service/oauth_service_test.go,same,runtime_provider,54b83b12cdba00e17e96243d02a512ec50dfea1c1e35d166fbcb07c14d891cde,54b83b12cdba00e17e96243d02a512ec50dfea1c1e35d166fbcb07c14d891cde,
backend/internal/service/ollama_cloud_usage.go,different,runtime_provider,1946477f55c65c47dab2beea8dbe9c7ddc42596c55ad64493df28ec6938bdf5b,ef21b3d2d87bd2314b9da53d22d9aa53d1098cc384d3b4677f952e9e0229a6a1,
backend/internal/service/ollama_cloud_usage_parser.go,same,runtime_provider,4a2881d6a426dc27a23fc9a10cc67a815e4c09fd3906e1da56ee5bcf0a57f23b,4a2881d6a426dc27a23fc9a10cc67a815e4c09fd3906e1da56ee5bcf0a57f23b,
backend/internal/service/ollama_cloud_usage_test.go,different,runtime_provider,3aa9ad40f076539ae0599c7b200f250df63d8d4ace1123822ff36145f1dd08dd,4e52e7ee32d1db81105b7da5a2486875065ba06e3f98840835d9ee6b3945605d,
backend/internal/service/openai_403_counter.go,same,runtime_provider,dd4f692e1ec014d5799b1c474078782c21a9109f672efc25a5c77d2e9c227286,dd4f692e1ec014d5799b1c474078782c21a9109f672efc25a5c77d2e9c227286,
backend/internal/service/openai_access_state_failover_test.go,official_only,runtime_provider,e6d778a20cc990adacc0c24b7ca97d6f8a20ff7a0ede01533d73e94243cbf3f4,,
backend/internal/service/openai_account_model_transient.go,different,runtime_provider,ac6442c779d2c85288b5fd19649fba55879fbe77ec960945dbcaf9e1f9699128,f47955e2fc60bd5408036637c2bbbc359a5bd80f1ea3836b792fed35672096dc,
backend/internal/service/openai_account_model_transient_test.go,different,runtime_provider,77b1d27918e27e39defc22891855c9e111ae627f3ed3276028d9aefa19421960,10d336a3a6e5ef9a21ec0aaa388fe8bb81732885c91989b7767971bcf452c152,
backend/internal/service/openai_account_runtime_block_fastpath.go,different,runtime_provider,8b6ea121c3423e96b3126f63d4905516f35de6562b03f7c7c4d2c89304cf352c,92685dc624da0fc8ff791828d76743f3b892479aff7487f31a5361ea47486e7c,
backend/internal/service/openai_account_runtime_block_fastpath_test.go,different,runtime_provider,743b402bacf4f54178a1a7ec287d32674ea20aad72163a3047064c32cb83dcb1,295912e6be8e2ecc77755484c3b677a915b754483ca69e96d32508c1dce69c5c,
backend/internal/service/openai_account_runtime_state_test.go,current_only,runtime_provider,,cf7b5e79115e4790e76aef4a470879371985be21caf8dc59fcbe37a1aeb71b49,
backend/internal/service/openai_account_runtime_transient_test.go,different,runtime_provider,031137813dfcd8124da4c870cafd73d52698f6d2a3e611fbf3b5a90b5698a117,0c43d2f940d6af58a1ad36bb21d5ffa00ee081e6995a5aa099bbf226f1826d37,
backend/internal/service/openai_account_scheduler.go,different,runtime_provider,3e872961b5355e2ffbe1115f0de2dc9335787052c4d328cc32d0758bb2b1331e,c63a0bf0429841c527a928ce488c0c85b70ecc634c2f4ff5310a8e55c173e766,
backend/internal/service/openai_account_scheduler_benchmark_test.go,same,runtime_provider,90b503a2ea7756ebe30c89c4b100b36990c7509bf06e226b8ea4ffde5de48b56,90b503a2ea7756ebe30c89c4b100b36990c7509bf06e226b8ea4ffde5de48b56,
backend/internal/service/openai_account_scheduler_compact_test.go,official_only,runtime_provider,cc02a4cce6e1864f2f501f4a987ef988e7aef48379de28cb097a465a644fe03a,,
backend/internal/service/openai_account_scheduler_reset_test.go,same,runtime_provider,9c225bf13cf3e13f161a3b60f45cd4d2225cdec6b4369875e19564d9e2f28f73,9c225bf13cf3e13f161a3b60f45cd4d2225cdec6b4369875e19564d9e2f28f73,
backend/internal/service/openai_account_scheduler_spark_route_test.go,official_only,runtime_provider,f06514147d11cfb000634d874ee427b18a0466f8b16cbfd2fcbcad17d5294c8c,,
backend/internal/service/openai_account_scheduler_test.go,official_only,runtime_provider,a7d12f775f84f77201274f95fafc6f3a8721b50b5a5e33ac22f2fd47ee5e8fb8,,
backend/internal/service/openai_account_scheduler_upstream_cost_test.go,official_only,runtime_provider,4fcfbe2a5adaf48f1b01ebe270d80b74e4c073ac6f9ac7b799e36dabe8285dbd,,
backend/internal/service/openai_account_scheduler_ws_snapshot_test.go,official_only,runtime_provider,d11125d2ddbd02b2977b3c243dc45c8c56bf42b2aba24ae047b6fa13f28bd754,,
backend/internal/service/openai_agent_identity.go,same,runtime_provider,2d40a70a453de5aa8bca8aebb42a4d0b7fc81dada426112b411f66ae899bc7f2,2d40a70a453de5aa8bca8aebb42a4d0b7fc81dada426112b411f66ae899bc7f2,
backend/internal/service/openai_agent_identity_compat_test.go,different,runtime_provider,3fba7b490e0f537e57a5591e6d62e51abd692735d2c4002410e896be32674764,2ddd67a94f6b99881c83172e32a07040afb8aba201a4e71b0d483b56141af006,
backend/internal/service/openai_agent_identity_test.go,same,runtime_provider,285013945428640e432a29c2cbbcbedc009a6165ed34bfa218c028fff45f7063,285013945428640e432a29c2cbbcbedc009a6165ed34bfa218c028fff45f7063,
backend/internal/service/openai_alpha_search.go,different,runtime_provider,209efbdd4a79556edbfe47636b35ddfa9f6165fa1d526dec007c177505a6fc85,992abd7f204f3756818405a1906693dee75ee41fbe7a5272de4fe08d0fd578c7,
backend/internal/service/openai_alpha_search_billing_test.go,official_only,runtime_provider,9f54c2070f0a9fca1e37a242b76ad7620402a71b04bf8c21c30ffa361051c575,,
backend/internal/service/openai_alpha_search_runtime.go,current_only,runtime_provider,,53a7f273f353bbd194cece563c347cd2de8c951e94724b511798c8bf8429d459,
backend/internal/service/openai_alpha_search_test.go,different,runtime_provider,8768f175db1dcd829f83c633f234ef03c50aa0c5aeafc89fc71e376e83ecf3a3,c8d1052839f228913cc27444d69946bd7c2c698c28e78ce3dd52419404ef5441,
backend/internal/service/openai_apikey_health_breaker.go,official_only,runtime_provider,c6a910626a30766f4285c8514fdea39276446fc7c9f04104649252a80a052978,,
backend/internal/service/openai_apikey_health_breaker_test.go,official_only,runtime_provider,36b0f764b0c5cc13341b8de5c2b2e33e039e0c1a9a628ec3f98a5a475ec4d927,,
backend/internal/service/openai_apikey_responses_probe.go,different,runtime_provider,6846592660865e2a7c01a2c12568b3b5a2fb3bfff08aa6f21dd9fc3d4390c72b,7873bdc62660c0a6dcc22a61c865dce214276cf59bd8f5610a29cddf9f8811fb,
backend/internal/service/openai_apikey_responses_probe_test.go,different,runtime_provider,7b5dfcdf7a40f7f134f090483b1d1e81fba80643478228a731a1a12fb5c5d191,ab18c450cfdac592d098b98c0dff6312fcc90509d61ffa142a66a99f86aa7480,
backend/internal/service/openai_apikey_responses_probe_verdict_test.go,official_only,runtime_provider,cc282e36486da7721f2e6d6e7f39282fe6607cf55c49075b20819bb6c07006da,,
backend/internal/service/openai_bulk_account_settings.go,official_only,runtime_provider,11387f2ad5d5a9c91af99249a6f8e79e76818b308eeefa4480133aafbcdb75ba,,
backend/internal/service/openai_capacity_shed_test.go,different,runtime_provider,de87ccdd2df052e5257272b28b045dd82099e974f1fb8a620aa65b1e9a13b1ab,b27c090bec4cc5fd3521c998291d397c22c7cee532d9648538d96dc1f9a54f99,
backend/internal/service/openai_channel_restriction_test.go,official_only,runtime_provider,fa256b8bdc3a14e34899a5e8f132ef4837718ea83da0bb09ed216e1a6f492061,,
backend/internal/service/openai_chatgpt_headers.go,different,runtime_provider,c2afd14da908a3f17b61688f896d7993415a638ff70a6add94abc5b8dbfced80,8e3a7309a4384c638081063ffee957f2ec28e51827c4df0afb341d4507a6e6a7,
backend/internal/service/openai_chatgpt_headers_test.go,same,runtime_provider,a83d7bf2c4813569b3507d9138fbde7fdd89c65ed187ab565e60f194e5e4d256,a83d7bf2c4813569b3507d9138fbde7fdd89c65ed187ab565e60f194e5e4d256,
backend/internal/service/openai_client_restriction_detector.go,different,runtime_provider,119a5181b7fdd982990644e93af658b419c5dabaf6c46945894e852e1a294144,c5e1570993b522893d8e577fcde0d3f8188baf43ae03745669a53acd483d423d,
backend/internal/service/openai_client_restriction_detector_hardening_test.go,same,runtime_provider,5d1f473624feff376424a8e1da5c5f1c1b79b4ec519849b28045394264e7707b,5d1f473624feff376424a8e1da5c5f1c1b79b4ec519849b28045394264e7707b,
backend/internal/service/openai_client_restriction_detector_test.go,same,runtime_provider,78fcb3bbf23d203242e93c5d11f33abe324ebea929b4929ffa3f80c31ff774b1,78fcb3bbf23d203242e93c5d11f33abe324ebea929b4929ffa3f80c31ff774b1,
backend/internal/service/openai_client_transport.go,different,runtime_provider,ba2bcad9eafb7b10b124a10860e0eae4b3035a0151240a287d069e6d4cc287f2,70fba00999026c2722e9176b0024a11c82d19dca434c56202218631fecfdfbeb,
backend/internal/service/openai_client_transport_test.go,same,runtime_provider,8ae588df8c8392cb9e5f34d3ace16cb37417570611e6e528dc5a95978b6fede0,8ae588df8c8392cb9e5f34d3ace16cb37417570611e6e528dc5a95978b6fede0,
backend/internal/service/openai_codex_account_identity.go,official_only,runtime_provider,ca7963946092834fffe3e50bdffdb819de0e55168fa4ef1163448d13f2d561e9,,
backend/internal/service/openai_codex_account_identity_path_test.go,current_only,runtime_provider,,0dff39e064c0fd6984b4907540dedd6169676ae61c51793b7fa81da7b7a28ab0,
backend/internal/service/openai_codex_account_identity_test.go,official_only,runtime_provider,c40e795b884701fffdd457c112dce86335b3e120b1da6036c237e5da63bc8e50,,
backend/internal/service/openai_codex_fingerprint.go,different,runtime_provider,53beb5adf7f239098af5cc7110e8a0125a7b8cf061cd2d0625105a2056a810bd,9070503cc848ef607df325ce8e20cd8824f292a9e89cdc6a9f62096a0fedb13d,
backend/internal/service/openai_codex_fingerprint_test.go,different,runtime_provider,3325b32eea278e22fa3a1e9135b857d0889baf60a1c98d0b3b79c955edde757a,3e7c0450954c1afe56a7eb3592e175be239ae296af1d631e62cee6390058e435,
backend/internal/service/openai_codex_function_call_id_test.go,different,runtime_provider,d5680a93dec6424160304e93b3e6fdc31d794a651e576cac60b5a76d97ca468c,8fefaf7fe265931c44aa7fa19e807bfe61320d16a7b37d719427b76b5f8bb9a4,
backend/internal/service/openai_codex_identity.go,different,runtime_provider,878825b65ca5a7562938eec9c1af9d1d54eca70030bedf0cdf1ac0d9fd428e2a,e7be8972226e124d438a8e5226cdfc10b9ff9eab75af03cbbf6c4d74d8b33d2c,
backend/internal/service/openai_codex_identity_test.go,different,runtime_provider,063ab4e2cb8f757aa98118a034a37a6d72255ce4b7fa2fcf860dadf59c7081bc,361c0ef295dee4420713d262379cc9f0200c831cfc356e1f3b8b145aa0a163f8,
backend/internal/service/openai_codex_instructions_template.go,same,runtime_provider,5b92c2d813421e9c3148458ab57c4f819a3e54d7017e0303f4e7f16217c2e185,5b92c2d813421e9c3148458ab57c4f819a3e54d7017e0303f4e7f16217c2e185,
backend/internal/service/openai_codex_message_item_id_test.go,same,runtime_provider,6c77da24d3b5869ae5863822f1f252416006046ff155cc8d1f61dbecae9bcde7,6c77da24d3b5869ae5863822f1f252416006046ff155cc8d1f61dbecae9bcde7,
backend/internal/service/openai_codex_model_metadata.go,official_only,runtime_provider,f9f5dd16497e14d1e28ab65ffc3e535bb1f54f6daca3dc479e87913e2dc9ebc1,,
backend/internal/service/openai_codex_model_metadata_test.go,official_only,runtime_provider,7314a98461ac944891d3c4f7acfee3e339d173a0cd7930c98ea6bedad22201f2,,
backend/internal/service/openai_codex_models_service.go,different,runtime_provider,7f58b81ef802a649a13e8a3fdc164acde1277a92d016aba6af8e0c0d798b29c3,bad28d7dd1ccc2677d7f923bd25781970eb6d63a3d171632cbd8c3fd58cc67b3,
backend/internal/service/openai_codex_models_service_test.go,different,runtime_provider,51c72a7c7c1e2b6e67cdbd00ec995cc975c3789cfa3079e98a70c3b783e920e3,480b118700c7e5ba48d2739d9172168b4457030845d8cbe1e4223f53aee119c1,
backend/internal/service/openai_codex_pat_service.go,same,runtime_provider,3ffe221174feea1d6a083ab848e04d5f5a39ff0a4e9c71893e14a6c89ea47401,3ffe221174feea1d6a083ab848e04d5f5a39ff0a4e9c71893e14a6c89ea47401,
backend/internal/service/openai_codex_pat_service_test.go,different,runtime_provider,16535be41c8336653950e85859f4cca30fbeba6855e2277577ba094763b53dde,c1bf86dd829841def1344ca3881ec9189da855561901e8f4fe1f866f3dfea03d,
backend/internal/service/openai_codex_tool_names.go,official_only,runtime_provider,e0d0f2edfb0046d19287891605adf6194de51e8bb8a21c5a5246a6090ac9316b,,
backend/internal/service/openai_codex_tool_names_test.go,official_only,runtime_provider,e86fcc354522db0cc37c78f3305f601ed0b89588ef35848a920c05c8e43c11b9,,
backend/internal/service/openai_codex_transform.go,different,runtime_provider,f8dcba16258d62e63b3353bde6b59b671599a75ed1c25806fbb49a4f039a8f2c,b10ef8063c32623c8b254d2932df4e9bd10a70f2d14d4ad3fd03045e62b135a2,
backend/internal/service/openai_codex_transform_additions_test.go,same,runtime_provider,531a304d18d26eb2390a27994ad86f0f3628c02a690b0f6a177502cc906e9102,531a304d18d26eb2390a27994ad86f0f3628c02a690b0f6a177502cc906e9102,
backend/internal/service/openai_codex_transform_test.go,different,runtime_provider,6e55fc3934b47e668c197ce14c8595fda51433fa3368cee19b663ddc6a664c83,b96829f6dcf7726e5247bb0a8df15374710dabd0903d5eeff5d70cc8f8258a83,
backend/internal/service/openai_codex_turn_state.go,official_only,runtime_provider,75dd44e7680c5b3123deda623016859f43967eb9e4daf1a27f2e79642ec67407,,
backend/internal/service/openai_codex_turn_state_test.go,official_only,runtime_provider,fe08c58e0127152354740390260ab6e7bcca3646b65ffd897813922bcc1aca9a,,
backend/internal/service/openai_codex_version_consistency_test.go,different,runtime_provider,9b40a85d1691db10ddac3c1c78b722769974495b40be01f7a4ca31dd00924d1f,4f142305ee9acc2c3e4e3140a531c31baf1651c5302129c74c3ab035436dbe4a,
backend/internal/service/openai_codex_version_sync_service.go,different,runtime_provider,677845f2ce6082ca3c9a651669efda3e6db43f3f7140dc29e715f71cd5625b83,843c408520e56fa45ba58df89d2f82bf2118b460a7e204f20c75b998af0a1745,
backend/internal/service/openai_codex_version_sync_service_test.go,different,runtime_provider,8625f60f10fb5a4c7bd91a71caa481d71e2b82225787def313e2a58171b00dc4,c27750b33865ab6a3271f6034558207362a8f7e4dee0d7298757de2678b9c50c,
backend/internal/service/openai_compact_body_signal.go,different,runtime_provider,023fb72c5af190f8bdeff15fdcea5ac23182494b77ccf97bc82a4e1efaa16905,d41f222c30a0e5ec249d98c0e9ef3e0a3e9519cf6a02887e75513d75793b544e,
backend/internal/service/openai_compact_body_signal_test.go,different,runtime_provider,3dedea64a72428144ad980031e33c63c57acc330b1c8424a744de8b6fb4e4255,8798d1183636e73f3acc5801a8a4adb9dc1e2d6dfc80cfabd36ecc50490a6c4e,
backend/internal/service/openai_compact_fallback.go,official_only,runtime_provider,2bcd5e9fe09788395c78228acf6eb7638800d3c92e06ffd58e05d66c8dbd44c0,,
backend/internal/service/openai_compact_fallback_test.go,official_only,runtime_provider,a2ddb194781d7eaa86702d6a34131e96ca503ee7440fed32bfdb4385d054e3f7,,
backend/internal/service/openai_compact_model_mapping_test.go,different,runtime_provider,1b5b5708c43f2d60a5e9edc7153de3c8290aff8a25251cc7ac333e062d38e905,a8ae234db50860fc2ba738912852715d13c7630a4da0c691e177ee518769488a,
backend/internal/service/openai_compact_probe.go,different,runtime_provider,b8f83e10086625e442acbf3acac3897fc9c5cfc541233522f588159c9670d2fc,9c0998f3df0cc992ff0f5627825cb353078e9c339a257b2b7440f5190f6d1bf7,
backend/internal/service/openai_compact_probe_test.go,different,runtime_provider,b2e09d0ef26a9ecadc2ce3ee5d3df518fd72dc0fcba5cf7de1512edcf0b3f74b,a6e22f37777c86e9cb975746f1dd9a587b3f87930fce22d9a380187ccde62c8e,
backend/internal/service/openai_compact_service_tier_test.go,official_only,runtime_provider,0b224287f9432cdb429cc1d0bc0fdefcbd97c81d3b2112ea4cf4fba3cffd9e25,,
backend/internal/service/openai_compact_sse_keepalive.go,different,runtime_provider,57f68c88cc7cbd5847d228394faeac53a81900bb6195e0d0acc497f5316c5dcb,ff15d21b6853cc142cdc266b584911169431cdf44e941e84acad412d11dc4ae0,
backend/internal/service/openai_compact_sse_keepalive_test.go,different,runtime_provider,c436ebe45363de031c55e6e48735577ba2273735428a3d4e00305cf8c55f0c41,db870a3e4174617d8f6ff3131410358f413d3d3f401405a9e2ce9e21e77c342d,
backend/internal/service/openai_compact_stream_bridge.go,different,runtime_provider,1354b951c4c99103f60ce9e9ccdf95729580cb469896dca1cbc1f864f0b14bc3,f629fae250147af2a883abc2781ccc3e301b06572bf7ed97a3e40c557be39d18,
backend/internal/service/openai_compact_stream_bridge_test.go,different,runtime_provider,db1636172ad9c608b7ded8da1bcd3a6cc71eb7fce80a5bdd014c299e73f4b67e,a056c84d828c346a66aa007bd197d865672597cabe21b6f90b9d37bae2f1bf50,
backend/internal/service/openai_compact_stream_failure_created_at_test.go,official_only,runtime_provider,71bbdb3bb26816a0a70fbb2eb9a8ee59f8cb3ceb4fb8ead5885b33a955e4314d,,
backend/internal/service/openai_compaction_context.go,official_only,runtime_provider,d8c150f4cb2f49478a09c1829685f9afd0d60642b495051a78d4e90d2d5a629c,,
backend/internal/service/openai_compat_model.go,same,runtime_provider,c4ab3a4f5bedc633d98e14ee439515bb28c8c43dcbb143f202dfd4b19a174eae,c4ab3a4f5bedc633d98e14ee439515bb28c8c43dcbb143f202dfd4b19a174eae,
backend/internal/service/openai_compat_model_test.go,different,runtime_provider,efe87e46fde1132e6eb9a91b94b2b2aa1c563e0e4e4adf25a7f34556b8fed3d8,a2770867f246baeb29a2b3e5a9602bafde767465c3e7a849fc570e791a50778b,
backend/internal/service/openai_compat_prompt_cache_key.go,different,runtime_provider,f3cb160d1dbb5e0402d4e5f40803d37e905406b68edc8718f5032953219d085c,6292314b1930b98ce4cdb51bdcbb70a8dbdb9a49802fba7121b8c83aea0fb58e,
backend/internal/service/openai_compat_prompt_cache_key_test.go,same,runtime_provider,b5d2fd642dee44b160e4d04bb955dfbee939818b614eefd79cafe95f5465d873,b5d2fd642dee44b160e4d04bb955dfbee939818b614eefd79cafe95f5465d873,
backend/internal/service/openai_content_session_seed.go,different,runtime_provider,e7d06ed2e2d89833b717136bc9648b2231ab1f3e7dd0ee276344ed3917637d64,24789981f4277fb688d204ba1e48580dc413de2f2185679e17d17b85290e7036,
backend/internal/service/openai_content_session_seed_benchmark_test.go,same,runtime_provider,716d2e5c55cc3a3eba070ad9bd9ae693e9fd44de2f3f433b1b9f412159b46d77,716d2e5c55cc3a3eba070ad9bd9ae693e9fd44de2f3f433b1b9f412159b46d77,
backend/internal/service/openai_content_session_seed_test.go,different,runtime_provider,3002eebfd6896fab2ae0133c47b312cc791d531778ca4ec64f87e1fe79c0c53a,2bf8e789c02c8becdc2bbf1cbee6f89af700f4a8412a5b0157e06378617d4f43,
backend/internal/service/openai_cursor_warmup_pipeline_test.go,same,runtime_provider,3b92ba1f2f4706edc917a9632c5d7762975000be50703b7a00ed2017e98949db,3b92ba1f2f4706edc917a9632c5d7762975000be50703b7a00ed2017e98949db,
backend/internal/service/openai_cyber_policy.go,same,runtime_provider,5cdf480cb35eafc6abe1ab3b09939d4cd597ac969e9262bff1993ec0df9d5635,5cdf480cb35eafc6abe1ab3b09939d4cd597ac969e9262bff1993ec0df9d5635,
backend/internal/service/openai_cyber_policy_test.go,same,runtime_provider,dcc3ce77a4adc6d38523ceccaa101b578cadc91eba630200e28402fc2cd75519,dcc3ce77a4adc6d38523ceccaa101b578cadc91eba630200e28402fc2cd75519,
backend/internal/service/openai_cyber_session_block.go,different,runtime_provider,7eec4c34c5dcb4e88ed5c05dba6787a3dd560da3133a1db540e1fafa6985b5a7,358d2447fa5eae27de4df0052fa5277d3e0da23699824964eaf6a16dfd7b424d,
backend/internal/service/openai_cyber_session_block_test.go,different,runtime_provider,3a780a98d906b66d0b31b3c7f181fc3eb23ffd25469b9bb38d58f01cd67b3378,2940d7b4793bfd4d4f068b4fe77604f1a17881e150958516bdf09eeef95310cc,
backend/internal/service/openai_cyber_transcript.go,official_only,runtime_provider,7fd27f2a95e571b7afa0fbf090ced7c64ef88f6fe6201a0ae9a15eb524d95b75,,
backend/internal/service/openai_embeddings.go,different,runtime_provider,6789e4cb7e348d775590eaa6984dfe6d04b2f7ee4c920e4950cb7678ff9eff67,75631929f4f4907cadd190a50806ff530b4a93815df76e2352b515051e5ad52e,
backend/internal/service/openai_embeddings_runtime.go,current_only,runtime_provider,,35b85b32ce302bae7009ad38cc15d6a6ace21341f3285b8e2c331add4784f8cc,
backend/internal/service/openai_embeddings_test.go,different,runtime_provider,f00f1bc98c11b5245f55b3dfdf57c9cb7672c00f8de46007cd305d9e5243f09c,0026b21bbeb29081d81a486f65efa7e0d784fb9f61a0247517314d5f76e9b5ff,
backend/internal/service/openai_endpoint_url.go,same,runtime_provider,c06f1388683c50dac8e4c806bb37af2e412985a57bbfbd97f70626dcc9a46531,c06f1388683c50dac8e4c806bb37af2e412985a57bbfbd97f70626dcc9a46531,
backend/internal/service/openai_endpoint_url_test.go,same,runtime_provider,eb82a1e85e63b41fa0b0ff0efd9b6b848370a29cf48da2cef06d92e545f5c8c2,eb82a1e85e63b41fa0b0ff0efd9b6b848370a29cf48da2cef06d92e545f5c8c2,
backend/internal/service/openai_failover_cached_body_test.go,different,runtime_provider,0ad6248c656b063ac5baac511bec30e4b0259ce6b0f8f45926aa811dec4cecd6,acf1722d14d4d54dc0e167be6c269b8f931e0b8931df4f89f29df8c1bf899725,
backend/internal/service/openai_fast_policy_test.go,different,runtime_provider,8a1ce949c56949786e2c0dd8806d60f3bbb0bd5e161be01a8eb141d30170b8b1,d5ba8f7d75c6df368fb41334bfa8623e90b8c34a7022345d19b944953e2ee499,
backend/internal/service/openai_fast_policy_ws_test.go,different,runtime_provider,7323f7b7b884b26a316df83a6a42167b4bf95d9550ebe9d5673f3fa1a16b8f2e,4ccea565dfa73ea531f2cfc92a31b03e3c15140690d321d3c031990161d9901a,
backend/internal/service/openai_fast_service_tier_test.go,official_only,runtime_provider,ed77e098029572fa4e1ce1fde8ff0e656f04a642c6a06f4c4dd6bec6ff828f96,,
backend/internal/service/openai_first_output_timeout.go,same,runtime_provider,a0a044424864a0a7fbdbf0cde9033bdf5c2e69539af4993e96aed170b87dec5d,a0a044424864a0a7fbdbf0cde9033bdf5c2e69539af4993e96aed170b87dec5d,
backend/internal/service/openai_first_output_timeout_test.go,different,runtime_provider,a4be12d7782085b86656730ad872f451c21f232e6863f72fb3d90fd9ce70a08b,60faeaefc45ef312ba3edc4557502c0adc715a3ebdc65db5e362838229ae541e,
backend/internal/service/openai_forward_preparation_runtime_test.go,current_only,runtime_provider,,03eb1b03e1e14c04c07a83b604dc1dcbb7e30aabb7c913615a61fbb05f6a403b,
backend/internal/service/openai_gateway_403_reset_test.go,different,runtime_provider,2206360395ee83196cdd0d00339b8957843c5100c10d6fc0f9d8178ff38ab2ad,76d086371ed885ce38bc397f627009f7c8f8ab9ac17a29710cbe904df62c8d09,
backend/internal/service/openai_gateway_actual_endpoint_test.go,current_only,runtime_provider,,fa2892adc691fcf52be9a9501145b46051528d84f668c6cccdacaf4281a4a952,
backend/internal/service/openai_gateway_anthropic_native_pump.go,official_only,runtime_provider,acdeff0a8cb5ac99c81d237be6a0366229c599e15174929a004bb170de2850cb,,
backend/internal/service/openai_gateway_anthropic_native_pump_test.go,official_only,runtime_provider,e01073e7ef6f14432b97017be54384cc0b6f3c2927ccb09da45a06ccc56f0b39,,
backend/internal/service/openai_gateway_anthropic_responses_runtime.go,current_only,runtime_provider,,0967c1b4d532cc689d7ae7d3dca57879b95619f9787371240f7b63b5c45de4b0,
backend/internal/service/openai_gateway_apikey_item_id_test.go,official_only,runtime_provider,5e2ccf80a16f6a508b18008e6eed0ef540abdd86b0ea745aa31cefa463f0a9ca,,
backend/internal/service/openai_gateway_buffered_read_failover.go,current_only,runtime_provider,,1cfa9eb238192ce794f14ed52b67787f002035ad50954572ff26a41d42b81bbb,
backend/internal/service/openai_gateway_cc_pipeline.go,different,runtime_provider,618604e25ad6af5ff70502a71eec9f2b93aeec98b67eff548023dddab8d28605,0535a9d6383f8c2aaac286891b662abdced7ed86251ff2972493b0ac94ce34af,
backend/internal/service/openai_gateway_cc_tool_call_identity.go,official_only,runtime_provider,7b90018c5451ce1b2e2997c91d00872e430d6e9e771a7aef16de34eda57d5c5e,,
backend/internal/service/openai_gateway_cc_tool_call_identity_test.go,official_only,runtime_provider,6321be307a80eba5eca19e3a228ea04963d53d23b6cb8f9f4586c246eafae12b,,
backend/internal/service/openai_gateway_chat_completions.go,different,runtime_provider,99904484fca59aebc2ec41bc1754b329a4636fae797c34d18cf659e62549be59,4a7eeb5fde69fba6bf93ea28e7ff12d075dcd1fea64b80c37f105252c03caf37,
backend/internal/service/openai_gateway_chat_completions_anthropic_native.go,official_only,runtime_provider,bc6db356dc4414476c0cc8e79e9467956d0f1e0e51e577215f6f7efcebc26a0c,,
backend/internal/service/openai_gateway_chat_completions_raw.go,different,runtime_provider,8af04b06a90520d55cf3ecb6cd2f8fbe92ef21ac695dbcf983464bb7f28c71ec,5b115a3aab3b11a81b8e3ce9b5f0f0dfa7bf8dce55709d11c302a91b9f6f43f9,
backend/internal/service/openai_gateway_chat_completions_raw_test.go,different,runtime_provider,0fe6e61e90468a728369d77e38122ce3566d982f320e71a632be48240b3d0f99,a7fea182c0c05c7d519eebf14198f3addfc047b13ed6b519ae90a1d826a4bba7,
backend/internal/service/openai_gateway_chat_completions_test.go,different,runtime_provider,4128fa434089f50a7947e5cab0c498e0d0536cc2818091d82add30a0248e15a1,b5e10e8ce50dca10d307b0597c43bad35a16f2c433f067c3b989bdabf6580b18,
backend/internal/service/openai_gateway_chat_preparation_runtime.go,current_only,runtime_provider,,b3c1585b5c893beb8e806851cdece596960580cc1c7bb9e056141b0a05b98efd,
backend/internal/service/openai_gateway_chat_responses_runtime.go,current_only,runtime_provider,,a0d4e31ee3956f51a43976e9002b2f9b04babb9eb2b3c15d40ef561ffb737514,
backend/internal/service/openai_gateway_chat_runtime.go,current_only,runtime_provider,,2b4c6d46b7eb5b9caea660365428368356cc8e2ca4b4a46ce5ac607cfb2b97ea,
backend/internal/service/openai_gateway_cn_fixes_test.go,official_only,runtime_provider,63a1817f8e19e6fb19328626c2881b6f0f065d67a290a5eb2f6245e06a1a1249,,
backend/internal/service/openai_gateway_compat_buffered_read_failover_test.go,official_only,runtime_provider,9af17d4d945d430b1c5fc822bef916e096f03c4a76da8399ca6768377cacd68d,,
backend/internal/service/openai_gateway_compat_cyber_test.go,same,runtime_provider,ffb25cf615c60d05cf41fae60e65e87b83907b1a75e30e91b7432bb3b7b586b9,ffb25cf615c60d05cf41fae60e65e87b83907b1a75e30e91b7432bb3b7b586b9,
backend/internal/service/openai_gateway_compat_runtime.go,current_only,runtime_provider,,9462af681940d9b29b1fff5ed31e8a952295bbf9b0573ffd1a85163428433ba0,
backend/internal/service/openai_gateway_count_tokens.go,different,runtime_provider,c84314252580ba888624656e235f8d295d8c36bbc4385935fe8b26f8516f2c63,a4ecb6792efdbcf9ca83757b4f1b2dbf9624f4dafd30c45c17162dcf1c31080f,
backend/internal/service/openai_gateway_count_tokens_runtime.go,current_only,runtime_provider,,7a39b6c440ec43417a55aa7a3af7603c73b3ae7b82040c6867f0cac2d5f9fa24,
backend/internal/service/openai_gateway_count_tokens_test.go,different,runtime_provider,d5c65c475653374b21912629a92d7c84edfecb856f78a14b614dc992a91fc05e,324c83f8ef5f27c2bc2a9906687f28fbafab66cacbd19da824365c519259d307,
backend/internal/service/openai_gateway_forward.go,different,runtime_provider,ae0d8f877c7766907ae8fb0e070f935ad330e1217a1673a4414ac8285f2d6883,ed2c2de6aed8261fb78c8da1cd07d881a21617c1bee4a72f3a39b9b70950e757,
backend/internal/service/openai_gateway_forward_preparation_runtime.go,current_only,runtime_provider,,54020100a6e40a7e7254c371abb1d44afcd14d3c03b8d77b888fc9764765edd8,
backend/internal/service/openai_gateway_forward_runtime.go,current_only,runtime_provider,,03a80f28946d297cf449fa1795785a52560a75b72ecb1d471de4889b1fdafa50,
backend/internal/service/openai_gateway_forward_runtime_test.go,current_only,runtime_provider,,cde2badcad3a56cea7475605cb5ce69e05c61f82b2c9671cbec708b056a87f05,
backend/internal/service/openai_gateway_grok.go,different,runtime_provider,b3b5dd0903dc1a322bce812be2135fb595fe6fdd4cf0f6679205778149437fb5,55f53eb24b61a44c3d23e34f957ab1054b3ffd91920b1fc59419be6c052f03b8,
backend/internal/service/openai_gateway_grok_405_test.go,official_only,runtime_provider,f3b0e804ac5479f6fe269b7d87918589f1fd4d85643e3fcbf62dfa359192dda4,,
backend/internal/service/openai_gateway_grok_cache.go,different,runtime_provider,2ea49f6aecffcd1d9f7157cbdb676eb986f2f3a449689f00a9f46caf4a3d5386,fda29ae67483bc39be52e1bfafdb2c6da123417cc50a47321d8827e2c3314b35,
backend/internal/service/openai_gateway_grok_cache_test.go,different,runtime_provider,dba13200245d8aa13ce6b2ea497ef5f4eef463fd5b1f361b145c473d361bf819,7d56301fccf655698a61da912ca6e4b4a9a8217696a41c2b918f8cf4241a815b,
backend/internal/service/openai_gateway_grok_cache_tool_test.go,same,runtime_provider,30ff460a8a2c44cd89416e9e77e800be7ec4124d1e62e02fddfcf079378fec56,30ff460a8a2c44cd89416e9e77e800be7ec4124d1e62e02fddfcf079378fec56,
backend/internal/service/openai_gateway_grok_chat_bridge.go,different,runtime_provider,febe241913b8a7e05ca548a486f8d329fc7fc3657cc828d62930e2aea1e740ee,5861133dad0f9e6ea9a93b94eb8314987539800351e3e6d2fbca3936a5112b28,
backend/internal/service/openai_gateway_grok_chat_bridge_test.go,different,runtime_provider,5668b24354a952fb6a0b09a230aa9858468b765b79b2fc2639fa35c4df668f11,76972716471c6b16b00dda31b7679f7a909e1361eb9c8117b58f425afcd20853,
backend/internal/service/openai_gateway_grok_chat_image_tools.go,official_only,runtime_provider,053a691e8fc608b98bf5093d97e2cb512e329152d513d7b93caa8ce9be030c42,,
backend/internal/service/openai_gateway_grok_compact.go,same,runtime_provider,aeab64eff0c8f187eda0da80de9106792409c64bab509e7e244b4bb8146ad4b1,aeab64eff0c8f187eda0da80de9106792409c64bab509e7e244b4bb8146ad4b1,
backend/internal/service/openai_gateway_grok_inline_image_tool_test.go,official_only,runtime_provider,4db25d6a9ecc5cbd79c4a6d3d18447490b224ebd9bc89285ea3c3c3d88bdf5f5,,
backend/internal/service/openai_gateway_grok_model_input.go,official_only,runtime_provider,9421d196b32aada11db0a8f401892cb3da2f4e4eb37018e9a30752838c330e32,,
backend/internal/service/openai_gateway_grok_model_input_test.go,official_only,runtime_provider,35e16f23edabc7e37b443fd2ffdd54e3a045633cafafecd4e7d263b12429ad7f,,
backend/internal/service/openai_gateway_grok_search_billing_test.go,official_only,runtime_provider,a0c3384ff6655df784490ab18de14d1041238a8e3470d35d940ad5a64c0196d2,,
backend/internal/service/openai_gateway_grok_sse_filter.go,same,runtime_provider,e00567f12c8dc0cbad594992899d4d44e35e31930e6b524214de40f467d8eb7a,e00567f12c8dc0cbad594992899d4d44e35e31930e6b524214de40f467d8eb7a,
backend/internal/service/openai_gateway_grok_sse_filter_test.go,same,runtime_provider,ae8bc11cec61e8f0694e34c22f0f929b27aa986654d4c5f9eb9e70909ca8bb89,ae8bc11cec61e8f0694e34c22f0f929b27aa986654d4c5f9eb9e70909ca8bb89,
backend/internal/service/openai_gateway_grok_test.go,different,runtime_provider,61a064f67025ff07ade77a2b5d300d288ca4b875e48820932f71820925bcc82a,8f4ab465ed8a7a817fa34db576ad3750adb0f6d2a67d11880cb8ce8ad6ac03c2,
backend/internal/service/openai_gateway_grok_tool_protocol.go,different,runtime_provider,e9efd52b064b55561ca01767b5b493be6f25d734331c6922dbcefe2adb85b9c2,7dc0d0a82ee2b4b9d542751d41c4c482487f1bfd56758d7346341ba43aa96092,
backend/internal/service/openai_gateway_grok_tool_protocol_test.go,different,runtime_provider,112106acbb474fb437421c24af65871109500cae022ab9b9068071de337a88c7,284db14317b7c1275ad94c6da262c6ac3503f28aac75a9a97bcd2d50f332dae5,
backend/internal/service/openai_gateway_messages.go,different,runtime_provider,a830e6db737f23a62095419734f7cec0141ca61996e1edbddd9b9526aae04f73,25aa1892d692ba7e2df344e1b2348e8101b4e2de315ebd4d44274796e0bddb6e,
backend/internal/service/openai_gateway_messages_anthropic_native.go,official_only,runtime_provider,aa9b61282958f1d94c945a0b836b39ffdee5322b12162229d9c532dfdb0bcd05,,
backend/internal/service/openai_gateway_messages_anthropic_native_test.go,official_only,runtime_provider,b3ba984362918e7ca2f3b46c5ca064a8ef13ed5de1d96b827ad2bbe356f84927,,
backend/internal/service/openai_gateway_messages_chat_fallback.go,different,runtime_provider,7b388e436f87d3295404b2266959ccff47f2d58934147b780f24534693ffd25f,9029b7a404f27ac080733395e53e071b1c6f1c79082e0218ea508ef70b2da682,
backend/internal/service/openai_gateway_messages_chat_fallback_test.go,different,runtime_provider,ff91aa225fb4e2a4f69364865c98234a6d753d035b9fedef5a7122988f36b8e2,a5f70a29ae3e66230651439d4c6dd749fd3f8850168afd5f99b7414204fb30ff,
backend/internal/service/openai_gateway_messages_failed_response_test.go,different,runtime_provider,055e920d8f344ded8c433aec8a7af76ce615f4790b02e3e533653182f8e895ee,b810fee608f5fcd266b089049020b9e16c33fe89a21acaffe83c0e9c3b5466d0,
backend/internal/service/openai_gateway_messages_preparation_runtime.go,current_only,runtime_provider,,e134052c1b0c10103b2a0fcdfe2011dfa7eb017e378104bcb8672cec98c8b3c6,
backend/internal/service/openai_gateway_messages_transport_failover_test.go,same,runtime_provider,f7c898f8c9716ac1259f1fdc1e9578c4b6ac5cecb208bde20ae0523657f2c80f,f7c898f8c9716ac1259f1fdc1e9578c4b6ac5cecb208bde20ae0523657f2c80f,
backend/internal/service/openai_gateway_messages_usage_test.go,same,runtime_provider,f463bb21cae751a1d8a388164d8f6d0fad02bb15d912ddcf8697fe6aa5016971,f463bb21cae751a1d8a388164d8f6d0fad02bb15d912ddcf8697fe6aa5016971,
backend/internal/service/openai_gateway_model_availability.go,different,runtime_provider,fe2b3fc4ada627f6468884d5e3977947761e2dc94317c5bee5a353c5783fe40e,0e5c3c14d830bd391e42c993a09a623fc4dec6b36bbe263dcf4cacbe31f1cdd2,
backend/internal/service/openai_gateway_ollama_cloud_cc_reasoning.go,official_only,runtime_provider,d83780e9287c9987a1975f8b5dbeb042ef4aeb4569554f85c06771b4ddd80591,,
backend/internal/service/openai_gateway_ollama_cloud_cc_reasoning_test.go,official_only,runtime_provider,88a83beec012d1e3a2d873b551b4bd275056f909952a4c404c85e7b598c022fb,,
backend/internal/service/openai_gateway_ollama_cloud_max_tokens.go,official_only,runtime_provider,4a16b3bdc4e1f3c49edce045d701de64a867d27cd486c4139179df492a7e1d66,,
backend/internal/service/openai_gateway_ollama_cloud_max_tokens_test.go,official_only,runtime_provider,9bdb862c18276a942d140b1c5086e8aa0ca1f3409bab03f514bf63a36dc60408,,
backend/internal/service/openai_gateway_passthrough.go,different,runtime_provider,33a2b8e69d283552940af14ba3c3fb13b3b714ce9717c9e339a1b6b5da26ea18,b408fa0c0593f7127b85dd92810723324e522c746f7b837527c515fcf718fcaa,
backend/internal/service/openai_gateway_passthrough_flush_test.go,different,runtime_provider,45bb17c2d780f1de8bafba9b07be02cbea69631525babdda6b1b6c3684eb5cd4,6b3bde942e829ab93607290dd12c8b8b37e9dd2510b261840b77304825aecadf,
backend/internal/service/openai_gateway_passthrough_function_args_test.go,same,runtime_provider,2fe3df57f76b366d3181865ea9841398b5db3ee1d1e7f7ae8ea75341df6f2e6a,2fe3df57f76b366d3181865ea9841398b5db3ee1d1e7f7ae8ea75341df6f2e6a,
backend/internal/service/openai_gateway_passthrough_image_intent_benchmark_test.go,same,runtime_provider,f5ddc30099100b4174402d690336ea5c203a81b7f993ca262b0e58f2a8b75ce8,f5ddc30099100b4174402d690336ea5c203a81b7f993ca262b0e58f2a8b75ce8,
backend/internal/service/openai_gateway_passthrough_image_intent_test.go,official_only,runtime_provider,464517c3a6f5ab7d152559e0dd6bc7b3e1619d4d4b1109cfd845abd16eb97f91,,
backend/internal/service/openai_gateway_record_usage_test.go,official_only,runtime_provider,a2f8d36b575eaa8f8afec702c77b601a4d8f6daee635fb5159862a86f74e5d05,,
backend/internal/service/openai_gateway_request_body.go,different,runtime_provider,eae1826f6f173dde6e11930dc1c1e5f6c50faeaa7a6e0e8c90db1f02916d0e36,4603cf5545af7329fe7d6f565b2f10e2f2ebb194a0b9f4dfe8e1da5967169719,
backend/internal/service/openai_gateway_request_body_reasoning_test.go,different,runtime_provider,63654f83c39af880f1c900d95454ff3369159d7992007b77d82ecd31a3f7c41b,d81311b8e87bd730a9a90ee69d02f17930850b4a1a4c404c00f65cc51bdebd2b,
backend/internal/service/openai_gateway_request_runtime.go,current_only,runtime_provider,,72c667d5372f1593067875c080bf17d276b3b3e646de78390e853f69bec3c1f4,
backend/internal/service/openai_gateway_request_runtime_test.go,current_only,runtime_provider,,0f4d3f04eb6f3d245cf0c2a98d257ef598fd27a01910984129302860ecda9267,
backend/internal/service/openai_gateway_response_failed_passthrough_test.go,different,runtime_provider,9b2f9dcc281ceb3330ba8ed9916f0b40d30e7dc862f1fe80769567a4e5c72f04,52f39889a57b967f9fcebd6ecd0aa4054b1abdc128a2ab2f951ae07489c3eb0f,
backend/internal/service/openai_gateway_response_flush_test.go,different,runtime_provider,e3f105a3bb0af29727cfa5bcf07f21d6efe69b901a7eac93bcaf808f2dce84f5,cba8860db12519e4ff5baa1970d35125b99e081f637035e2dab53020485dec33,
backend/internal/service/openai_gateway_response_handling.go,different,runtime_provider,6b674e967eb6fdf27776357994d98e7148f7b73acb8820e07f9ddbe323d735d7,72a5e0bd226cfb8478209ad066281c61d7ed631e79556171fadac1580fe9f14f,
backend/internal/service/openai_gateway_response_handling_image_usage_test.go,same,runtime_provider,c2c4fae200eeda0a992c6b481cdf107ed74298ba234de872472a3c9013720f93,c2c4fae200eeda0a992c6b481cdf107ed74298ba234de872472a3c9013720f93,
backend/internal/service/openai_gateway_response_handling_type_test.go,different,runtime_provider,f0b97de10f9784a49a71e5e7c3d9db1e9e36c14efb6aa2fe9386f1cfa4d0403f,da6e9162690cee68d21efc1e54044f2829464317f860b406c962532237806871,
backend/internal/service/openai_gateway_response_runtime.go,current_only,runtime_provider,,73105f321782c6d5082b392f2a0212506a1599e3536947237c9feb76f89e273f,
backend/internal/service/openai_gateway_response_runtime_test.go,current_only,runtime_provider,,ea3fda495c6749d4efe0ef65db6fce9cdab810a62e3f295eea24b116c6182a09,
backend/internal/service/openai_gateway_responses_anthropic_native.go,official_only,runtime_provider,0c7ad5a500b3681dffd50f2ba5f458f2c54f1323e905d2e126fa028c21fc94c7,,
backend/internal/service/openai_gateway_responses_chat_fallback.go,different,runtime_provider,b4351d4a8c806a18934188d9cc3d54f46a512895bc404685deaf89ed6f98db16,5dd04bd52e05b6c5bca0b5834ecea8ea9a4b46e7504de8e005122e7b6406b535,
backend/internal/service/openai_gateway_responses_chat_fallback_test.go,different,runtime_provider,4bd3c421660224bd28c19c4c412da2c18a046853f9646330030f47facaf25c1d,8f9bb5cd506b779fc5e784945c97b65ee2b0ec0d1fd5f261823af822583e8ce0,
backend/internal/service/openai_gateway_responses_client_tools_test.go,official_only,runtime_provider,fbeaf5e1c928c07977082296d09fd241e8b9ddfb165d2632c2559d582c748d4e,,
backend/internal/service/openai_gateway_responses_empty_completed_test.go,official_only,runtime_provider,f2f040928420426b87dc938cbdb411ed3a7b30d59d483598aacb9772bf6ce25a,,
backend/internal/service/openai_gateway_runtime.go,current_only,runtime_provider,,abfdb146a04e33d6b997cbfd7dc1c7ba50e3be808e5b2f4f057145651b0164d2,
backend/internal/service/openai_gateway_scheduling.go,different,runtime_provider,8b485bac0d58ec8a4653a8f6c30e1b453ed349b7a44ebe1d88f1fd406528b923,11cae7675ad548ea4e40674620656725bbc20a2ade775a4d6e403177f1b1d84d,
backend/internal/service/openai_gateway_search_surcharge_test.go,official_only,runtime_provider,a08cdc0881e79851df9f0dedb9cde8d3bc54592261b88d057569c229dafe1f35,,
backend/internal/service/openai_gateway_service.go,different,runtime_provider,7c8628cd0e5170a3800a81beebf0bf7c01d454c1b927f327eb1112fb330d444c,12b11e8adb76ed3d426c94fb7358378ccdf657618d3b7f821ab2b50c68ffa4ec,
backend/internal/service/openai_gateway_service_codex_cli_only_test.go,different,runtime_provider,3676edb1c71d027b1a8c90e61824cfe9982d80a517bb55a32d44b4ff8ec9f813,757fd0f9787e4682c62281357d8e4f80b0eb48963b94d8485635eedbae0b72e8,
backend/internal/service/openai_gateway_service_codex_snapshot_test.go,same,runtime_provider,7cefe7158b765d765e1c817d03a0aaba3c2976d332f6ca88337376b7c6a6b6b5,7cefe7158b765d765e1c817d03a0aaba3c2976d332f6ca88337376b7c6a6b6b5,
backend/internal/service/openai_gateway_service_hotpath_test.go,official_only,runtime_provider,d563532cf7830430931c38578ab0215b3ea400af59f3dbd3ab9e610daadd4d64,,
backend/internal/service/openai_gateway_service_session_isolation_test.go,same,runtime_provider,4e6678ada471a194242110a19a40ff436271053db00ad5b2dc249cbe9575b75f,4e6678ada471a194242110a19a40ff436271053db00ad5b2dc249cbe9575b75f,
backend/internal/service/openai_gateway_service_shadow_token_test.go,same,runtime_provider,eee541b965a41ae3b3154bae05615ba195175fd38517f2d9428bfcf46e54e35e,eee541b965a41ae3b3154bae05615ba195175fd38517f2d9428bfcf46e54e35e,
backend/internal/service/openai_gateway_service_test.go,official_only,runtime_provider,ecc57c33569458871703a24d52f427c169726e00eb52f6bad3764e15f69f3e87,,
backend/internal/service/openai_gateway_service_tool_correction_test.go,same,runtime_provider,3936b7442b9622ba4feb9c8930421d9842dbd3330715c733e8052553dc060696,3936b7442b9622ba4feb9c8930421d9842dbd3330715c733e8052553dc060696,
backend/internal/service/openai_gateway_stream_runtime.go,current_only,runtime_provider,,be2a416145830f52e8247ab59bc2e014324de14ae5628caa1bd7d0f793ac29eb,
backend/internal/service/openai_gateway_stream_runtime_test.go,current_only,runtime_provider,,95faafcf93f747b3c6589d0c783908d563c9c97ae9a2864021492f3107b67f06,
backend/internal/service/openai_gateway_upstream_errors.go,different,runtime_provider,d97b534cd86d762ac858e382a5b048543065697ff9c32cae7b0055aaf2afaa93,94d95cb5ac44f0cfed124c27cd5570462b0eb7073802ab4c54a43a06d3ac878c,
backend/internal/service/openai_gateway_usage.go,different,runtime_provider,19979f717d1e5fc0aa0c59bca6708b5d7ae214ad8a0c5bcf01a26e16d0d63306,185e7b28957f8529ff1f805110b7241bba44e837e08e261914a3b3c1fd6650c6,
backend/internal/service/openai_gateway_usage_integrity.go,official_only,runtime_provider,495709331475b3d1d8b541efbb509cf0f928c763e45bca2698aefd84408184ed,,
backend/internal/service/openai_gateway_usage_integrity_test.go,official_only,runtime_provider,02cd0cf93aa61c4576a7883eb15a526cc05e5b1360099fbd6b27de5da1e2b929,,
backend/internal/service/openai_gpt56_max_test.go,different,runtime_provider,ac2baa6d7596f48d705c4193f83db96926f71bbd22db33c37dff0ba0576724ad,2349c9e92b40b34344e8704727f22c63c8b5053f8d8677f2f902de33c177dd1f,
backend/internal/service/openai_guardian_affinity.go,official_only,runtime_provider,c1ed7785ef3ce96f50bcef739c6d70a84abc512da22e933c78f6cc557483c01d,,
backend/internal/service/openai_guardian_affinity_test.go,official_only,runtime_provider,75ad41e7400f90b7a2ae091a19027cee2a372e622197156bf17022c3b95c9384,,
backend/internal/service/openai_image_dimensions.go,same,runtime_provider,0e44f000b68431895d1c139873253c80e890bf52b70bc6144557ed11c0087d5f,0e44f000b68431895d1c139873253c80e890bf52b70bc6144557ed11c0087d5f,
backend/internal/service/openai_image_generation_controls_test.go,official_only,runtime_provider,be4c7b7ccd0753c615725c7e1d43a41f85f4a5717e54483e8e9f5acdb6390ecb,,
backend/internal/service/openai_image_intent_hint.go,same,runtime_provider,3dadf93022b028ed764fa3a8376b38397a7315bf75f181f5a3a88d653a55a3c9,3dadf93022b028ed764fa3a8376b38397a7315bf75f181f5a3a88d653a55a3c9,
backend/internal/service/openai_image_intent_hint_test.go,official_only,runtime_provider,59ce74a3b7cd9b03ba4d87d963caa83c3b7ac6f53f55308ea473cc150cc70948,,
backend/internal/service/openai_images.go,different,runtime_provider,44e8422e27f46430a069cc16aeabbb9ce4155124fb3c2e69ca75cb870071ea44,639a1d0f257db5ccb4650681a12ca8a40c1a9939cdf683a56b60cc4b5d2c7cf7,
backend/internal/service/openai_images_actual_size_test.go,same,runtime_provider,53189195a06575b71e0464c1f44ac410bce6eb29f68092aea49d2200a9e82f63,53189195a06575b71e0464c1f44ac410bce6eb29f68092aea49d2200a9e82f63,
backend/internal/service/openai_images_incomplete_test.go,different,runtime_provider,7308406655c2730e41b66c4181d156c89e8781cf3c5545e72e4d82e47cd0f456,12b8f26f5f4cfd4bd2bdfe1c78406c47994f077e6ed75894b214c62809c00bcd,
backend/internal/service/openai_images_json_keepalive.go,same,runtime_provider,36a6a945fed8a606963b65912ed1eed667325ff74e2f20c68672d50f7fe0ed5a,36a6a945fed8a606963b65912ed1eed667325ff74e2f20c68672d50f7fe0ed5a,
backend/internal/service/openai_images_json_keepalive_test.go,same,runtime_provider,7c864a5836e175c4404ce43afa072a454375af87e963c494791013916a443377,7c864a5836e175c4404ce43afa072a454375af87e963c494791013916a443377,
backend/internal/service/openai_images_oauth_unavailable_cooldown_test.go,official_only,runtime_provider,b182731a55e646a03be7cae790b43363b84b83a07f34a99cce0eaf1168a8bcc9,,
backend/internal/service/openai_images_responses.go,different,runtime_provider,323e497f3d9bb30a004b43e59f648e15722492da25e15e71bbb72c539298d0aa,25c4ccf25abf5343be7a372608dee025832e3bf293cdf59e2639b72d399f7adf,
backend/internal/service/openai_images_runtime.go,current_only,runtime_provider,,d91f3a2e626b4a98ca014e77e4298d4fab07f61e42557d4bef1a83187ecf553e,
backend/internal/service/openai_images_test.go,different,runtime_provider,8214230626cf122f86898f7a59e157f766dfff157b3841a6c32cc47b52a0fccf,e9b83361515ae5a00d2d156da2947fc1c7761eb1e45e60ceff2877f8f4743aba,
backend/internal/service/openai_images_tool_cooldown_test.go,official_only,runtime_provider,4f1b483b25cc58b54b1a96003cbd64a440c966b91dca3569b3f9abc3787be189,,
backend/internal/service/openai_images_upstream_context_test.go,official_only,runtime_provider,39b8c47368bef424739ae8955b68fd9785c908b9a62ab0c25063110ede4f6f6f,,
backend/internal/service/openai_json_decode.go,official_only,runtime_provider,592b4a1f21684985547927fbefab4e7194883ff835f13d305b74a8dfb117c488,,
backend/internal/service/openai_json_optimization_benchmark_test.go,same,runtime_provider,051b5a2b06d901e23d3389cf1dfeb6dbb49b4e3f27e5b8142052541c113c284d,051b5a2b06d901e23d3389cf1dfeb6dbb49b4e3f27e5b8142052541c113c284d,
backend/internal/service/openai_live.go,different,runtime_provider,ec084fcb0e698030ea46d2a08f0f6d3efce57de6be7b965175b6a26ed2f9dbe4,8317ab22934565b8ecc2317e0724c7626024feac7c5f74373514ef5589f11439,
backend/internal/service/openai_live_attestation.go,same,runtime_provider,2418b579ac7738b702c54ee201da846bd425e791666bc1a749dc9d5dc609640b,2418b579ac7738b702c54ee201da846bd425e791666bc1a749dc9d5dc609640b,
backend/internal/service/openai_live_lifecycle_test.go,different,runtime_provider,5b6567d892ccbc2d1e5943aa983e009f8f4e1cfe89e79febcee1aa7d686bb74d,cd4a98c98cdd8da1e272b09281a48d92e8630094e7074313ee50b61b6dac6a7e,
backend/internal/service/openai_live_scheduling_platform_test.go,current_only,runtime_provider,,88fa71b8bb64f43e8dc057128e7f02a728689868555a85868bcb330f3d860464,
backend/internal/service/openai_live_test.go,same,runtime_provider,23bb39b8306e869249d738edd86477d74239f7a41abfc02353953cc8b9320dae,23bb39b8306e869249d738edd86477d74239f7a41abfc02353953cc8b9320dae,
backend/internal/service/openai_live_types.go,different,runtime_provider,a9a8d48fb5ed319a9f9cb71749f25f43c00335648f70524ab60183917f2b81c2,bccaf685e52a897f6fe54c9adfad39c7900e4165104caa85773af8fb96e81f92,
backend/internal/service/openai_messages_bridge.go,same,runtime_provider,5e4e2f98a46ba1d6b7cc4581fda17a781b41a852d27745910512ae19accc8818,5e4e2f98a46ba1d6b7cc4581fda17a781b41a852d27745910512ae19accc8818,
backend/internal/service/openai_messages_continuation.go,same,runtime_provider,6e098f78c3c00849d4b88a477aeabe04736028d4bb7ed58fb53ad24659a65576,6e098f78c3c00849d4b88a477aeabe04736028d4bb7ed58fb53ad24659a65576,
backend/internal/service/openai_messages_digest_session.go,same,runtime_provider,c807820a1a3275b5b88efe213ba1511f790da9469ea51092a60001b9778b2a00,c807820a1a3275b5b88efe213ba1511f790da9469ea51092a60001b9778b2a00,
backend/internal/service/openai_messages_dispatch.go,official_only,runtime_provider,892ded5605ff1c8d6de5d63eae2a7f0a61aaeeb836c5a2d53d28262e1104e309,,
backend/internal/service/openai_messages_dispatch_test.go,official_only,runtime_provider,c4a1de09b5913b4379192d5f5baa217f7b4e997c11ae29e94a9b007c0f3e0d25,,
backend/internal/service/openai_messages_replay_guard.go,same,runtime_provider,5b03ee8b2db0474ede823317ebc613ba63b86fd3904e57199f776e6403a05f18,5b03ee8b2db0474ede823317ebc613ba63b86fd3904e57199f776e6403a05f18,
backend/internal/service/openai_messages_replay_guard_test.go,same,runtime_provider,22182c5aa879a01417d74d9bb63f2ce54ae60e40e1d7b3c54fba21742a7b0da9,22182c5aa879a01417d74d9bb63f2ce54ae60e40e1d7b3c54fba21742a7b0da9,
backend/internal/service/openai_messages_session_runtime.go,current_only,runtime_provider,,309e3756b0a34c5c0329dde542235026953d9b6b7db2808a86527ed975e99095,
backend/internal/service/openai_messages_todo_guard.go,same,runtime_provider,40b85820b38dfa527996085cb372a0fe36e088b17976c5337269cb5af94bd8c2,40b85820b38dfa527996085cb372a0fe36e088b17976c5337269cb5af94bd8c2,
backend/internal/service/openai_model_alias.go,same,runtime_provider,c570e4615dfc4ef34a3008c13f2130c2a82a448816db5b41ac0f351b3fcdde8f,c570e4615dfc4ef34a3008c13f2130c2a82a448816db5b41ac0f351b3fcdde8f,
backend/internal/service/openai_model_alias_test.go,same,runtime_provider,47d55599458f48255c042628ba74d26c97082adfacfe97a40092e5f2c2f2924e,47d55599458f48255c042628ba74d26c97082adfacfe97a40092e5f2c2f2924e,
backend/internal/service/openai_model_mapping.go,different,runtime_provider,afc5065731dd3b2932f58b182b67f81bd325f671e8d5aaa72fd2dd0c05ac5649,50ddf76a8073c2f2d6e939caef17e5debe31b7b2248440ea071b4e9f4baa1afc,
backend/internal/service/openai_model_mapping_test.go,different,runtime_provider,cb9c0247e1c9ad3d46c30b7b41ef691909a39f0d3a37c468155fc818fbd311bd,f6f9e7df24cb235df2703ab16fb2b623b2257c15897c79105aba0417d26eb171,
backend/internal/service/openai_nonstreaming_terminal_failure_failover_test.go,official_only,runtime_provider,971102d9f81ad091507ac58c9b20f7808b6a4753db329866c407c6ab5ea6dc4c,,
backend/internal/service/openai_oauth_model_support_test.go,same,runtime_provider,95ef90ecfe06885c4a6a393b384eb9e5a6d8ca32caf17c49dd75bbd7d54ea0d9,95ef90ecfe06885c4a6a393b384eb9e5a6d8ca32caf17c49dd75bbd7d54ea0d9,
backend/internal/service/openai_oauth_passthrough_test.go,different,runtime_provider,5294c3301a7a5c4c2370ef59d53f2fb91b286e3a66acc43c3e3b80c12a7cf292,4369f63f3289875b9f27bc71751ff7986e4f1461df960bfdb1ebc32382001296,
backend/internal/service/openai_oauth_service.go,different,runtime_provider,f695d871a37e46b620265b6cb51e22ab8a210c9b5e9ba60e4bdccd59b37b8028,18c3b0a5f4b62f1993aaed8289e7e95fbe2fe662e33f541f8086420ea22e0f78,
backend/internal/service/openai_oauth_service_auth_url_test.go,same,runtime_provider,f1f6133019db86094562b4494c97559ae9219dc2dc2cfd2af7b49c54b8c8174e,f1f6133019db86094562b4494c97559ae9219dc2dc2cfd2af7b49c54b8c8174e,
backend/internal/service/openai_oauth_service_refresh_test.go,different,runtime_provider,7bf90221d69c47de9c5bced2166403ee70e9f18a6fe86bf0fb38f7f1dce41627,5fd8ebb2f4fb3c8b498422291759d84039a0f51e717534664d199b97b9ef1747,
backend/internal/service/openai_oauth_service_state_test.go,same,runtime_provider,8979a2c7ecec9670c923f3ee5e917e6e22c4166276c1a8edf5e94c85bd420f86,8979a2c7ecec9670c923f3ee5e917e6e22c4166276c1a8edf5e94c85bd420f86,
backend/internal/service/openai_passthrough_normalization_test.go,different,runtime_provider,d06cee4cacb6d7cef832271a76644d1d0cfc9dc32fad63b179c554de818b3fc2,d3ff8ac24bca54b68d714e8d62352a8e1c6f0750ac983cab7f3b3c9c5810034b,
backend/internal/service/openai_passthrough_preoutput_keepalive_test.go,official_only,runtime_provider,89034a0fc7a8457440114de14ac1cbed1441bd4219fa065821c65aca89890b0b,,
backend/internal/service/openai_plugin_transport.go,official_only,runtime_provider,b0955a1b86682d4dc0736f7e992089dab0034460ef7b781e3408a3bbfa9b079e,,
backend/internal/service/openai_previous_response_id.go,same,runtime_provider,0ddb6734a3691d03b8492c7f4c7647be3928ac9924a916b9d4e1a494bd06fe47,0ddb6734a3691d03b8492c7f4c7647be3928ac9924a916b9d4e1a494bd06fe47,
backend/internal/service/openai_previous_response_id_test.go,same,runtime_provider,6f65e5502355e8c0323f4239f52adcbdc9f704091921d283e29fdb8500932052,6f65e5502355e8c0323f4239f52adcbdc9f704091921d283e29fdb8500932052,
backend/internal/service/openai_privacy_retry_test.go,same,runtime_provider,47bbf0f46023212fe14b702c3c65218bab39ac92ad9ba5dcd9193ef6ce1b2152,47bbf0f46023212fe14b702c3c65218bab39ac92ad9ba5dcd9193ef6ce1b2152,
backend/internal/service/openai_privacy_service.go,different,runtime_provider,df62e3c3bae878089f40bffe59e7cca0f0b2f8e9b5ebaa68801414ae1b829932,712e2a4836e0902e21276d1e6618f47cc50c8113d78ce13fceae701af34e3a89,
backend/internal/service/openai_profit_control.go,official_only,runtime_provider,c62cf1e31b92f7946a565529bfcf889ed9bb0368eb30f30060bf66ec0cf9a0b2,,
backend/internal/service/openai_profit_control_legacy_diagnostics_test.go,official_only,runtime_provider,91d2886bd7f57a3edf8fbf34fad70726cc4eeb8dbf3a196848150c6c0aab63ee,,
backend/internal/service/openai_profit_control_paths_test.go,official_only,runtime_provider,a5410fe8683177539c8b93b78e2002ac68670842a5b708d3459a9074cb54c4d0,,
backend/internal/service/openai_profit_control_pricing_test.go,official_only,runtime_provider,c90e1b58f4d1bf925f0409640d244f4d6d2de0d6c5976062f87ae9853d60e20c,,
backend/internal/service/openai_profit_control_test.go,official_only,runtime_provider,e13d7e92772d7d875be77ae63c6c85f3706a7fb4be088600bf70341147019b0d,,
backend/internal/service/openai_proxy_stream_circuit.go,same,runtime_provider,a21d91003fa11dff3b3db5ad086d7a17a3da0337a9248cc57786f35dd17da4f3,a21d91003fa11dff3b3db5ad086d7a17a3da0337a9248cc57786f35dd17da4f3,
backend/internal/service/openai_proxy_stream_circuit_test.go,same,runtime_provider,95bae68665070c863bb6db62615efb35fd57e4cc264237f10460fd4582f75371,95bae68665070c863bb6db62615efb35fd57e4cc264237f10460fd4582f75371,
backend/internal/service/openai_quota_auto_reset.go,official_only,runtime_provider,64754ab838483d7546ebbd030b6b5dfe5d99393a2db3b0aa4cd198dd2c37c380,,
backend/internal/service/openai_quota_auto_reset_config.go,official_only,runtime_provider,addc4a388baf1c7581d9b8138eff7534e73dd70c311684254059dd2cce7055b2,,
backend/internal/service/openai_quota_auto_reset_test.go,official_only,runtime_provider,eaf8bed4029a2e0c812197f8bd71b51c05c7bb120d21c68b8298514ae9bb69cb,,
backend/internal/service/openai_quota_reset_credits.go,different,runtime_provider,323aa8a4876f3fd594bce02d4bd9ee5c18d13f83dfe0036d472ce6030753e86f,5045d40d2bb0de76245cbde628044431150856c10b92d2c06463f529226c0026,
backend/internal/service/openai_quota_reset_credits_test.go,different,runtime_provider,3a07453eaef15a35e977e9e9b14ab891a253fdec03b29e48894ed4ebe4bf48c2,e1d68076b4d340976e812fcab6019f336ff23dd364ced714256c3e88ea879f55,
backend/internal/service/openai_quota_reset_workflow.go,official_only,runtime_provider,c354f265646d295e0ab5c310a31544ca09248443074eb76fb6aa7facd27aaf73,,
backend/internal/service/openai_quota_service.go,different,runtime_provider,fc8b8959bf72364ecd2b98cc2d9e2bbe464ad2e37b55b2961b04311731903e4f,6e1b723506ef8a7a7c6adece5529bf321a2daf3d733ce6fb508a0b08a7d6ca65,
backend/internal/service/openai_quota_spark_window_test.go,different,runtime_provider,97cb812a83b8794d9de0b6ef218c1e934806eaf177087f56b558830380bb04a9,08d8a6df9a972c680d8df3c0df49165a6347cde95261c693a25efa9e6618308e,
backend/internal/service/openai_raw_stream_truncation.go,official_only,runtime_provider,df6322feca5ebab3bbe0febb2487e0bbcd0107c305cc7eabf363818e77b50188,,
backend/internal/service/openai_reasoning_cache.go,current_only,runtime_provider,,9201e0d41be5f7df6a4b858206a442561d69b8b10a6e3fff96336928c75134c2,
backend/internal/service/openai_reasoning_effort_candidates_test.go,same,runtime_provider,7f9142cd025a9851819342c5a89431d0c52dd7dbfc268b3b040be69ea6826fc5,7f9142cd025a9851819342c5a89431d0c52dd7dbfc268b3b040be69ea6826fc5,
backend/internal/service/openai_reasoning_effort_policy.go,different,runtime_provider,d4f8247d421ae17e60f42bb2752b04ab064153518a24b9bdedc465b6f7c88761,986e2ade1c58cb9773a520010bf48a5b7b657370fbc8e88cc5fece006009ed4d,
backend/internal/service/openai_reasoning_effort_policy_test.go,different,runtime_provider,958ed63fccf4dfb67c8e2c1ecc3d4e70bff2a4c2da949703a2ec647e3e97ec73,da8d7dfe0ac056874674cb19b92beaf2aab2af6ac246663e126fd8af474e3bf7,
backend/internal/service/openai_request_body_limit_failover_test.go,same,runtime_provider,b0112438dc109c77bd0ef25f864e62c4b7d9f6957bb25c54d2492b6fb8520e82,b0112438dc109c77bd0ef25f864e62c4b7d9f6957bb25c54d2492b6fb8520e82,
backend/internal/service/openai_response_terminal_usage_compat_test.go,official_only,runtime_provider,9188a7be11f5974764a12a28b2931db106dd94d145120bde25df90c53a60ae5a,,
backend/internal/service/openai_responses_ingress_compat.go,official_only,runtime_provider,f758afe692a25d284a52cfecb9016f223d4bf7862fcea3e070d0a3a820ae247a,,
backend/internal/service/openai_responses_ingress_compat_test.go,official_only,runtime_provider,5535f7d544116bb8271af023d8af96861577b6d2615048817414f472097dc2eb,,
backend/internal/service/openai_responses_input_compat.go,official_only,runtime_provider,9aa5009a897880aba34993cd2edecb7f11d56d1c52f3ddfe046eceb3ea2ae22d,,
backend/internal/service/openai_responses_input_compat_test.go,official_only,runtime_provider,c7b42421a3449aeccfad9092a7c1f7cf1b1adb677923f70cb0197ed63b973f89,,
backend/internal/service/openai_responses_input_tokens_legacy.go,current_only,runtime_provider,,c8286816b9698e7798eedce83b86607bc20619673f28808254478d1d891ae180,
backend/internal/service/openai_responses_input_tokens_runtime.go,current_only,runtime_provider,,26cadb319417fcc30aecc3e8cd5c25a79cb7ea55b63e1162a66daa433e976df8,
backend/internal/service/openai_responses_input_tokens_runtime_test.go,current_only,runtime_provider,,9b440c9bcaebc8d7d15f58118a3273fa852a5e4e3599795c27ae416db397f4a1,
backend/internal/service/openai_responses_input_tokens_test.go,official_only,runtime_provider,cc782e82324c9aba4cc576601548d894637d30f9218f5801c9d04c00713e20e3,,
backend/internal/service/openai_responses_item_id.go,different,runtime_provider,164bb97bfb10b285f5365a003e5bdced32050544203f78fd0f2e050bdd47035c,37b465873a9b2c6947261ef2564031de2f667df4ff54a5045573954be76fd028,
backend/internal/service/openai_responses_item_id_test.go,official_only,runtime_provider,ac555fdabaafd2cf325334338976786a2798789961fe6ea7f1e9190e7534d031,,
backend/internal/service/openai_responses_lite_tools.go,different,runtime_provider,5e2ab13bda89347ec65e54f5ff9476fd823a9c32f07dbcc7bb27a8ac82f52f0f,422581ab4966c0985eea46e1d13e1d70f127f019738c1630e8dbfb5e363f6110,
backend/internal/service/openai_responses_lite_tools_test.go,different,runtime_provider,066309bae29940b63554707be3645e3d0c7a0b0ba972669dd6ba6e3004a9b67a,e757a9ae8a8133e30eebeec41784e7caf1e527ab20cb891e9def8f45a496ef24,
backend/internal/service/openai_responses_namespace.go,different,runtime_provider,f3026cd3418a87a0d80b056decccdf5a670dd7f07167664af9ac4cab10a9eeb0,73d4845019645b392d8620e84c2499eae43a2832c1675e0b234cb200c3fddea9,
backend/internal/service/openai_responses_namespace_forward_test.go,different,runtime_provider,34af9dd4366fadd4d61d86d9a5756daaa2d979d36aa2a85c368eaed2f3ca3550,d5eaac2ecf7bc2f847b24552e799f9a371ca16654128573f8848b1467052a9e0,
backend/internal/service/openai_responses_namespace_test.go,different,runtime_provider,fa95f5ea5ee0bce68a73a52620e328bda15a65d1457283b46ec8ea39a371fdff,20736cf07ebdae0753521b62474a0fc011242b18ef111f9d653ea8236b5bc493,
backend/internal/service/openai_responses_rejected_field_retry.go,different,runtime_provider,bbbef34d428cdc6a6ad5f2cdc197f97d227c4be6c3a738fa9a96a3371e998011,fbc984914cc6096cd3315bf1de0ec2a1ef56fee02d982a00a274853e318b22fc,
backend/internal/service/openai_responses_rejected_field_retry_test.go,different,runtime_provider,fed0f6b78cc34507f4b983a3e8e28180a99ccaec63b65e450f643e6803b3d9fc,00505709b12af089cfd8ead91ce1c385bffb640bfdd8afce1d25de287747467f,
backend/internal/service/openai_responses_stream_output_items_test.go,official_only,runtime_provider,f3e74ae37eb7533d72b28e03a6b32a3224df73f5d7e5661def16c8096b92bac3,,
backend/internal/service/openai_responses_tool_schema.go,different,runtime_provider,252b0a486871c459e387f2209f2f3a4b5bafd25132d1564378706e71f2783ca5,edec7643369a2127de177998dc76d1a567f673792564382c98a1cfb0459d7667,
backend/internal/service/openai_responses_tool_schema_test.go,different,runtime_provider,537f158d7135c6bc981bcf78442819c81aabad0b74cd19f486555ac17c8b8d40,7b9aa36827c9f578f23e91a22837b1e37a2080790f6dc31a9eb689b9dcf913d5,
backend/internal/service/openai_routing_hint.go,official_only,runtime_provider,7091c857dc6cab625e5a3a46253e55642743ceeb6961a4af4e7dc8e3886dfe94,,
backend/internal/service/openai_routing_hint_test.go,official_only,runtime_provider,f3f859bc05451ed579c9a2f97029ffa0d6f70a4b9701e85e8c4a8350d540287e,,
backend/internal/service/openai_setup_token_compat_test.go,official_only,runtime_provider,3260a5988f02dfae123bdd7ce02e7f96720b52f1f4c61433c4e76423e6095d38,,
backend/internal/service/openai_silent_refusal.go,different,runtime_provider,7cadab5b3687062c2b53584f080ee328e3e59adc0a16c1902370f989b7750b8c,dcb32373ed0f89b44bea7b217b7e6e0ee7d947914584ca30c9988014b85ea8e2,
backend/internal/service/openai_spark_shadow_parent_health_test.go,same,runtime_provider,a5d43aaf3561d67611bc1f9d64ade1bb5b221bed5ac5d5c89926b385681cebda,a5d43aaf3561d67611bc1f9d64ade1bb5b221bed5ac5d5c89926b385681cebda,
backend/internal/service/openai_sse_concatenated_json_test.go,official_only,runtime_provider,a508e806a7a5c8b96e84713ffbcb5958aaadb7d5cf0ea464871744c83ef97774,,
backend/internal/service/openai_sse_data.go,different,runtime_provider,0737d30e5a910a552e73c1d2456ee01eb8500c365c7019e5d1b62cfaa8a936d8,70f8fa57b774461e4c9fd4f3ad00a30a30d6a885ae60301b352e13fc66822d01,
backend/internal/service/openai_sse_json_documents.go,same,runtime_provider,4145756388349d88374be53bcb2b882e728b775471d71418cff9781a3b6d8a26,4145756388349d88374be53bcb2b882e728b775471d71418cff9781a3b6d8a26,
backend/internal/service/openai_sticky_compat.go,different,runtime_provider,19c89d40a3efe24ae4878264b98123157647f84a1cf0d7e10623ec984e13b004,1f52819f4d8995d262b30df96e93b6febe606db6a9dfd8c433fc182a8f9ab554,
backend/internal/service/openai_sticky_compat_test.go,same,runtime_provider,317511b8b22e74ac5c7038f57c0f45a769b6516743441a597787a643bfa66196,317511b8b22e74ac5c7038f57c0f45a769b6516743441a597787a643bfa66196,
backend/internal/service/openai_stream_read_error.go,different,runtime_provider,e26e33a572673db01464eeeb74fe8c9119d0852c4b7400c15e1c111587dad207,7ddd9f7d26aabcae78bd34a3453b0502eac753faf744fac14e2c2bafa93b10e1,
backend/internal/service/openai_subscription_test.go,different,runtime_provider,241b1fba1b7f021f399ddb2992f9051b3a0b4854017eb0873856e2a8af749df8,863018748153b9eea650985a4a29ed661a544b9a613729b40b11952add73151e,
backend/internal/service/openai_team_linked_error.go,different,runtime_provider,ee0fa292f872398fe53b455393fb2f153da5594762ad7b032593317b8a81e4a5,fc4f9edcccf86a6f307e0f1be0106d3a49a01578a2a325012c639fb8d2f755f8,
backend/internal/service/openai_team_linked_error_test.go,current_only,runtime_provider,,a7d8d6bde094ec6ceecff73b04e58a97a7a05a20ba80a28c886435c789e7df2e,
backend/internal/service/openai_token_provider.go,same,runtime_provider,5a88259bc6f9fe2474cfae081bb5d6d1c4bd2173d631bbe31d1f0dd202a96fff,5a88259bc6f9fe2474cfae081bb5d6d1c4bd2173d631bbe31d1f0dd202a96fff,
backend/internal/service/openai_token_provider_test.go,same,runtime_provider,c5487775aee3405410e97b83c821a2ea275aff7eb4b9f5a05bcbbab6dfa29e61,c5487775aee3405410e97b83c821a2ea275aff7eb4b9f5a05bcbbab6dfa29e61,
backend/internal/service/openai_tool_continuation.go,different,runtime_provider,d914256794938b4b5c6fc48cbaec7e8705a89836332fcd1a742b59b396afe6c3,46ac932ef64f53cacc08a6ee512001cb99f4ae21f504e7467c7b22baba949f6b,
backend/internal/service/openai_tool_continuation_test.go,different,runtime_provider,9147a614bdd10d5f5327b0e523b36d7fdd6545cb9d505693571ee1fdf8e49616,70f90a9dc1b158feea7f56e19ddf922afedf093878761cc2be28dfc0778a23b2,
backend/internal/service/openai_tool_corrector.go,same,runtime_provider,bece3f5a47e1395c1bf191cf1f6fb88be9c1b25ccb3a8a2b7139bbcb0ae33083,bece3f5a47e1395c1bf191cf1f6fb88be9c1b25ccb3a8a2b7139bbcb0ae33083,
backend/internal/service/openai_tool_corrector_test.go,same,runtime_provider,f1796cb2f0c8a7ef9112efcdd61a40b365c43bc0086a5f6b589f6a6f31b8f516,f1796cb2f0c8a7ef9112efcdd61a40b365c43bc0086a5f6b589f6a6f31b8f516,
backend/internal/service/openai_upstream_client_error.go,official_only,runtime_provider,b8a4b10b52193edb104a84d14e337461b8e9a6b61464da3ee5173e4dd43e18a7,,
backend/internal/service/openai_upstream_client_error_test.go,official_only,runtime_provider,43a17253682f93f4e3026d2032e382aa87a48ab71499a9a96c70f3921e396d27,,
backend/internal/service/openai_upstream_transport_error.go,different,runtime_provider,6b8f47b3e7a6c17d6458b6e1b7e2eb4409ac25678b99fa3ecc11c577e795fe31,01ff267a85ebe837007542c95a7a9f2bb460ffc2bc325a523ba88c4fe3f6cc5c,
backend/internal/service/openai_upstream_transport_error_handle_test.go,same,runtime_provider,30198baac9267dae40b6fb8ee77345bf376602b225cfba6f2f0c5917238f836f,30198baac9267dae40b6fb8ee77345bf376602b225cfba6f2f0c5917238f836f,
backend/internal/service/openai_upstream_transport_error_test.go,different,runtime_provider,4ee279cbb8945b84810f649e72b31be9fdc86c20e722f7a76d7aa1232b6b52e0,55d5b0a9da408a00d26bc230e1bead76a9cfdc3e62d9cd6f29787bcdf8f91e96,
backend/internal/service/openai_visible_ttft_test.go,official_only,runtime_provider,87d337a9ac973732e03a7b4ad9b1b39f9362f6b15d2aa897a094fc473e1057ad,,
backend/internal/service/openai_ws_account_sticky_test.go,official_only,runtime_provider,a65c2a752a011fd14141f11f59d53bb087d10618f9f6ac38db6aacb2ab92bd58,,
backend/internal/service/openai_ws_client.go,same,runtime_provider,e5184b6ee2c3c1b7c0b7a3977fde72536b43817214b0751c668d4acc97a95e5f,e5184b6ee2c3c1b7c0b7a3977fde72536b43817214b0751c668d4acc97a95e5f,
backend/internal/service/openai_ws_client_read.go,same,runtime_provider,59501d9200c525bc5d812dcdeb47fe8e723469f8b8b8541bf282aabb911b5d29,59501d9200c525bc5d812dcdeb47fe8e723469f8b8b8541bf282aabb911b5d29,
backend/internal/service/openai_ws_client_read_test.go,same,runtime_provider,0237cbef8501153807a8e9c1bea1fdcb777bc165649d467cd4c06ad31a23e977,0237cbef8501153807a8e9c1bea1fdcb777bc165649d467cd4c06ad31a23e977,
backend/internal/service/openai_ws_client_test.go,same,runtime_provider,e9fd6cfe68b43661facf2e0dffd5b0371eadc30ae53cb1a000401736d446a209,e9fd6cfe68b43661facf2e0dffd5b0371eadc30ae53cb1a000401736d446a209,
backend/internal/service/openai_ws_fallback_test.go,same,runtime_provider,96aae3b7219b71466874276086872478e6b9b31dfa459790ef7ca0a131e62e1f,96aae3b7219b71466874276086872478e6b9b31dfa459790ef7ca0a131e62e1f,
backend/internal/service/openai_ws_forwarder.go,different,runtime_provider,188874a8fa0313f9acc84db3690086ab9e3b8e18b536a3a7036121d0ca825c52,a9bab38f67a4cbdfe917561b5dd8374c22948599b6036a4b2ba0e052a1bcc07b,
backend/internal/service/openai_ws_forwarder_benchmark_test.go,same,runtime_provider,7dd7023f64006913c307a96585ad60144fb6e6e837f7e776d904a6d40221a6d4,7dd7023f64006913c307a96585ad60144fb6e6e837f7e776d904a6d40221a6d4,
backend/internal/service/openai_ws_forwarder_hotpath_optimization_test.go,different,runtime_provider,76452fbde6dcf5adcf8927da30606982cd2f882da1f07017db848d52b5042667,99332b6462d53b54fec511f83f6c4bf505b6fabb3583c8cada68e1b8fe5ed201,
backend/internal/service/openai_ws_forwarder_ingress.go,different,runtime_provider,e64bbbf54f34b116abcb0a784dc20817e83b4861e7b5ec40af83c72cbe05cbff,55d01a6e37d93e41c5e381c142c93eb11fc27850ee25851db9a6dbcdcf664080,
backend/internal/service/openai_ws_forwarder_ingress_session_test.go,different,runtime_provider,c49676fd68d2f8bd5514639a338805b3a8ff99fd72893defd2c2257e06a5098a,8566c0f12b9936ccd7900798e6c330e31fdcfeda4ea1c87422399eb9bc72d60e,
backend/internal/service/openai_ws_forwarder_ingress_test.go,different,runtime_provider,5c6b938974be7fd8ba7b3b49c88449ba00f19fd1fc0819ac89a0c509ef1f123e,ed14645a47f48575ee7df017d51d63c174c9d5e65d1fbd3810cb56f5f49bb993,
backend/internal/service/openai_ws_forwarder_logutil.go,different,runtime_provider,bc8854aee45f35f5b8328b57801c898d83e09c67693cb9b565debf74345ed2a7,4d8476e5eb924257a4dd74009d5f66804d696f1369c78d352f7f454896153112,
backend/internal/service/openai_ws_forwarder_logutil_test.go,official_only,runtime_provider,660ca2051e9f571ba7da0babad5bcc6ca6b83e6b4ff60477183549016ffc2cf9,,
backend/internal/service/openai_ws_forwarder_payload.go,different,runtime_provider,d972d3318f3e358c5b92d8581f940beb14c78a59224285c6a3c649788445da4d,03123908cb59a32e939b3b861149de1788c7a81ea982a5e43286994531936629,
backend/internal/service/openai_ws_forwarder_retry_payload_test.go,same,runtime_provider,7c979fde0615fb7955aa31c6284b4c8fa714304903f78a4799c9bb25cc7f6610,7c979fde0615fb7955aa31c6284b4c8fa714304903f78a4799c9bb25cc7f6610,
backend/internal/service/openai_ws_forwarder_success_test.go,different,runtime_provider,710d5db9c382a318345e9955953af4778e987b65b0907f5f34e0cfb8ce3c691d,cecd57f58f1ec6ef2a1771f604768b738afb50504dae0d136975d75f936778d0,
backend/internal/service/openai_ws_forwarder_support.go,different,runtime_provider,220dbc7419e1b03c882b9c58832cf4cc10bf8347bf2d1536083aaa12d3f34b42,2e9227766f36661d7921d78ef0f3f0c0b338a888241d3033257499bd13b8b018,
backend/internal/service/openai_ws_forwarder_test.go,same,runtime_provider,645b0bf874c1cb23116817f00f51f1e0f6691a72b9d6c26078f7c620e8622755,645b0bf874c1cb23116817f00f51f1e0f6691a72b9d6c26078f7c620e8622755,
backend/internal/service/openai_ws_forwarder_v2.go,different,runtime_provider,0bc48236d74805189d49a93e27a6295afce310debe65a5b6c3c9c6bae98a1f4a,adb4b12c05636fcc83c73dee82307ae1dca0b06ca8f63a28d44888c0bfb7e502,
backend/internal/service/openai_ws_forwarder_v2_test.go,official_only,runtime_provider,d4bef0fdb70fae689df4225518f5df5dd082403ca4b42aa2722ccbecd32ca030,,
backend/internal/service/openai_ws_http_bridge.go,different,runtime_provider,3c2411b17e27dc20cdd979f2a3be892259dff7dd0b74b4adf9a1bafe76ddb4f5,5b020073313502a53efd0c36df95eabd8bdf32bce6e816d3c6b9c02c1b5e9664,
backend/internal/service/openai_ws_http_bridge_resume_test.go,official_only,runtime_provider,2d0d269adeada668f0d1dd5ede285d707f31b2e8626b58011d3e3b03fad6ca10,,
backend/internal/service/openai_ws_http_bridge_test.go,different,runtime_provider,3bab2534a01507ca96d57e4e5002fd664f60dd009041325023e0f488265406e4,61e7042f9bc0d357b4add3d290f761a38675225de6cb80ca62f183ba484bcdc9,
backend/internal/service/openai_ws_ingress_capacity_shed_test.go,official_only,runtime_provider,9cc1b09ec740291f9184330dcb181a0ff5b0c8119cd94c7c0d4c62b140ecd198,,
backend/internal/service/openai_ws_ops_failure_test.go,official_only,runtime_provider,d7d65b880f14c495f14dc2293708ecc7a14230bcdfe6784e117291b9306be8d0,,
backend/internal/service/openai_ws_passthrough_turn_pricing_test.go,official_only,runtime_provider,7c47e413f9192e94ef39d9175eaf3a7233de2b20df7e9a4ac225a5042981fe9b,,
backend/internal/service/openai_ws_pool.go,different,runtime_provider,29b596dbcc0cefd2edc8fe878fba729e1063ccd47fd9334aa2e7a896e9e9fd8c,dfd60d3b43e5be3cf2e73a7e646e5f7b8dea555cf81203950469dffe90b02e6f,
backend/internal/service/openai_ws_pool_benchmark_test.go,same,runtime_provider,9d0dd42db3212aa2a8a562c3f382fc5c5d7a99e361e29991c51b5d26b3bb29d7,9d0dd42db3212aa2a8a562c3f382fc5c5d7a99e361e29991c51b5d26b3bb29d7,
backend/internal/service/openai_ws_pool_test.go,different,runtime_provider,e140f2aea77136ce7ef496ecc7fa69fce9190ace478a8075dc80ed1b7d1051d5,e5d881590b33743621da1fad025e22d09769d0ddfb66c843f9251f848257b580,
backend/internal/service/openai_ws_protocol_forward_test.go,different,runtime_provider,9d8bf1757e8d0e48bc798034925a108da3ce56e3dd279c7a825e84bbb43f4929,53d5c5d697616cd134badfe2a660c7edbcf1817e53cea3e6af88f4411f091738,
backend/internal/service/openai_ws_protocol_resolver.go,different,runtime_provider,44ea9e022c9e50c1f0587e5f16d9c88be9ccd27a6163ae5556c14d5ab21262fa,e81a56a1ea92c03513101295ad485d478f9d0188654210bea060ef86729199ad,
backend/internal/service/openai_ws_protocol_resolver_test.go,different,runtime_provider,2f63773a0e9fe8f291fbb55d8dc4990184396139e52cd1beb1fce25bd1d1a525,9d2478d72fdb0d4e78a86c5e97b0b83c5deedfd193cabb0c9f3e4783f22da2e4,
backend/internal/service/openai_ws_ratelimit_signal_test.go,different,runtime_provider,e23236184ec638a6c93782ac9d89b2c4d3ee3229d06389505e3ae4121c9ee694,de1e61ab3626d9a9e87b9dee393ba4333a5365244b5a7d9c3b11a7b428d1ab47,
backend/internal/service/openai_ws_session_preemption.go,official_only,runtime_provider,36fc76e9fbee841c6b8abcd564bc5ce76de67d56b1b31813d5c1786398e75e7f,,
backend/internal/service/openai_ws_session_preemption_test.go,official_only,runtime_provider,74c8fd6ddea6694318e1772f18806a05ae82abefdc2a3b0bb19cab53cc9040dd,,
backend/internal/service/openai_ws_state_store.go,different,runtime_provider,ace79c52d0a340f17ea206e7b0d08075d26775dca90138f22958e6e8d2885758,4464a07636bd26fa720e97d8305c3251167dff3e003645a8ae555d58fff865d3,
backend/internal/service/openai_ws_state_store_test.go,different,runtime_provider,7295d96db4194250bcca4616b49128b273db3adc45a3585daa95791ae4168845,802bb03428b7d02e2e1ed149ff0693b25f63e0e23323d6e0bcab3ae3afbd297c,
backend/internal/service/openai_ws_v2/caddy_adapter.go,same,runtime_provider,32afcc7cccbc0e2775559cd1d667947c8975efd9fd4db563967329ea1b5b2dcc,32afcc7cccbc0e2775559cd1d667947c8975efd9fd4db563967329ea1b5b2dcc,
backend/internal/service/openai_ws_v2/entry.go,same,runtime_provider,226e7073d58b519457186bbf0eda49a7dfa30ce39be0ca4bd769040b98ea667e,226e7073d58b519457186bbf0eda49a7dfa30ce39be0ca4bd769040b98ea667e,
backend/internal/service/openai_ws_v2/metrics.go,same,runtime_provider,54729ab9c4d587b74818962ac35d7331cc49f807baf431a0a8db5d715fa4586e,54729ab9c4d587b74818962ac35d7331cc49f807baf431a0a8db5d715fa4586e,
backend/internal/service/openai_ws_v2/passthrough_relay.go,different,runtime_provider,ffedde3c5fdb67fefe4482b3669a09b641b186e46203eb324bcaf7f5e70afb0d,3fc0835406af55105b19b2fa644c4c61d4170343fc8e8441dca40952e94b8715,
backend/internal/service/openai_ws_v2/passthrough_relay_internal_test.go,different,runtime_provider,88851f72f1deb76d7578b5a7d3e6d536193712efd90b85c3563c8fedc6047f80,2b4ab8e6f9ef6895ad6492a029410bfdadfa2c524adf57ade9b7e437cd3586ca,
backend/internal/service/openai_ws_v2/passthrough_relay_test.go,different,runtime_provider,4a51af092aac8c90e422a23097b812fa225e4d8e259e1696342ac46056320705,ae6da4db04a171c4668bd8d50bc3ed6d65ca4726dadff60c74da5de064d7bf52,
backend/internal/service/openai_ws_v2_passthrough_adapter.go,different,runtime_provider,1eb17538b627c4477e07ab4291bad7098ecc1625999220d918711c261e966a0c,c815bcc255a1077766dace92a39dccf43c75da94dfecbad072885384c95b37ec,
backend/internal/service/openai_ws_v2_passthrough_adapter_effort_test.go,different,runtime_provider,b3712edf8a4dbac85b8f9a24d8572a1ff0b3c78521f77b09ae32d62eba41136a,24033c68f6b8164744dbdf48c7cfab130a5f3360f46c7bbbb63d77eddbf7bd9f,
backend/internal/service/openai_ws_v2_passthrough_lifecycle_test.go,different,runtime_provider,dd3e087d90155903132c4579cc938b42a92e8d3d99eace8275f064f9726722df,d68767dc4dfd80e346495a7462aef8590bf42901133c6373074d31917c4b7fbf,
backend/internal/service/ops_account_availability.go,different,productcore,af31d28bb5e4b32c84e4612b8693dede9acc6d0fd12ec92b25320905943977df,9b5fe816e2ee804bd3ad84567c76ac2baa74a4674a63577831946cc88afca2cc,
backend/internal/service/ops_advisory_lock.go,same,productcore,453407ed3c0ffef91c2116ca67deadf46f15ddf42cae421f121ff424c2817546,453407ed3c0ffef91c2116ca67deadf46f15ddf42cae421f121ff424c2817546,
backend/internal/service/ops_aggregation_service.go,same,productcore,78ccedd86da05163ed32a03779b500f5e98b4ca945399d10e6de3e0923c0ad31,78ccedd86da05163ed32a03779b500f5e98b4ca945399d10e6de3e0923c0ad31,
backend/internal/service/ops_alert_evaluator_service.go,different,productcore,df354ab47b4f272e5f464e40db546caf6e7089372ab58ab17f708b94bf440fe3,79edf80b4061b8d1c977d608b61b6b27b564951764c46d2a9c7bca9b9f7842fa,
backend/internal/service/ops_alert_evaluator_service_test.go,different,productcore,6c1fb9388cbcbc4f24fe503be41c2c8bd8134feb60ed28146c284c9610336023,a1a98442ae359faa024720101e35fcbadf47116f22b8b45ab3e1e691ffe1c82d,
backend/internal/service/ops_alert_models.go,different,productcore,7bf4fcbdfa95247f8246a7d9cbf5a7dc5a922bf2f0b0dd8fd99318e8488cfd2c,38a07d43a7f05dd613f99ddbd3d01a4ec1a846cea84279f3c63e93a385053c8f,
backend/internal/service/ops_alerts.go,different,productcore,e81233c35a9bf6417443c7ecd1d9e2b57f7e12a8d654262da75e35a219ea15c4,47a78c9158f9555a523b388e41cf18d17e2aa27dc9e699bd7963579706412d3b,
backend/internal/service/ops_cleanup_executor.go,same,productcore,70b6915ef357794916d64ea7deb88cbe116901e0d2de3758ca6ae97672d65582,70b6915ef357794916d64ea7deb88cbe116901e0d2de3758ca6ae97672d65582,
backend/internal/service/ops_cleanup_overlay_test.go,same,productcore,0858c7db950f1564e50fea69a259aa8f5b5647413e59aacef8c43fe49a3a1029,0858c7db950f1564e50fea69a259aa8f5b5647413e59aacef8c43fe49a3a1029,
backend/internal/service/ops_cleanup_service.go,same,productcore,92ea65a952f5a249882862d7473fb451828ef96f293da1d6579afdb5f7871a84,92ea65a952f5a249882862d7473fb451828ef96f293da1d6579afdb5f7871a84,
backend/internal/service/ops_cleanup_service_test.go,same,productcore,d07bcd5e6bedea1527d0ee8ada73084bdb275123f10bc371d1303a0a1754f11e,d07bcd5e6bedea1527d0ee8ada73084bdb275123f10bc371d1303a0a1754f11e,
backend/internal/service/ops_concurrency.go,different,productcore,e8a622c9ecda3e8dcf2423b481ba633e6b379fa38e79731e4f1f491d7fb73af9,d77cea5d283fadccb0c7bf5f5068106f89f84eb6f0d206f3380a69d199e88503,
backend/internal/service/ops_dashboard.go,same,productcore,b65341246ab39ac021af6fca048130a38f773329a077a4a292ebe2d7b86c858d,b65341246ab39ac021af6fca048130a38f773329a077a4a292ebe2d7b86c858d,
backend/internal/service/ops_dashboard_models.go,different,productcore,bdb53ba401895cae60ff059fa27e816f215c83187c97e25f9fa9382b0ec1a689,ca1d048773d2ba2ea0d6acaa1657d14ca2d700d1f79c38651fa3239912caad0a,
backend/internal/service/ops_errors.go,same,productcore,877555b2418ac3a6b786047bf63e977eac5d1a83f4d4f720840fcaf7e6b90975,877555b2418ac3a6b786047bf63e977eac5d1a83f4d4f720840fcaf7e6b90975,
backend/internal/service/ops_health_score.go,same,productcore,d23a12917bd52109e75d2a3038231e9ddd3f814c95ffa5f823971770daef21d4,d23a12917bd52109e75d2a3038231e9ddd3f814c95ffa5f823971770daef21d4,
backend/internal/service/ops_health_score_test.go,same,productcore,1bfb30c5612092c120070647ffb84d76a76ad7776f1e4fc435f832b927924ff2,1bfb30c5612092c120070647ffb84d76a76ad7776f1e4fc435f832b927924ff2,
backend/internal/service/ops_histograms.go,same,productcore,128bd2aa81c97b071baad1a29ce28a6db349166746e0e905c3b49ef0427e72ae,128bd2aa81c97b071baad1a29ce28a6db349166746e0e905c3b49ef0427e72ae,
backend/internal/service/ops_ingress_reject.go,same,productcore,9947e41e59784270e2a427244c660a09e7a897b3af2dfaac7b2b9d8318efb439,9947e41e59784270e2a427244c660a09e7a897b3af2dfaac7b2b9d8318efb439,
backend/internal/service/ops_ingress_reject_test.go,same,productcore,a53f1f60b1688650d174823b49b16a97864b73ce01074414d3c69a3cfe9d20db,a53f1f60b1688650d174823b49b16a97864b73ce01074414d3c69a3cfe9d20db,
backend/internal/service/ops_log_runtime.go,same,productcore,4d5e5b2b36c41ff2307f6cf60dab8be50c57fa7011e9ec19e493de55a591e818,4d5e5b2b36c41ff2307f6cf60dab8be50c57fa7011e9ec19e493de55a591e818,
backend/internal/service/ops_log_runtime_test.go,same,productcore,fed3e2e0e2281155420249475e2677484a7472e364197fb40e1aa885d6f12c53,fed3e2e0e2281155420249475e2677484a7472e364197fb40e1aa885d6f12c53,
backend/internal/service/ops_metrics_collector.go,different,productcore,2ddb54a63099a9d6e50cb02b5328f256f338c38c74278330beb83f462566063a,7de49c0040b0bf18512307580ae302c69b7cbffac566d0e330ab822ff8c150ec,
backend/internal/service/ops_metrics_collector_memory_test.go,official_only,productcore,727f2ac88b1a4678827a195f2153a8f94ebde059f964a1719c4b8d1401706ee1,,
backend/internal/service/ops_metrics_collector_projection_test.go,same,productcore,e5e609bfc154771bbf36dbe976f6c9cb7d8d58c1176db3a3ce3ea18d4175eff9,e5e609bfc154771bbf36dbe976f6c9cb7d8d58c1176db3a3ce3ea18d4175eff9,
backend/internal/service/ops_metrics_collector_test.go,same,productcore,908af7e3e31521eb3bbb93e649c8c5c2363f1399aae2bcfb38a9db35624583be,908af7e3e31521eb3bbb93e649c8c5c2363f1399aae2bcfb38a9db35624583be,
backend/internal/service/ops_models.go,different,productcore,b8b2fa16362a16a42aa8959e725bc0224ac7e416cef51df9fe932667d8541533,76100293a6c7406ddc135ffe4c272a33bf774a3d7703865080c99ff67e19b0da,
backend/internal/service/ops_openai_token_stats.go,different,productcore,9e9ce5282eb2a8cb39b4428843e2cdfdb78051a5615b8ed31c7fb378631877cb,edf7dfdb50d89a1b6f036aa08c9fad96f2e8a4d7300611360bddfbde86c3673c,
backend/internal/service/ops_openai_token_stats_models.go,different,productcore,782244dcbe742a990d8a3333eb656c967cd09fab841a7ea13fd77dba42c77a99,53f4cc3af7a6af6709acaf46bda53b938546f66143ad598af97a1bc5b7a2796e,
backend/internal/service/ops_openai_token_stats_test.go,different,productcore,dfb83ab5c1df2076eedcb39d766bb9be985275717c8729e58400d26c266aa1c2,05f2da0c023c83545eb69808f129cdfbd7eacda988ba5db6b0095f40af3e0d5e,
backend/internal/service/ops_platform_pool_test.go,current_only,productcore,,67d9b538da0f4c81664ad1a0943ef84fdb0e270ee2ab03ffba8cd409063877ab,
backend/internal/service/ops_port.go,different,productcore,7087acfc05cdbb7e4d52379e0f6d3956c0fc946354aecde7e36068a9a5a46503,cc69232c17ce7fe91deddcfce8b1ed2b819443b081a7fad9bb70cda219c2c18e,
backend/internal/service/ops_query_mode.go,same,productcore,4174551afe696ab398a75e4af0052e4821e8062ef922546e7433689ee1ac4355,4174551afe696ab398a75e4af0052e4821e8062ef922546e7433689ee1ac4355,
backend/internal/service/ops_query_mode_test.go,different,productcore,24e29cd9f0eba97a04c34e50496a3a26940125ae10d03f914beea4651670f72a,000062222f581aa889483950e5714aedfd57f3982ac1080d6c7d924c06d42108,
backend/internal/service/ops_queue_sanitize_test.go,same,productcore,fb94733e39a08781800c0ee91eb465276f7fb0bfd80c08e21b9d76409e956310,fb94733e39a08781800c0ee91eb465276f7fb0bfd80c08e21b9d76409e956310,
backend/internal/service/ops_realtime.go,same,productcore,9a857a40fd41d7a8765363eac07aa90792d80cf60fd956ab8164385cf7896d1b,9a857a40fd41d7a8765363eac07aa90792d80cf60fd956ab8164385cf7896d1b,
backend/internal/service/ops_realtime_models.go,different,productcore,df5f4bac25b5641cd981cea5210fc999cb33d9e385408560f9a446cfbaa9b309,eba2c98b893f1f9cf95a1bb9e893c84e2b05d1a47bf8a684a62c3586579e7b84,
backend/internal/service/ops_realtime_traffic.go,same,productcore,f0fd2064c70eefc25db3f88d9aa44e0cd757b88dd7dff758c36de4aee420fced,f0fd2064c70eefc25db3f88d9aa44e0cd757b88dd7dff758c36de4aee420fced,
backend/internal/service/ops_realtime_traffic_models.go,different,productcore,c720a920c363aeff2bfe3993a23a039cb8bdc3d20c89a8304c1f64644b321b43,cd8c764b5e407f8ee1c110fec3bfa722f446a5dd47d084bcd043f0f2d1625f7b,
backend/internal/service/ops_repo_mock_test.go,different,productcore,995d5ec659eb9adde90e8167947cea022a57f392e86ce7f8106fb05010f13111,983969d85708483f894219f1bdb6cbd071127af6f958953f4e45b01c2fd54003,
backend/internal/service/ops_request_details.go,different,productcore,d85de1be0239c693e10d45da008a40a4b325b84a268cbaf8134933850f9ce275,1e50a1434f093ed44f241f8b0c229d34198cdc6867d3a47f5a5b1fd0646bcc7b,
backend/internal/service/ops_runtime_snapshot_test.go,same,productcore,2be478667cc5634bd5e7839d041f61b138d0be9aced2e595b8cab7da990abc47,2be478667cc5634bd5e7839d041f61b138d0be9aced2e595b8cab7da990abc47,
backend/internal/service/ops_scheduled_report_service.go,different,productcore,cce5ae35ef463b3aade348b1a13b3a035fb21932134160e75e9bbd7786bb8141,cdf34d83266a3c6cc7572a5ceec2e5a1d0140acc71825a2a42afb80b25b43bd3,
backend/internal/service/ops_scheduled_report_service_test.go,same,productcore,85fc465562e03d835cc7a6b1b34fc221eeee4a6ebde97844e53c4faa8df4d377,85fc465562e03d835cc7a6b1b34fc221eeee4a6ebde97844e53c4faa8df4d377,
backend/internal/service/ops_service.go,different,productcore,29d963570aed5f21157730454111de1be4245e653ec525264b1eeb3c439c2f49,c32f9879c133bd7e8d1c0367c816082d093a486206c6ad11e097444731779d9b,
backend/internal/service/ops_service_batch_test.go,different,productcore,1e26557964124c7b592e12cec179ce80699397c3fa04ecf07b3fc9147efc94be,6944c731ed700db6feeed158f5a57dd07e510fea1c68f8bdd83be344dd885190,
backend/internal/service/ops_service_redaction_test.go,same,productcore,cf5ca7265260d7d2bd576fd41660e847e95514b5ab586032780363f5c86ec833,cf5ca7265260d7d2bd576fd41660e847e95514b5ab586032780363f5c86ec833,
backend/internal/service/ops_service_user_error_test.go,same,productcore,cd8afdefb4de224cff9e038fb6020f488026961d918bd665c29c02b7feeb7d60,cd8afdefb4de224cff9e038fb6020f488026961d918bd665c29c02b7feeb7d60,
backend/internal/service/ops_settings.go,same,productcore,2c5bf2efcc49d69602c9f6ae3834815bb9a26f174739235c60242f0914e90842,2c5bf2efcc49d69602c9f6ae3834815bb9a26f174739235c60242f0914e90842,
backend/internal/service/ops_settings_advanced_test.go,same,productcore,8ec45303bfbd44a0b86edd48b8e891bfee5a0f076a236bf8c36d67dcdbd9fbb4,8ec45303bfbd44a0b86edd48b8e891bfee5a0f076a236bf8c36d67dcdbd9fbb4,
backend/internal/service/ops_settings_models.go,same,productcore,7b394cd2e0eac774aca656dff314394d59d21ce43f1b4ad43a6d185fb509308f,7b394cd2e0eac774aca656dff314394d59d21ce43f1b4ad43a6d185fb509308f,
backend/internal/service/ops_system_log_service.go,same,productcore,d6443290982f8c7a481290e55479451fa8e6ae08048c341e653e8e1465313b8c,d6443290982f8c7a481290e55479451fa8e6ae08048c341e653e8e1465313b8c,
backend/internal/service/ops_system_log_service_test.go,same,productcore,debbe15894e465fdf49259e7d2762a1bd9fb709659c31631968b5baea2659707,debbe15894e465fdf49259e7d2762a1bd9fb709659c31631968b5baea2659707,
backend/internal/service/ops_system_log_sink.go,different,productcore,e95a60bdee67e69f9cc3a3e4fde13ffea1035b4c1d4f4fc2f90534aaef68e7ba,60f59453769b01293377cc9674137f889886fd26cd71e6772a7be59cd05b2421,
backend/internal/service/ops_system_log_sink_backoff_test.go,different,productcore,7af64fcb4c3b8e7a0419db9889d583394d751215703d07b6b410f963561d7d03,6c98a349ebed3f9f2bd98c13eb55eb0105b32ca5a2e539f85baea413e0bbc9c0,
backend/internal/service/ops_system_log_sink_test.go,same,productcore,34850fb35f9b918862cdf9658ac86d110a3041cab67816b914b7238d7f82c2f3,34850fb35f9b918862cdf9658ac86d110a3041cab67816b914b7238d7f82c2f3,
backend/internal/service/ops_trend_models.go,different,productcore,10287ad01af6f97dab7f67afceb4f9fff4710d7f5e9babfdeeaa3fca79ae8a06,37c4e2bd67886aa8f9b2e6d0a6f129e30d0a38c565e453d74d856f0b1d7bd167,
backend/internal/service/ops_trends.go,same,productcore,35f0eb1dce602f23d2e92828fe5db9e526126b5cb519edd850e763ff8e58a958,35f0eb1dce602f23d2e92828fe5db9e526126b5cb519edd850e763ff8e58a958,
backend/internal/service/ops_upstream_context.go,different,productcore,5f203022c76d7e4c7b706823af29bbdcad210e25d44470e11f572581c88f7631,1604465c978289bc033c48281baac4c92b2e00c5309aa310d2c9e9819de9be2d,
backend/internal/service/ops_upstream_context_test.go,same,productcore,f636f64c68580a731053295ca9fbf043b2cbda7727977e56d4d63ee17ffebaab,f636f64c68580a731053295ca9fbf043b2cbda7727977e56d4d63ee17ffebaab,
backend/internal/service/ops_user_error.go,different,productcore,938909d29d66554e0b97819c8573546606d31d1819b2ae8f46fdb2049091a3c9,da768913eac6c9cd858665a2a39f57c2a628e38bd76225eabf5411539aa57766,
backend/internal/service/ops_user_error_cyber_test.go,same,productcore,8922d81e48bb5155cd8ffd05b4303df34215df1adc4afcbddc92240b1775d0f8,8922d81e48bb5155cd8ffd05b4303df34215df1adc4afcbddc92240b1775d0f8,
backend/internal/service/ops_user_error_test.go,different,productcore,bba6a656111c1cfdc33cad65f0d0bdad1502bbc283b919c0a9c02ad11d603abb,a13a6e2eb39b4634be2e477e0c87936a294441c99746152e2c0574c9b7da5f6e,
backend/internal/service/ops_window_stats.go,same,productcore,75c0b90369f90ef4209f07bc49d9a96770986a2f8fda401b16a4d42b093c8ce9,75c0b90369f90ef4209f07bc49d9a96770986a2f8fda401b16a4d42b093c8ce9,
backend/internal/service/overload_cooldown_test.go,different,test,51c85f1602ddab290edcf613dfe4ca1bbd8fe21525d2c42550bd7a6f9edb4527,224629b84ac1865f4c883f991b2df42b3fc8b08cae5a79b860fee35f3a2bd4ed,
backend/internal/service/parse_integral_number_unit.go,same,productcore,9099569d1df125c525772ce21a44e3c356d0e944d50d5ddfca063e4012fa6501,9099569d1df125c525772ce21a44e3c356d0e944d50d5ddfca063e4012fa6501,
backend/internal/service/passkey.go,same,productcore,d837bc583d0e02cd64f36006a977d05d6a7d9891378165fb1d9725711e717ad8,d837bc583d0e02cd64f36006a977d05d6a7d9891378165fb1d9725711e717ad8,
backend/internal/service/passkey_test.go,same,productcore,f65ca7181196622f4302d125b82ae35d284a39ea60c9976757ce8b9856590fcf,f65ca7181196622f4302d125b82ae35d284a39ea60c9976757ce8b9856590fcf,
backend/internal/service/payment_amounts.go,same,productcore,b5588f3027fafe73709722b8efe8b21f4e1ec91db37495c46c690d1ec3abf7cc,b5588f3027fafe73709722b8efe8b21f4e1ec91db37495c46c690d1ec3abf7cc,
backend/internal/service/payment_config_limits.go,same,productcore,36a54157af0053a7d975982cc4f336009ff1382e23d006917ae312805a196536,36a54157af0053a7d975982cc4f336009ff1382e23d006917ae312805a196536,
backend/internal/service/payment_config_limits_test.go,same,productcore,9b23859d9947fee78e64fbf98a1039a504c1aad8c0c74ed77ff196369799debf,9b23859d9947fee78e64fbf98a1039a504c1aad8c0c74ed77ff196369799debf,
backend/internal/service/payment_config_plans.go,different,productcore,5f38847a29e08eb881e5998f41903aee71a825a7c10f04889d93282f26cc1a35,07abf18da086e395486be7a645be9fe414acc2b5c2b11d5b22edbc5586bd84a6,
backend/internal/service/payment_config_plans_validation_test.go,different,productcore,2fee4402991427d7cf1b97890fdaa01cdd79d6cd6ef33a274f60077bdd6342d8,137919e2bd1f19bfae82070dde46206e37b4a6319f322dd490337ef246f59b91,
backend/internal/service/payment_config_providers.go,same,productcore,5a2600032011f2cfaee68ddd1ff10f6e22b9b899172e46b91508fa256eccee4a,5a2600032011f2cfaee68ddd1ff10f6e22b9b899172e46b91508fa256eccee4a,
backend/internal/service/payment_config_providers_test.go,same,productcore,8ecd1627e98d41fe4499e7c57d1ce2a75ba24387fec04cca25d6a246c7f8ed8a,8ecd1627e98d41fe4499e7c57d1ce2a75ba24387fec04cca25d6a246c7f8ed8a,
backend/internal/service/payment_config_service.go,different,productcore,58430e942595363a2610312a8af79cb656376a7981b95c82c11e71505ffe2553,23ae1dc8d8523eb1fe5360d08dd2ab813a98566f2129a63b0401f30c65f45a98,
backend/internal/service/payment_config_service_test.go,different,productcore,092f697772909d4ca220bbf871fef8e4d42f34a81b433a5eb8add3b51191a902,1ff248cdba4634b320f148501dc54817bc9993129c52a03e3e5d4062a99f77d1,
backend/internal/service/payment_currency.go,same,productcore,6f074b0137594453467b4d7dcd0831154393f3dbe332190a82eeaa99e1982480,6f074b0137594453467b4d7dcd0831154393f3dbe332190a82eeaa99e1982480,
backend/internal/service/payment_fulfillment.go,different,productcore,43906479e1b0bbf21505011185403407427d681c4ea0c596c1ee2c5388b55b04,0ae26f6c7c1ef531874f6d94577506b045056b7ac2ecf0a183841358eec27b1d,
backend/internal/service/payment_fulfillment_order_not_found_test.go,same,productcore,bba3c8cec81b6b2139680e7be983bf1ddc4b0777ea6611d14a17234b160f7403,bba3c8cec81b6b2139680e7be983bf1ddc4b0777ea6611d14a17234b160f7403,
backend/internal/service/payment_fulfillment_test.go,official_only,productcore,76f6f18e641f73b6d881ae36f18ee0cc75a9b7a728e8f05ebfc9f92dc14ed40c,,
backend/internal/service/payment_order.go,different,productcore,f42d12e6d11278aca8d1cbb602709cf1d98231bc14cc6dc5eb9c3ef75dde7820,d26cd08495e2a3c14815e59e5462b7d4cbc9468a9b7de7817935933fd464ed78,
backend/internal/service/payment_order_expiry_service.go,same,productcore,1e7a6f68d05bace9ee1722646a686808f56b79034139e76f22cecd739730637f,1e7a6f68d05bace9ee1722646a686808f56b79034139e76f22cecd739730637f,
backend/internal/service/payment_order_jsapi_test.go,same,productcore,3489b7ffd9c0408048cf099e1bffc17bdf3bbcd47ecd7e3fa99e6da540c49afb,3489b7ffd9c0408048cf099e1bffc17bdf3bbcd47ecd7e3fa99e6da540c49afb,
backend/internal/service/payment_order_lifecycle.go,same,productcore,7d088441ad44714f9f7c1cad7486c3648d6d9253eaa7d318f25fd70ba5e8639d,7d088441ad44714f9f7c1cad7486c3648d6d9253eaa7d318f25fd70ba5e8639d,
backend/internal/service/payment_order_lifecycle_test.go,different,productcore,9bcc673d48aaae2f152f9568368f6b2bfb9160aac479d75d9786e7da05f17809,ae35ab5c94be4b153eaec839f50b82443b2cfd0e7782cff45bd9a698912d86ba,
backend/internal/service/payment_order_provider_snapshot.go,same,productcore,bf38890a40c12c52c4a653dd915e81a3c3480acffe9ef91900b481b47c98118b,bf38890a40c12c52c4a653dd915e81a3c3480acffe9ef91900b481b47c98118b,
backend/internal/service/payment_order_provider_snapshot_test.go,same,productcore,c07578a68f3092450f2275bd7246dd7813727d768fce9ce48b41986c5312e202,c07578a68f3092450f2275bd7246dd7813727d768fce9ce48b41986c5312e202,
backend/internal/service/payment_order_result_test.go,same,productcore,db8cfb5e887ff86435ecdd06b4faf136f7f6c7ed60951ecec1358d32e525cac5,db8cfb5e887ff86435ecdd06b4faf136f7f6c7ed60951ecec1358d32e525cac5,
backend/internal/service/payment_refund.go,different,productcore,cf03b04f1415ca847be4dfdda74cf9f4cf1b59d4363988e7022b85d4676eb010,7e304d4dc6b4e83003e28b6e04bc4a53a168558b5601304210d851baa57f43d5,
backend/internal/service/payment_refund_test.go,official_only,productcore,fad2766c4df874d37112a01fd76e50f7c5cd57d33fa5cc93b825e6fa1f3a9319,,
backend/internal/service/payment_resume_lookup.go,same,productcore,a68aa6e05182b4920e58331b9035b7e6ac7b5d7926d5b23dcc76ef3200ad9e94,a68aa6e05182b4920e58331b9035b7e6ac7b5d7926d5b23dcc76ef3200ad9e94,
backend/internal/service/payment_resume_lookup_test.go,same,productcore,b85b0a27a8659aa4d3d11d0dcd0db34bb4ad97f45e7d4a6c13affebac76fd79d,b85b0a27a8659aa4d3d11d0dcd0db34bb4ad97f45e7d4a6c13affebac76fd79d,
backend/internal/service/payment_resume_service.go,same,productcore,fb2bd1103ca4a052f86993d22d2978f8e1775685128c48e09a45a71223d39f70,fb2bd1103ca4a052f86993d22d2978f8e1775685128c48e09a45a71223d39f70,
backend/internal/service/payment_resume_service_test.go,same,productcore,faa32351949f4c5ee0c70893bd2984c876769b7d742a7707735bb2acf4c2e23a,faa32351949f4c5ee0c70893bd2984c876769b7d742a7707735bb2acf4c2e23a,
backend/internal/service/payment_service.go,different,productcore,c1f56f3478603e470a94668c6ea50ecf07d8acd664203ddf3345c7c9ee7520ff,6f5768066725d0a312e5bb17ed7e8633a075bef325bec0efab97b82559c25116,
backend/internal/service/payment_stats.go,same,productcore,b6bd0ce2916f8627b52e0ad38cb0d3930932cb030f5c3291c79ee7d29502925e,b6bd0ce2916f8627b52e0ad38cb0d3930932cb030f5c3291c79ee7d29502925e,
backend/internal/service/payment_stats_test.go,same,productcore,cce7a3a68629e39d8f4c15ef5806f5268dcc6554c5216cd54fe2dbf4b8b761b3,cce7a3a68629e39d8f4c15ef5806f5268dcc6554c5216cd54fe2dbf4b8b761b3,
backend/internal/service/payment_visible_method_instances.go,same,productcore,41abf9f96388e2fa31dd81972838e09f451eee7c904644c167811b3a0cf9e2ca,41abf9f96388e2fa31dd81972838e09f451eee7c904644c167811b3a0cf9e2ca,
backend/internal/service/payment_webhook_provider.go,same,productcore,78ab4744036b1d98847af89cb608de2771ea3bd14c1ab91364859018f02b8e08,78ab4744036b1d98847af89cb608de2771ea3bd14c1ab91364859018f02b8e08,
backend/internal/service/payment_webhook_provider_test.go,different,productcore,381f0dcf2d9c12eda3438f34343190b3fb68558a18951165e8587b38ca3a0343,8be605d197ca26da5309ac7c5dba415e9fa554d91cc9a649ffc2435f0dd5f8b1,
backend/internal/service/platform.go,current_only,productcore,,03758fc6aea499a74bdfff15893efc229df1b7b381f6273957405a8a079fcaee,
backend/internal/service/platform_account_pool.go,current_only,productcore,,32370aa53c1d457fa6b44adc03966d45f5e51238278e68dde9e7609c6534fefe,
backend/internal/service/platform_account_pool_gateway_test.go,current_only,productcore,,387f822d8d513aebc0b7f5db5561e9e435a8e3b354fb1153d1896775e1b62251,
backend/internal/service/platform_account_pool_test.go,current_only,productcore,,a2dd899abe084523e8a191591f00c83cc0938fae5c83a5cd4468690b61fcc414,
backend/internal/service/platform_asset_request.go,current_only,productcore,,30aca09b10712d27de737c08381ed52ebb28b91df3cc4a9a3ce9b03430fb4367,
backend/internal/service/platform_asset_request_test.go,current_only,productcore,,731ee4445cd163c946ebee483b0400c3a65b46321ecc65f9f8d6a5fea6affe6a,
backend/internal/service/platform_catalog.go,current_only,productcore,,406bdb63eaa2553dd8e982a71dc66e9a2e4d0b501140bbea780cd8487aa63651,
backend/internal/service/platform_catalog_test.go,current_only,productcore,,59cc3c67a09cb8f3f5f640260ee4bfc3bc0bce13c5c53024398e6471daf58bb6,
backend/internal/service/platform_model_policy.go,current_only,productcore,,071a6c12cbbf49ade5bf61f20b72c30db35a1e35264a660d176ef70660f4a4d9,
backend/internal/service/platform_model_policy_test.go,current_only,productcore,,cc703802601646e390274c1552ee0b15a3a9f3e5afb64efa6365031e1a096700,
backend/internal/service/platform_model_rules.go,current_only,productcore,,6dc4d0d11019f26fa78c13e73d539a486bbe1e24b1c504693ba8656b6c1e3529,
backend/internal/service/platform_model_rules_test.go,current_only,productcore,,20f382134ade0dc2d05d7ed95d011f5c0a0a5ae2dea2d3c69c53a4505d6c4b67,
backend/internal/service/platform_models_list.go,current_only,productcore,,4ed86fc6afb0a171a906e316b69a58a644ad717be1270a0814974a5c9b41de93,
backend/internal/service/platform_service.go,current_only,productcore,,bbd028a68fc1bea61878a9c5534c1313d9aa9083b460faab6087ce76370614a1,
backend/internal/service/platform_service_test.go,current_only,productcore,,01494b69de89cd00126828ca6d54bdd79346cc7edff9452ddb34038b62e155c0,
backend/internal/service/plugin_compatibility.go,official_only,productcore,aa8fecad55b8fe7472fdad0f269157d329d9af22228fb5f58e354945b016dae3,,
backend/internal/service/plugin_compatibility_test.go,official_only,test,929fd316ec524e1d76423727040ee97f2c01e62e199ffa36566174c0c88a632f,,
backend/internal/service/plugin_manager.go,official_only,productcore,4f0d5c083841388910498e69edcb2ac51abcc8782ee1305c1d193fde887ad32a,,
backend/internal/service/plugin_manager_routing_test.go,official_only,test,71e1f6c98358187cd73f00c75189a43b966c8d85a88ee6c4031cd0a25072c1f4,,
backend/internal/service/plugin_manifest.go,official_only,productcore,416d1a295a405d386ae3d5ab57e7aded65eaa7b8c5e5129d5824815b534f684d,,
backend/internal/service/plugin_package.go,official_only,productcore,83c26acfe23895803189b98bd8ce52e6acbe17f11fe57f182efe31fcbb6c5491,,
backend/internal/service/plugin_package_test.go,official_only,test,cf394ffe731fec8754c17a9f1b82a09870288b7b24b1f0fd29cefabf9ff51553,,
backend/internal/service/plugin_runtime.go,official_only,productcore,93ebeb58f995ceca57d0d1d76a6671bac0031d7319de5ffa2242ca7c7b737799,,
backend/internal/service/plugin_runtime_integration_test.go,official_only,test,219234d59708547910ca71c471ee30a6932e8a2c8d4f9ab97d2ef0a77492f267,,
backend/internal/service/plugin_security_regression_test.go,official_only,test,c11e331e6fcb38e4ad2e4e6cd982f10f408a81e29b2358ac6d3f35eebe9d5ccd,,
backend/internal/service/post_billing_platform_test.go,official_only,test,e1b26f7d40c6225606a2e708201afe363264250327b45ef7daef757be4e4002c,,
backend/internal/service/pricing_service.go,different,productcore,7667d9877002a655b092f51742e4e31a3f0536c0b08b84c9d6c39e30f94846e8,c64560900374f561a390b0058c6bda32c9f676f7f20e66a12b86614888f96e95,
backend/internal/service/pricing_service_override_test.go,official_only,productcore,f126c350d834161bc03132e354b5a80dcb4771880346c96595223104f9c628e8,,
backend/internal/service/pricing_service_test.go,different,productcore,9f3dbad512052a55f0af41386f272d6759ec876e8493ee3d5cf232682c888621,3605786dd85f014badb6259ee6ca952e4a555b37bb34de120318dcb27ee16f7d,
backend/internal/service/pricing_stub_helpers_test.go,official_only,productcore,f3db17d72e07e8f52942a95c1cbf56748653a62bd92b54ac3aa9c088908accaa,,
backend/internal/service/product_core_adapter.go,current_only,productcore,,017e47f055f1e6337090c0e90720b4ccab73f624042077ef25a8094573c5f799,
backend/internal/service/product_core_adapter_test.go,current_only,productcore,,a65f6f557b5491d9fc0d11abf9dddf96b198c5db76f673e1fe86469da8681b22,
backend/internal/service/product_decision_provider.go,current_only,productcore,,ce1656c55a86f77b881241d5aad3e735dd10b895f6c568a9364a1ce2d6140bd2,
backend/internal/service/product_decision_provider_test.go,current_only,productcore,,9e6cfbd397caa9501481cda3149580ba8316b0b59627e049c71e4a406ab73a31,
backend/internal/service/product_usage_sink.go,current_only,productcore,,e735dea471fce07433b910735085c2cb5b741ae03b501e660b066db7a7ce415c,
backend/internal/service/product_usage_sink_test.go,current_only,productcore,,59e05a7d4856ebd1f6b303f99f534cd834a80b37f6108a578a26cc7763d79a9a,
backend/internal/service/profit_control_threshold_helpers_test.go,official_only,productcore,0d800456b276e7fd688ff7ea30f40757173d7d9b2cbe35fa45451c296e368b1a,,
backend/internal/service/profit_preview.go,official_only,productcore,a8c07aa4aa1b4ced9fafb87eac71a3979d91dc4b8477c2ab095d826e0005a222,,
backend/internal/service/profit_preview_test.go,official_only,productcore,569951651cf3559d88f7a54bfa4f62609a0ebd8172a1bcb9cad0f22ecfbafde7,,
backend/internal/service/promo_code.go,same,productcore,ffa56095eff20d743bbe75f30ede022d543de59de934398069b4b8bc414a2849,ffa56095eff20d743bbe75f30ede022d543de59de934398069b4b8bc414a2849,
backend/internal/service/promo_code_repository.go,same,productcore,d25b57278dcdb75e888ca17de881df251ebfe6a82dccb7f9ae0a1a2cd5317206,d25b57278dcdb75e888ca17de881df251ebfe6a82dccb7f9ae0a1a2cd5317206,
backend/internal/service/promo_service.go,same,productcore,db44785894dd957d7e47bfe0f36070a9d5189085dc604b6b61c29f428b1ac908,db44785894dd957d7e47bfe0f36070a9d5189085dc604b6b61c29f428b1ac908,
backend/internal/service/prompts/codex_opencode_bridge.txt,same,infrastructure,b03e0884f6e07cbe8de7525f8d6fee4bdf1847aa2871d790e076b52d0102bcb6,b03e0884f6e07cbe8de7525f8d6fee4bdf1847aa2871d790e076b52d0102bcb6,
backend/internal/service/prompts/tool_remap_message.txt,same,infrastructure,dbb153b21577aaab5839de686e236447e1d2c3b146fe3fc762a59b68363268c8,dbb153b21577aaab5839de686e236447e1d2c3b146fe3fc762a59b68363268c8,
backend/internal/service/proxy.go,same,runtime_provider,35027c724af221564270b285be4b662ce91fddab2c5cf81726bc02351d691bee,35027c724af221564270b285be4b662ce91fddab2c5cf81726bc02351d691bee,
backend/internal/service/proxy_expiry_service.go,same,runtime_provider,63993e17aecf15c24011f36776bdf1874d9b1246d0ca8ef534e9f36ca03327d8,63993e17aecf15c24011f36776bdf1874d9b1246d0ca8ef534e9f36ca03327d8,
backend/internal/service/proxy_fallback.go,same,runtime_provider,7209b4d2cf3554a9f05e40f9cf35fb38cecbc8f828fb6cf9bf8707e37454d3ed,7209b4d2cf3554a9f05e40f9cf35fb38cecbc8f828fb6cf9bf8707e37454d3ed,
backend/internal/service/proxy_fallback_test.go,same,runtime_provider,4786efc940480fd811ee14d011c987b9140e6e8da336563356c0907c6b1b94ca,4786efc940480fd811ee14d011c987b9140e6e8da336563356c0907c6b1b94ca,
backend/internal/service/proxy_latency_cache.go,same,runtime_provider,c5c1f9775d42adbcf28fd45c88764aa6aa2ad0c29a409cd9a766628e6b25b2c6,c5c1f9775d42adbcf28fd45c88764aa6aa2ad0c29a409cd9a766628e6b25b2c6,
backend/internal/service/proxy_service.go,same,runtime_provider,76164582f1f08084b8f55fa90353d736d783e67cdadbd272e9dbe228f64e242f,76164582f1f08084b8f55fa90353d736d783e67cdadbd272e9dbe228f64e242f,
backend/internal/service/proxy_test.go,same,runtime_provider,2f8116b26179a8825c86130d3334c3b8c3a0efaad6dafcab47fbcc1f6152f87d,2f8116b26179a8825c86130d3334c3b8c3a0efaad6dafcab47fbcc1f6152f87d,
backend/internal/service/proxy_update_probe_invalidation_test.go,same,runtime_provider,f0b5cc4680e56ab4150235c6681f53d27de4d7832b9072a434c54e808331a80c,f0b5cc4680e56ab4150235c6681f53d27de4d7832b9072a434c54e808331a80c,
backend/internal/service/quota_fetcher.go,same,runtime_provider,3879e06d8855ec5132621773bfb51fbb6dd89fa76fe37f09361a11ccf1fa0945,3879e06d8855ec5132621773bfb51fbb6dd89fa76fe37f09361a11ccf1fa0945,
backend/internal/service/rate_limit_429_cooldown_test.go,same,test,4022941eca859c3be8d84aee8cbb77145dbc831a2a7c9220f3dca40fc880a778,4022941eca859c3be8d84aee8cbb77145dbc831a2a7c9220f3dca40fc880a778,
backend/internal/service/ratelimit_cn_providers.go,official_only,runtime_provider,2cbc351cd1a386752fc5c3e5c7fcf97a97a593dbe6aa61a1f33182247c347a4a,,
backend/internal/service/ratelimit_service.go,different,runtime_provider,364918747695fd1248cc4cabffb4f2add556bb20d9b00e1445dfd1b2d5705a68,fd12211575964cd5482dfa55063dd64823ffe432d107459f10e41d79493367c5,
backend/internal/service/ratelimit_service_401_db_fallback_test.go,same,runtime_provider,d1fb94f2a34ba2e36fd2e323d1d89f042ef097fd78295c24df6f3083dd3221eb,d1fb94f2a34ba2e36fd2e323d1d89f042ef097fd78295c24df6f3083dd3221eb,
backend/internal/service/ratelimit_service_401_test.go,different,runtime_provider,c7d584fab68972dc23a272ad0cdfd180e9b8e184ded5e9ffc54044c092bf24d3,8ae9b582161827cd74796cd9a60e77f6ab524986ff9eb980223d26c6bd95d10c,
backend/internal/service/ratelimit_service_403_html_test.go,official_only,runtime_provider,248dd0a1b7fbdc3660404e66e834e6c746a2800b9713c21a38a6327341e3830a,,
backend/internal/service/ratelimit_service_403_test.go,same,runtime_provider,268b4d56a3b720e19573530dd9e43bc671ba65b8871123c058be0687a44a216c,268b4d56a3b720e19573530dd9e43bc671ba65b8871123c058be0687a44a216c,
backend/internal/service/ratelimit_service_anthropic_test.go,same,runtime_provider,541642bc9c67cf69e7c2e1c6b86e5579d2045ab832189ec7b4139d766a7cd4eb,541642bc9c67cf69e7c2e1c6b86e5579d2045ab832189ec7b4139d766a7cd4eb,
backend/internal/service/ratelimit_service_anthropic_window_limit_test.go,same,runtime_provider,6c80c2ee83a760ab9fa00621165c352b3bb59cd42bb6d6f985d778b80284db72,6c80c2ee83a760ab9fa00621165c352b3bb59cd42bb6d6f985d778b80284db72,
backend/internal/service/ratelimit_service_clear_test.go,same,runtime_provider,4613d366df35ccd6bb97d38c272f20e28a0c2e2ebe229adbe5d7f152b50fe10a,4613d366df35ccd6bb97d38c272f20e28a0c2e2ebe229adbe5d7f152b50fe10a,
backend/internal/service/ratelimit_service_model_not_found_test.go,different,runtime_provider,31c628913a317e01fab6d547be740b2becec1377dd6873c60d9613a31bd88d79,93a020308361b8337667d39df4aca837d0b61e88576ad327f0a90094d79f6734,
backend/internal/service/ratelimit_service_openai_image_test.go,different,runtime_provider,444d126bbb96febefe51ec6d30b0a8fef4c84152d3ba0d7387bc699235695b02,c9fd1612402b4e378aaf73bbf655b35d41b2bae3e7d6a4458d1b10799941a48b,
backend/internal/service/ratelimit_service_openai_team_linked_test.go,official_only,runtime_provider,ee2ecf5300b62dd2c4d4d957fa7b7ba68dfd7b752dcd7e4d337ce8442f461381,,
backend/internal/service/ratelimit_service_openai_test.go,different,runtime_provider,3db8128f4641537bc877df59fe3b9e0b73b2a0b2181e26d08040927aa2041e99,351ec662547dcadf099e49bdc6460d3db91ea7ba9a2a23c95b331dd82d119fe0,
backend/internal/service/ratelimit_service_scheduling_threshold_test.go,official_only,runtime_provider,2aa2b40af383811565ba420711a5b22b33795dacec7a44de4b64db1f4d25076a,,
backend/internal/service/ratelimit_session_window_test.go,different,runtime_provider,f93b9da06ab6b746220033f98f4d4d45019aa0900872ebfadd749594baa09d8a,b1b88a77186d753a5bf61556ff29992e9746bfa10647693e7f831fbf664efb25,
backend/internal/service/redeem_code.go,different,productcore,a3e99ce173af064a203f1f1efccc21f4b87a5a81ce0f49999e78e8a038b23463,a985b698d4a5e5da9117cba09f390115daebdbbde85d99bc18cdcf87b381606a,
backend/internal/service/redeem_code_test.go,same,productcore,809788cd5736a52db8cf3fc2865b813dcf27eb53427c7418cc78eebcb9be2d2a,809788cd5736a52db8cf3fc2865b813dcf27eb53427c7418cc78eebcb9be2d2a,
backend/internal/service/redeem_service.go,different,productcore,265ec18a3041df3a81e1d53c16539b92e80419d5b548f477f4a107bb6ee7d787,a86713e4b46a0dca13896455d9eb8d69d0048e16fefde650c4c2a1ea60d0f5ea,
backend/internal/service/redeem_service_batch_update_test.go,different,productcore,fb226044ad99802f64e8055c8ab33bd35a8b73361924e1336718de41343baa18,2be2a39c92302977e82008cabd5187a86592ef33cd9e2de3509809ccc1cf482c,
backend/internal/service/redeem_service_redeem_test.go,same,productcore,18804bd8cac8a8a09de04d96076b5c2cf6a5eee9aedc1c0d451cfb7bf94386d7,18804bd8cac8a8a09de04d96076b5c2cf6a5eee9aedc1c0d451cfb7bf94386d7,
backend/internal/service/redeem_subscription_plan.go,current_only,productcore,,da7946eedb224fae144ddd89f5014869d9124d88355d8d91ba5fc95fcd0a30e9,
backend/internal/service/redeem_subscription_plan_test.go,current_only,productcore,,0104f2ccccfb04ed7fd9f019060d324f4aab7eb41e8e9c7bddcd3da02c93d81a,
backend/internal/service/refresh_policy.go,same,runtime_provider,85872d7ff14a4a2165a5634649b52e7b5ac488cf450d8449cd16bd10233f17a0,85872d7ff14a4a2165a5634649b52e7b5ac488cf450d8449cd16bd10233f17a0,
backend/internal/service/refresh_token_cache.go,same,runtime_provider,495ae5c37bf64e353ecccaa652dc5fc0bdea8348780ac9380f07b797e9c22b8a,495ae5c37bf64e353ecccaa652dc5fc0bdea8348780ac9380f07b797e9c22b8a,
backend/internal/service/registration_email_alias.go,same,productcore,58066a41da02dc012afcade58622c13cf04c8869999672255b58d93972ca2a67,58066a41da02dc012afcade58622c13cf04c8869999672255b58d93972ca2a67,
backend/internal/service/registration_email_alias_test.go,same,productcore,beec584293a1ffa77a54a5ab327bb37223b175325e0d6de72844535e6f7fd7ed,beec584293a1ffa77a54a5ab327bb37223b175325e0d6de72844535e6f7fd7ed,
backend/internal/service/registration_email_policy.go,different,productcore,dbb00da2e0a02f23f9e9632cd1db90273d89676c48c5ccf9c93cda7827757184,19aea6647faecf7b436795b78c9f88576c422b56523a0d065ce6b2e4178c7b08,
backend/internal/service/registration_email_policy_test.go,different,productcore,60154d66e0d76d27543dee532dfdf43b787351ef83a0f35440af72a7a47c2578,dab44ec3c2a53aac8d913b9f35ef237daf41efaab39436564a250d9a43e6dfc7,
backend/internal/service/request_metadata.go,different,runtime_protocol,19e4b0e3a521f41f0d7118fa1f48a91d041702e3cd2fe352b32a3fe04716df8a,e3a8eefa9107d86385ae80913d545edc27dddfa9232f0fdefe203750689c3880,
backend/internal/service/request_metadata_test.go,different,runtime_protocol,8506572d0b49c3459930a5d730029bf35608cae6b29a2437fdbeca0aa41a1868,7fe67f1040cf9e7a7e759e3611f061b6f1bb008e87f2307c347f12d35bf44caa,
backend/internal/service/response_header_filter.go,same,runtime_protocol,f7eabd9e4fb8eac4e899c2b3f96aff77d696db3e21086707041e2890e5445de6,f7eabd9e4fb8eac4e899c2b3f96aff77d696db3e21086707041e2890e5445de6,
backend/internal/service/response_model_billing_test.go,official_only,test,ca483fba2a607702d38d2648d717f4a9d92e9f4e2df1372d71762b7fbdafbc33,,
backend/internal/service/rpm_cache.go,same,runtime_protocol,f1c6a3267c2e6c2b0f09564bbf7f102483ddf46cde5a688d45e787a08aefa97f,f1c6a3267c2e6c2b0f09564bbf7f102483ddf46cde5a688d45e787a08aefa97f,
backend/internal/service/runtime_boundary_billing_contract_test.go,current_only,test,,67340767a77d10805e472fe150e121def6ad41af14d21fbf350b2b6baa16a5a1,
backend/internal/service/scheduled_test_port.go,same,runtime_provider,1b4fbaedd5506891bfc34b2dc9c088526bf862a98774d362ef2b3180146587a3,1b4fbaedd5506891bfc34b2dc9c088526bf862a98774d362ef2b3180146587a3,
backend/internal/service/scheduled_test_runner_service.go,same,runtime_provider,0356c6d229705bb03b49dce8490ec15dfb4f7636324e7142802c4189069e4cf0,0356c6d229705bb03b49dce8490ec15dfb4f7636324e7142802c4189069e4cf0,
backend/internal/service/scheduled_test_service.go,same,runtime_provider,701bc4e096a26d7cf97159154d9cc693e257f9a5e5faa7f387e5bb0a1f1949b0,701bc4e096a26d7cf97159154d9cc693e257f9a5e5faa7f387e5bb0a1f1949b0,
backend/internal/service/scheduler_cache.go,different,runtime_provider,61d833d00617668a54cce36d4b2109515fdd451e7e054d6012895d9e012683de,99f2095d6cb86f82e5cb8604d16fd833a8991268cc0ba8e708b0ada3966aec44,
backend/internal/service/scheduler_events.go,different,runtime_provider,202959e2465985139935f5dc3393804040e157e51e1650f11e1c5782a95ce61e,ef515d426e98abf26d7030fe6a2244339f13c5440104062b8c600d40477f5426,
backend/internal/service/scheduler_layered_filter_test.go,same,runtime_provider,235850ae48956654f84e443acd365d8ed544b508e55bc2365e926fa41a54f298,235850ae48956654f84e443acd365d8ed544b508e55bc2365e926fa41a54f298,
backend/internal/service/scheduler_outbox.go,different,runtime_provider,f231f7b4427bb62aad9c3560a7b01b33b4e3c6fd087724ebee13b2b4e361cea2,cd71fcc29becf1abf6f6c3062adb2e56a908aa2e4d575be5fb3141a73e761a96,
backend/internal/service/scheduler_platform_test.go,current_only,runtime_provider,,42ec6aa7b3126275b193e8f08a127e7b2d7b4b9d8553fb0b2b6180b73d6f126e,
backend/internal/service/scheduler_shuffle_test.go,same,runtime_provider,7841a0ea1d533b05e5f3181478e24199f365e64724e4148f2a41b715fbc126fd,7841a0ea1d533b05e5f3181478e24199f365e64724e4148f2a41b715fbc126fd,
backend/internal/service/scheduler_snapshot_batch_query_test.go,official_only,runtime_provider,e2c39fae3fb99d74e80a3f3130afc751019449e3ad6184c3c74f8943d0c63bdd,,
backend/internal/service/scheduler_snapshot_bulk_event_test.go,official_only,runtime_provider,3d48e5daa49d65a3210625844d26ec7be9ebe4872d38b5c85e50f5df7a7f89ad,,
backend/internal/service/scheduler_snapshot_cancellation_test.go,official_only,runtime_provider,f25f01928a6f9eaf1154091ccce98e188c5cb9440df8d88a0298a75fb666587b,,
backend/internal/service/scheduler_snapshot_full_rebuild_lifecycle_test.go,official_only,runtime_provider,c3625c95ff6989597b77f842715e1b68835eb1333dd37a21e9e419cab34214fc,,
backend/internal/service/scheduler_snapshot_full_rebuild_test.go,official_only,runtime_provider,a9b1dca60a51237b7482c7a75277d984b5292b5094791fd2303727820cb60d7b,,
backend/internal/service/scheduler_snapshot_group_lifecycle_test.go,official_only,runtime_provider,9d7cbd910d157bd29bd8151acc17a98ab38d88c3ad138b754c9cdbc010bb8bcb,,
backend/internal/service/scheduler_snapshot_hydration_test.go,official_only,runtime_provider,b5f362c1d8069e1714f081dadaf9d7bd4e416b193d56839b0e65a554dae361ae,,
backend/internal/service/scheduler_snapshot_outbox_cleanup_test.go,official_only,runtime_provider,aecb145a8649b2984d50fc814222338cc937e36f07441b564264aceaf04c3436,,
backend/internal/service/scheduler_snapshot_retirement_test.go,official_only,runtime_provider,2eebed5e7e443827d87e188ad6b1147275ebe7a3f1a729e34230da1a23d1ae20,,
backend/internal/service/scheduler_snapshot_service.go,different,runtime_provider,d1351bfb8a308099667fffee91e31c1f8ffb7ef3ff0b16d6cbf89330bc8f4bf9,97a7c9719e410b2d75df656b8338b3bf8decb32c7055b1b33055d3574bfd7d73,
backend/internal/service/service_tier_billing.go,official_only,productcore,6bdd39e3245371d5af931aeae2ae633a5ee8f957181360801a4d51227464b34f,,
backend/internal/service/service_tier_billing_test.go,official_only,test,19074360385d43b4e214fba8d01a93663a04d7dbf1ef8bd7d162be193187feeb,,
backend/internal/service/session_binding.go,same,runtime_provider,8810eebc38cb8589a7cff08d61dad47a86fc61b2fd7fc23aef81a4db9b826af9,8810eebc38cb8589a7cff08d61dad47a86fc61b2fd7fc23aef81a4db9b826af9,
backend/internal/service/session_id.go,different,runtime_provider,ca7f8e4c6769569cd9a24f55ef147d567fb98c87f2b3d32f31b64e48e37089ed,01fe15f3ab5e814cb0b3b600c1243bb6824649636f00d0aaec83041ec6abc51d,
backend/internal/service/session_id_test.go,different,runtime_provider,2a0d6e0272a04bc6fb1f9d311549dc10c122be64d59ee06dda19064bd8c9d554,82c1fac5dbb8a7eace7535f021a24bcad4e74b0a00eb14fed2281be7239e920d,
backend/internal/service/session_limit_cache.go,same,runtime_provider,31294184774ce2609f5baf33a3429a35bb0f1eec0c02d3a872869f198c2804c9,31294184774ce2609f5baf33a3429a35bb0f1eec0c02d3a872869f198c2804c9,
backend/internal/service/setting.go,same,productcore,9014999d8df8800455c5572024896787a3d5d8e87dd4f304f5330bc15ab55faa,9014999d8df8800455c5572024896787a3d5d8e87dd4f304f5330bc15ab55faa,
backend/internal/service/setting_features.go,different,productcore,a0b31e7fa3c18efdc08c6f210c99ad38c4b2c0715d23b62cc3ec0cab93b36b18,02e415783632d27230b4963a71b6532fd35234fc2ff698d68a7d0320981355bc,
backend/internal/service/setting_gateway_runtime.go,different,productcore,0ec35eaae08490791cda9eb32d6575bf5ef1afd84237e491b67866da63ede11e,0fe0e046836a8df744e9625abc468fec72a2819be1a92b1e13e248f7848b65ef,
backend/internal/service/setting_oauth.go,same,productcore,dfbfdb2577647883b6818002b0d5a7590e1df988b4a7f3dced440c48ead5f358,dfbfdb2577647883b6818002b0d5a7590e1df988b4a7f3dced440c48ead5f358,
backend/internal/service/setting_openai_apikey_health.go,official_only,productcore,e5a5edf8a8a249a0f22bd6f0c215511cc83424dd419aef73604f7fc9c1a4a0b6,,
backend/internal/service/setting_panel_rate_limit.go,same,productcore,105529e37668125435d7d98c6eecd76342bc9c14f489cb1f6fd8d39753bb3707,105529e37668125435d7d98c6eecd76342bc9c14f489cb1f6fd8d39753bb3707,
backend/internal/service/setting_panel_rate_limit_test.go,same,productcore,757fa846e96a68ce217d8830d0fd3da44e4d47ea542f3cbf0ace2178ee5e0ccb,757fa846e96a68ce217d8830d0fd3da44e4d47ea542f3cbf0ace2178ee5e0ccb,
backend/internal/service/setting_parse.go,different,productcore,7beba3c42b84f0eef6de5c95606331a8629e344f3f46ede3958f70067c92d29c,a24558e49f138611096048d18a9211055ef64b037d33156811110a21add7cbbb,
backend/internal/service/setting_public.go,different,productcore,9827195ad8ada0b57437a69c4ca500689e2cd217f6d63c6b06a06eb6e893a695,7255bd3176a70ff63ff011fa0c60b229a99db1c0af2413abbed5e1a913216059,
backend/internal/service/setting_service.go,different,productcore,278524a31e0afe01deecf1ab9959f74be530126fe4dbd60a58304f2e60c31827,727372c0f4e47a86daaf98a9972ca096e8ceb89a1c657e666230030144476c81,
backend/internal/service/setting_service_auth_source_defaults_test.go,different,productcore,9d44fdafc968862c849a9c73d1a72d9c9695c4caa9ebaf5cb93d7e58afee1f01,cfb56d8cfae1c627aeb46e7a4f74069abf51603d2dd78260694fdf02589dbcd7,
backend/internal/service/setting_service_backend_mode_test.go,same,productcore,862b2836a334f0b4bfc11877d84fd5cb46f716ed258ae853148ce82a79458ea8,862b2836a334f0b4bfc11877d84fd5cb46f716ed258ae853148ce82a79458ea8,
backend/internal/service/setting_service_claude_oauth_system_prompt_test.go,same,productcore,59524f46f0cbf83a11378a91ed8121287d38892dc92d6c499fb85bbc93579821,59524f46f0cbf83a11378a91ed8121287d38892dc92d6c499fb85bbc93579821,
backend/internal/service/setting_service_codex_policy_test.go,different,productcore,a490b2eac25977beb063c60f5f94cef286fcc09c1227205696ccd33bf869ead1,188ef6fb05a07c267ce3450164b1d71f86dd4cab842cfc829660b664b64bd277,
backend/internal/service/setting_service_codex_validate_test.go,same,productcore,5b865c39ed7d3bcc55660f5d3807c4d71e13d5cff0ff445c02030013e0142e73,5b865c39ed7d3bcc55660f5d3807c4d71e13d5cff0ff445c02030013e0142e73,
backend/internal/service/setting_service_oidc_config_test.go,same,productcore,550a432fa0a21f09d57b2ef9829fbb26c0d3b07eb319bf067a90d5b7d5cc8b60,550a432fa0a21f09d57b2ef9829fbb26c0d3b07eb319bf067a90d5b7d5cc8b60,
backend/internal/service/setting_service_platform_quota_test.go,same,productcore,79a2155c38c274b1287efb36d2845264799eb0bfbc071187a43d6eb7209a06b4,79a2155c38c274b1287efb36d2845264799eb0bfbc071187a43d6eb7209a06b4,
backend/internal/service/setting_service_platform_threshold_test.go,official_only,productcore,959034e051941c593c928f0789d4d90e867aabb213f6f09f18f24ac4fbce81c4,,
backend/internal/service/setting_service_public_test.go,different,productcore,5912a14b470165163d8dc69e6a15818cc1ffc6baea807f452906727d8334a45d,82b4632277753b5d008497f7a462794988a0bc19f00c0ee6d7d6528e607358b0,
backend/internal/service/setting_service_update_test.go,different,productcore,b764bf97161d535d2b3653f594e25af9d7f09f855f705344437ee5bcbe831db2,61dd83a5c2c92870d296ecee294126631cc133bab42ef88344f96c7c0458627a,
backend/internal/service/setting_service_user_error_persist_test.go,same,productcore,5d98f328c1e350bab5412aeda8b0e0206bc1b4be483de33257d4874c6a0db92c,5d98f328c1e350bab5412aeda8b0e0206bc1b4be483de33257d4874c6a0db92c,
backend/internal/service/setting_service_wechat_config_test.go,same,productcore,7bd5d8e3f6eb95b97896754641799111f25f1e53d2952400821f47ccf7f9566c,7bd5d8e3f6eb95b97896754641799111f25f1e53d2952400821f47ccf7f9566c,
backend/internal/service/setting_update.go,different,productcore,f7bc23e4b3f618955ec2188b655357b34e8b2c99dbe42cd102f155f67a404d90,9f2cb12218d5a43248001378e771f022d1f337997829d7c9f9f7aad80c3c7644,
backend/internal/service/setting_user_error_view_test.go,same,productcore,b2980200d4a58026d3aa3190581808180e0277040dc5c33b50fbcfa4a644914a,b2980200d4a58026d3aa3190581808180e0277040dc5c33b50fbcfa4a644914a,
backend/internal/service/settings_view.go,different,productcore,ff348a2079c32fcaec159d2d7ff2c0d4789e09f2ed9e3ccbeafed9d3b55ecf73,870130c0623f5eb1c3ab6a329bb38d56572ef84d4d5f64fefdeecb3068876841,
backend/internal/service/shadow_routing.go,different,runtime_provider,f57727051fe8f138fe0ef05320f6a109c8316f751c50ca3201b9473200dd7086,00e558b0e0939c0a8cb392bb3b9216e46da08bef4700c86948979ed46e873c7f,
backend/internal/service/shadow_routing_test.go,different,runtime_provider,9e065537c7ce57be0349dc47fcfe3159c113ce031fc81374f44da8f4a13c05a8,35df3d681fbe2049f2aebecd0c8a201576e090c282d3adab49a3b2cdeea42127,
backend/internal/service/slice_helpers.go,same,infrastructure,f217bbb1d4b4222a1a22d2a6c3e49d10edaa79bc0152369526f6327675009fa0,f217bbb1d4b4222a1a22d2a6c3e49d10edaa79bc0152369526f6327675009fa0,
backend/internal/service/spark_shadow_integration_test.go,different,test,e8237c35bd14d87f7b68b1af84583599a89e737d3f46b33c116717d060ac21fd,e6f7ea16db6ed822e82f77a13c392d76c42b1bda4d1c949336850c7181e84e5c,
backend/internal/service/sql_errors.go,same,infrastructure,c0439b515eb6fde60e68d3c1569d8f8000d20bd3a6c6f13fda57ba3b804e63d2,c0439b515eb6fde60e68d3c1569d8f8000d20bd3a6c6f13fda57ba3b804e63d2,
backend/internal/service/sse_scanner_buffer_pool.go,same,runtime_protocol,2f9591a40e7374241d2dce437566a41a146e72c0ac0cf40d544e97e82007388d,2f9591a40e7374241d2dce437566a41a146e72c0ac0cf40d544e97e82007388d,
backend/internal/service/sse_scanner_buffer_pool_test.go,same,runtime_protocol,5a57e7d2c80623f0832fbac7594c7e887f968b7ba7297530199849a32ab9cafb,5a57e7d2c80623f0832fbac7594c7e887f968b7ba7297530199849a32ab9cafb,
backend/internal/service/sticky_session_test.go,different,test,7bd7d82ba8a35765f15ac45cc1ac500edd94dc085e6c9acb815bebcded40adbf,351041da8996a8f2110fbb800dbdf17d61609d735d7651caa01e3b969edca2b9,
backend/internal/service/sub2api_account_runtime.go,current_only,runtime_provider,,2337dd073399dbff9f34de2c8d81ff262ed2e8f853f3f6ea6ef5c81a6a7a56ae,
backend/internal/service/sub2api_account_runtime_test.go,current_only,runtime_provider,,8e30bde27bc183299a96226d342eedd01b333e9ca11a5f5ce765ec4d3a3c9cf2,
backend/internal/service/sub2api_pricing_adapter.go,current_only,productcore,,e16df75f459482dfe637116d184e1f90ff86c4db7aa908e2869a282bfa41d48d,
backend/internal/service/sub2api_pricing_adapter_test.go,current_only,productcore,,84a3546b726a4e7e4696926827753764a7767fc6ba47d03c5e7f5c60e3c04a83,
backend/internal/service/sub2api_product_usage_finalizer.go,current_only,productcore,,16e5acdfc19e2b69384f576bf02d954749806d65b6e864a0f0c760325fee6ede,
backend/internal/service/sub2api_product_usage_finalizer_test.go,current_only,productcore,,0550ef88d26aeb8e5cf4300f4b1e470f12b4fd7e36c176b13767e37fac114c95,
backend/internal/service/subscription_assign_idempotency_test.go,official_only,productcore,d194a879ec8a6d13facc178bb3a1b52af115f72f7783023c88810896cf82cad9,,
backend/internal/service/subscription_calculate_progress_test.go,official_only,productcore,4e5465fae68c902a38ac3fb92f11a8b9288ef1cf96982ef53e14d42897e419c2,,
backend/internal/service/subscription_candidates.go,current_only,productcore,,5e5dc395d19d238277207e6367b45ff3261910e13b5ab6254d937a16632848a3,
backend/internal/service/subscription_candidates_test.go,current_only,productcore,,5c810b822c774bf79a49c82e81e2d58a405f4638ebeee73b40399a634c6f8ed4,
backend/internal/service/subscription_daily_midnight_reset_test.go,different,productcore,de05cabee506dea869eaaf375b8134f09aba3830a2c6ceca7b12b90ccbf07c3f,5bdab66e54fde91a76191a61f5494f12345261984c75f56c5211d767c09af572,
backend/internal/service/subscription_expiry_service.go,different,productcore,0641161fbb95fc7092a0e69e09aeaccf0fa34a2cd8b45ef39725e67472220d85,dbfe84acb1db1d40f94c4c84cfbef97779c7502ef8c567713f57cfe0fa4d7111,
backend/internal/service/subscription_expiry_service_test.go,different,productcore,acda4ce4c74b4549ca53c528100b0f7c86047f828b6da040f28604950680c9a7,f0703efd73f08a3015d691a7e4854d54cb5964e7c1a9b22461bf4cb4eee741f0,
backend/internal/service/subscription_limit_boundary_test.go,current_only,productcore,,abcd3c2997591e590306a368bba3b069534c7957e608885b7222fa160dfae9dd,
backend/internal/service/subscription_maintenance_queue.go,same,productcore,b66e9ac47204a41d4df68df0f6d792f812378e164dbba0c359fb6ee03a0bd085,b66e9ac47204a41d4df68df0f6d792f812378e164dbba0c359fb6ee03a0bd085,
backend/internal/service/subscription_maintenance_queue_test.go,same,productcore,6365b401f3a3a4457490239c3d15b8ccf0138b95a1b52c3f7ae6c9a727169840,6365b401f3a3a4457490239c3d15b8ccf0138b95a1b52c3f7ae6c9a727169840,
backend/internal/service/subscription_monthly_window_test.go,different,productcore,edc4c0a295bf241b3213904f2a5ffa6a11a33167e9dcf2a8e8a023fe0a67909b,24762c030a14261b2e450df0b73bb864c84ae8d0dd8d556426c72c8edec1c249,
backend/internal/service/subscription_plan_bulk_assignment_test.go,current_only,productcore,,109c2138b3b073c9970b22a7996a09be9a2681ab66a59660a492a2a24c34ec81,
backend/internal/service/subscription_plan_snapshot.go,current_only,productcore,,da307db6f4d30dd8b73d4691eb31ba7b8d0f827357849412ed406770db1a3655,
backend/internal/service/subscription_plan_snapshot_test.go,current_only,productcore,,844f3d704ab39bd74880c9ef9163bbe3911972d0ef6db108ed64230327e1449e,
backend/internal/service/subscription_renewal_lock_test.go,official_only,productcore,cf16ee4c42eac23698e83dab835c4e426dbe534b5afdbc41eaa68c6faee538c9,,
backend/internal/service/subscription_repository_test_stub_test.go,current_only,productcore,,11a11d0c24c305d47b36b48e1f5230088341b0568543f47d8095c79a12c3fc94,
backend/internal/service/subscription_reset_quota_test.go,different,productcore,74a8125956be67d98d9cad252447f1fec37bd11cc08ead5849ede352716b6504,d324c320f2847e81be80c684abf997a0807a098b19592e02510366011bfff29f,
backend/internal/service/subscription_revoke_cache_test.go,different,productcore,6f015532304c93b9876bf5c9db13d2abd3638490809ab4ca0a06c0c518c9e99a,fb6ad8fc6faf90f0fea26429b92e9029cbaa22d26afde41c8d463d1c1185a19b,
backend/internal/service/subscription_service.go,different,productcore,64ac7c40d5d2dd667a8e3cbc13af2ac977288a0d199dd26123c5524679607cc1,feff39999dd4846612aed8b3a257cc48c3e0e6c28dc3aa3a3c37fe2f34aef102,
backend/internal/service/system_operation_lock_service.go,same,productcore,7fe1f8e2423b51d6040d1c6de67f94c74e22efdc9739a9920fdb41b92b3cae59,7fe1f8e2423b51d6040d1c6de67f94c74e22efdc9739a9920fdb41b92b3cae59,
backend/internal/service/system_operation_lock_service_test.go,different,productcore,2da620ce547631edb0ea469373e66bf48dfa385a45d28dd8f50ac75bc6d717c0,0beb57b67a22af4b9b089f690ef443b196fc6426990fee167b4c0cd0f33f1b4c,
backend/internal/service/temp_unsched.go,different,runtime_provider,8b22e5d1d11121788a7510e7d2a35e3fcba4a7ba2487dbaad433fd9ab34918d7,fc24781bd3ca50ed9b457d3aad867ea67e46485bef7a884467cee9f4554d5d68,
backend/internal/service/temp_unsched_test.go,same,runtime_provider,bfeea77c739ea689a20bade19c1dd23346f0c905a58d1394e2e30677de579bd7,bfeea77c739ea689a20bade19c1dd23346f0c905a58d1394e2e30677de579bd7,
backend/internal/service/tencent_captcha_service.go,official_only,productcore,021ae5e9c16c5f0ecc5e767d40d8ac64e6342a0a5ccc563b8e93354e34637c0d,,
backend/internal/service/tencent_captcha_service_test.go,official_only,productcore,cebbc706fea49a47fee81f731a5f34ad28e322caf3545e6c31ae983445f953e0,,
backend/internal/service/tencent_captcha_settings_test.go,official_only,productcore,27aff73965541288856fbcc2b6ee370f94e8f30808cd76668b148bc398ae4083,,
backend/internal/service/testdata/ollama_settings_usage.html,same,test,f4f135e6c8aa2dbb9591146c523ed9f19434a8a635a30b02c63b0b4977df2d21,f4f135e6c8aa2dbb9591146c523ed9f19434a8a635a30b02c63b0b4977df2d21,
backend/internal/service/testdata/security_monitor_system_prompt.txt,same,test,03c2e57fa0e6f370275b489f9ac9548f322a3329da7da73e219d2222ca0b9490,03c2e57fa0e6f370275b489f9ac9548f322a3329da7da73e219d2222ca0b9490,
backend/internal/service/testhelpers_test.go,same,test,2167e35987a1c3773d6ade429ed94b2b4a1e9e3e56524c00ff191feb73659c78,2167e35987a1c3773d6ade429ed94b2b4a1e9e3e56524c00ff191feb73659c78,
backend/internal/service/thinking_protocol.go,same,runtime_protocol,48fd6663d55a9a0c49921348013bc8cc039e123175da8f0237c83cf0c111796f,48fd6663d55a9a0c49921348013bc8cc039e123175da8f0237c83cf0c111796f,
backend/internal/service/thinking_protocol_filter_integration_test.go,same,runtime_protocol,ff2d6ee427f6a352e9ae717173845f168e6308f39582370804773d9a61c3383d,ff2d6ee427f6a352e9ae717173845f168e6308f39582370804773d9a61c3383d,
backend/internal/service/thinking_protocol_test.go,same,runtime_protocol,0c557c8478f3ffee1fd6ed6d9869af40f06a8fd712b9835cbacd48d353f56b6a,0c557c8478f3ffee1fd6ed6d9869af40f06a8fd712b9835cbacd48d353f56b6a,
backend/internal/service/timing_wheel_service.go,same,infrastructure,3d96aa9bf536c5a152d4201223db22a3a3c98d34cf4bdccbaa454ad406463a04,3d96aa9bf536c5a152d4201223db22a3a3c98d34cf4bdccbaa454ad406463a04,
backend/internal/service/timing_wheel_service_test.go,same,infrastructure,5cd363e7dd09b35832e7f48ed3c68dc5bcac1ec58018db7647db764d31429769,5cd363e7dd09b35832e7f48ed3c68dc5bcac1ec58018db7647db764d31429769,
backend/internal/service/tls_fingerprint_profile_service.go,same,runtime_provider,3a07e4c017bb89a0f6b3c3b3d69769dc04e85d9ce00fbdac0eebc6459d7f94c0,3a07e4c017bb89a0f6b3c3b3d69769dc04e85d9ce00fbdac0eebc6459d7f94c0,
backend/internal/service/token_cache_invalidator.go,same,runtime_provider,ef5e516de4fd230ff92c2c717a7d9af0d67e3ffea7f439386a86ef26068757f2,ef5e516de4fd230ff92c2c717a7d9af0d67e3ffea7f439386a86ef26068757f2,
backend/internal/service/token_cache_invalidator_test.go,same,runtime_provider,112b6900a1a2ae220046ff2c622ac3a282568ec103a8c2251893bc4762dbfce7,112b6900a1a2ae220046ff2c622ac3a282568ec103a8c2251893bc4762dbfce7,
backend/internal/service/token_cache_key.go,same,runtime_provider,00922836adffd7f4a5bd97d14ff6e3bd4884b6da49391728531a7b212bb4ee8c,00922836adffd7f4a5bd97d14ff6e3bd4884b6da49391728531a7b212bb4ee8c,
backend/internal/service/token_cache_key_test.go,same,runtime_provider,d64984fe0a3d0d99ce97dc646a0526f1051ba1956cdf142825729bfa9e2bec29,d64984fe0a3d0d99ce97dc646a0526f1051ba1956cdf142825729bfa9e2bec29,
backend/internal/service/token_refresh_pool_health_test.go,same,runtime_provider,361b3cde30aa5bbb5213b5db029816b64c1209139defa23570b8d0315608284a,361b3cde30aa5bbb5213b5db029816b64c1209139defa23570b8d0315608284a,
backend/internal/service/token_refresh_service.go,different,runtime_provider,030445d6638fc209485282ea3715647f3302bf302cd632a9c4c2d0fdf38d6131,45569a1241d9a07943fd16d526464112be536b1735592b235814c91d38721cd7,
backend/internal/service/token_refresh_service_candidates_test.go,same,runtime_provider,fe4985c82443254c16b82f2667f33a86e0cb81af693b3a81cbbb2ee4a3372d05,fe4985c82443254c16b82f2667f33a86e0cb81af693b3a81cbbb2ee4a3372d05,
backend/internal/service/token_refresh_service_test.go,same,runtime_provider,08ce82cba71c39e3ce7186829d0b04a3d95a5f10344966f376edbac7e3c682e8,08ce82cba71c39e3ce7186829d0b04a3d95a5f10344966f376edbac7e3c682e8,
backend/internal/service/token_refresher.go,same,runtime_provider,af2f01ff7d77cc14c5a7cf046c21e5ce129c0ab39aa3e14523dc2712437308a3,af2f01ff7d77cc14c5a7cf046c21e5ce129c0ab39aa3e14523dc2712437308a3,
backend/internal/service/token_refresher_test.go,same,runtime_provider,df31560afe70d62cb0fde0e93fd06874b57b02c75db9ee63723f532c7c81780d,df31560afe70d62cb0fde0e93fd06874b57b02c75db9ee63723f532c7c81780d,
backend/internal/service/totp_service.go,same,productcore,56c2c2c7dcdc3717e2d31eeacc2a33a111bb3d7bae682542123aed313b87c2e5,56c2c2c7dcdc3717e2d31eeacc2a33a111bb3d7bae682542123aed313b87c2e5,
backend/internal/service/totp_verification_method_test.go,same,productcore,f7580a323238dad7468ca0880f9111e2cfc00b79d4e27d4e4511a10f2941f7b8,f7580a323238dad7468ca0880f9111e2cfc00b79d4e27d4e4511a10f2941f7b8,
backend/internal/service/turnstile_service.go,different,productcore,209c31d028b3b3d6205eab83e79ca559a602f98e289e3c209448ddecb185e71e,6e25a9ad1aa672d39db36cbb9f2fbf992b88c695667316d45f70b40dd8cf0642,
backend/internal/service/update_service.go,different,infrastructure,acf40afa0062de39d977a7e927f99a67c3188638016f440b04991ae40df42cc2,7487f3216fe9600688701f7b5db2c2b7a916a04caeb4d764596cf6756adc789a,
backend/internal/service/update_service_test.go,same,infrastructure,d91d449557f3b36c39309bbfe9ae7e131fd462e4664027d911bcf161fb145f96,d91d449557f3b36c39309bbfe9ae7e131fd462e4664027d911bcf161fb145f96,
backend/internal/service/upstream_billing_probe.go,different,runtime_provider,5328420cd7356ed57382eabf400e08ce3a7386ae6ffd3bb59275dfa19529795e,b3acf1f2ca7b0f1d11d3b1a449dd6c48cac5cc5cbd9664f9b2d4ac8586d90b30,
backend/internal/service/upstream_billing_probe_multiplatform_test.go,official_only,runtime_provider,668d535e658360f8449bed61cdd2fbae9f4e49cc588c2906240395ccc04cb7bb,,
backend/internal/service/upstream_billing_probe_test.go,different,runtime_provider,64aa5a42cd5436a92f547c539923a2eff78d831277cfccd01f4c09c891f49db0,b686b3840a08e74ab626fc2df4bae45a459712065e1369d186e823aa698cce20,
backend/internal/service/upstream_models.go,different,runtime_provider,79813651ea697b7e5eb59e9cb489f1d1a35c337ee1f3571a917cc5f0c0d7824b,7a8d0c71fd53a86812c0074127199f395c0832c996443eaea78272af0362d603,
backend/internal/service/upstream_models_test.go,different,runtime_provider,9b55bd127eb64f60ae7a2d883e9a5d056fd7d5b0d220f949fd0b8f80af8513d8,7ae0d424dc90f02718dbad0c8acb554cd3d05337edfbafc02f8a5c1ff0a44295,
backend/internal/service/upstream_path_guard.go,same,runtime_provider,480f9ca67b191d276af3382426d61731b8106e5d01e23adf1ad11bcf0091133b,480f9ca67b191d276af3382426d61731b8106e5d01e23adf1ad11bcf0091133b,
backend/internal/service/upstream_path_guard_test.go,different,runtime_provider,fbc36c0032da74916cab9049811a53427bc52516ca2f52426c6cb949f7464810,9bccd223f1a2a81dffa545262d47f3a7e47dfc78252159be093ae0798ae15791,
backend/internal/service/upstream_response_limit.go,same,runtime_provider,d7179b95dc584cc9ab19afa6e9e1e5dac8ebd67c5454b38083d920c93a375e81,d7179b95dc584cc9ab19afa6e9e1e5dac8ebd67c5454b38083d920c93a375e81,
backend/internal/service/upstream_response_limit_test.go,same,runtime_provider,0ed0dc771c0e57079e3b41b623e596582ae556091d820e20ae9e2657b0054896,0ed0dc771c0e57079e3b41b623e596582ae556091d820e20ae9e2657b0054896,
backend/internal/service/upstream_response_model.go,official_only,runtime_provider,223dab254ae1c6609220696f92b50d940189c591b741402359da377a1b6e32a2,,
backend/internal/service/upstream_response_model_bench_test.go,official_only,runtime_provider,3709329a9de8bc3bc708d113288d362718c028bfe9ac9359cab2a5bba7d56101,,
backend/internal/service/upstream_response_model_test.go,official_only,runtime_provider,533e1f0f72090e6859fd63962bd27908324e9ddc530e97d3ec83e71062e0f9a2,,
backend/internal/service/usage_billing.go,different,productcore,245ffa6e46d494b982a03a3d6e1e9c76aec8cb40d44827cb1128c3efd18a5f1f,fd63dc7eb7ad2999295bdc171910ea13e8f5e002d384511be4ddf3db0d7f5ff6,
backend/internal/service/usage_billing_quantize_test.go,different,productcore,cedd2665cd4b9e0a51aa4492ffc9ac32d0c2d74a9beeb4f34f8c0dcf6c2e3112,55d85069ca2cf520471ff188a84d704efadcad3b17d8204d7b761b5b0d317115,
backend/internal/service/usage_cleanup.go,different,productcore,0d328bc6e591b22f2eb693d556c8f0815d3749da5f723bd7cfcc9c04aa3ae95a,d05c4b2eec167e3ed55b90158bcb776d97cd38f782df5529a26c2a752ccc8ea2,
backend/internal/service/usage_cleanup_service.go,different,productcore,5aa51e58aa9ccc85a0704809c27935269580dd14e3458425a56779bbc10f3601,5312a46485da682a275245629ce2ce097cc75450202784ffe76399eeb56f7165,
backend/internal/service/usage_cleanup_service_test.go,different,productcore,ae69e0ce0d245f4fa008c5294f4da90c296a53ef9a95f8cfd3dc0fe7e1911389,a1dc16f3f27c6493f5b8e95fe6bd3a5a8b13bcd460a26a9317a12eaebb1a3301,
backend/internal/service/usage_log.go,different,productcore,2a80ce394df26f38423fb60fe2c531bd9684388b984d1f4a7c35248233c25ebe,be122379921093fa354c51f1f3e71b57ff7f02c481d497aca98f633ab8bc308b,
backend/internal/service/usage_log_create_result.go,same,productcore,3cc5d3ade3e45206d420898db6c28280293c9a7c5bd238427149db959166a742,3cc5d3ade3e45206d420898db6c28280293c9a7c5bd238427149db959166a742,
backend/internal/service/usage_log_cyber_test.go,same,productcore,26be85d37900442d17ccb349444bf70ce5b57fe55b18f0c4f718971fcaacca82,26be85d37900442d17ccb349444bf70ce5b57fe55b18f0c4f718971fcaacca82,
backend/internal/service/usage_log_helpers.go,different,productcore,b1186bd621642e1e6a7d39f4824d683a56b59059eb6f3c3b299e4d5ae6a1f8e4,34d4eb7717e1d7a87690607f930036fdf22bebc1ee68495730c6ba0ce3909c31,
backend/internal/service/usage_log_test.go,same,productcore,4863a9ee6065f16fafeb2e802121e7bc5409b238930595421fb36f1c9211d5a6,4863a9ee6065f16fafeb2e802121e7bc5409b238930595421fb36f1c9211d5a6,
backend/internal/service/usage_record_worker_pool.go,same,productcore,c6bf93cc2f6bd7f95cdead769851f962494210d72e86a33962ba2237fc7b29a4,c6bf93cc2f6bd7f95cdead769851f962494210d72e86a33962ba2237fc7b29a4,
backend/internal/service/usage_record_worker_pool_test.go,same,productcore,526a2a2c1f9c20ed67da1fd37498ac8955064035fb2515145c6d5fb4442aeb69,526a2a2c1f9c20ed67da1fd37498ac8955064035fb2515145c6d5fb4442aeb69,
backend/internal/service/usage_repository_test_stub_test.go,current_only,productcore,,55a0b6a6a7b6ac5bf608657b1382b04953286629fe24048c455620e2e12babf2,
backend/internal/service/usage_service.go,different,productcore,abbd946325a8ce30ae1414245c1c04c6664382f8f065ba463670928150ab2e13,2986739f9ccb2ae6bf03f8f28aeb128fb3f54a8b173a3cd26900c22034b57fd8,
backend/internal/service/user.go,different,productcore,bc447b1f4805d258bf08e49c96b7156d6d675ef80e69e685db2ff424461789ca,da4f909e2c24cc2c644156d93779030dc4b1becdbb07a796866113b2c3b31fbd,
backend/internal/service/user_attribute.go,same,productcore,ecaf326441b56ff37613bd0c91331f4772a776495ae9228ad24018a0ba0619b7,ecaf326441b56ff37613bd0c91331f4772a776495ae9228ad24018a0ba0619b7,
backend/internal/service/user_attribute_service.go,same,productcore,f1c1bd7b81412e870f92e931755cbbc0af7d7dabfe5a9bb128af0e7c0fc9ee4e,f1c1bd7b81412e870f92e931755cbbc0af7d7dabfe5a9bb128af0e7c0fc9ee4e,
backend/internal/service/user_can_bind_group_test.go,official_only,productcore,e8c3cddf49d7d9b0f4c90f791f40eae07aa28f9aa04dab646440156dda948dee,,
backend/internal/service/user_group_rate.go,official_only,productcore,2730ed5376f65e6c42e1cba3e6aabd933983693eab469d67813fd042b88f9554,,
backend/internal/service/user_group_rate_resolver.go,official_only,productcore,f2e1f68041861724f49fd5f43fe9cef323d67c460e63bdfecc111013c03f32a6,,
backend/internal/service/user_group_rate_resolver_test.go,official_only,productcore,b7dc6f0e9ffab477c201d1817ebfc01db9a81338adfa6a52d5f7bb9f5d7bf853,,
backend/internal/service/user_msg_queue_service.go,same,productcore,aa04f3be81c3460325e4d6545dbdd7e6d2cc7d921f5c12e8d8390cafb8f56088,aa04f3be81c3460325e4d6545dbdd7e6d2cc7d921f5c12e8d8390cafb8f56088,
backend/internal/service/user_msg_queue_service_test.go,same,productcore,b859f099ccdbef7f36a5263222cbf5650bf30db2ebcc139bfbd63d2b6d5e1e52,b859f099ccdbef7f36a5263222cbf5650bf30db2ebcc139bfbd63d2b6d5e1e52,
backend/internal/service/user_platform_quota_flusher.go,same,productcore,7854cac3c27778c39e6489c492a72b56b35da0a15b851c361371af1e4d4a366e,7854cac3c27778c39e6489c492a72b56b35da0a15b851c361371af1e4d4a366e,
backend/internal/service/user_platform_quota_flusher_test.go,same,productcore,7631210a43ffdaa5edc1102ced9732ad67784657d8ae74fda5c692db63b1d981,7631210a43ffdaa5edc1102ced9732ad67784657d8ae74fda5c692db63b1d981,
backend/internal/service/user_platform_quota_port.go,same,productcore,356cdae9bf530d232453fd2242cbbfec085b33ec404324e522b35d92a11da166,356cdae9bf530d232453fd2242cbbfec085b33ec404324e522b35d92a11da166,
backend/internal/service/user_rpm_cache.go,different,productcore,bd849a044cd94c87375ef993404ab18b3dc8e9c9df3d4bbd99c4342b456cd58e,4cadbdcdeb297b000c668812aefde8b8bdf10dcdacc079eba2143fd3024ce443,
backend/internal/service/user_service.go,different,productcore,2d2a3fca55e47a34c5ca5cdb464996800120e99c965943036f5316006293bfcc,28ae40e03c83ba487818e618b73a69c7c923a3e4da8b4f666c38e193bf970fab,
backend/internal/service/user_service_email_identity_sync_test.go,same,productcore,8e212f6db6ea130066dcf174d82a1f814f6e60ab214fe3a776e8b3c1c2ed3b1f,8e212f6db6ea130066dcf174d82a1f814f6e60ab214fe3a776e8b3c1c2ed3b1f,
backend/internal/service/user_service_test.go,different,productcore,7dbb1577ef9ef882c892e22a68da13f725bd80845b69c12505d4de8f8c26d383,dff23680381ae1cb779d97a7e847844336d64f1f2622e5fffb53685fb845827a,
backend/internal/service/user_service_update_fields_test.go,same,productcore,769a15a518705344d6938bcc8a4eb37b244e660ab8681f170966d90552056603,769a15a518705344d6938bcc8a4eb37b244e660ab8681f170966d90552056603,
backend/internal/service/user_subscription.go,different,productcore,faba748f7f767ca107f45558185e18dee8b39591e42884cfa1b57cfe60607a31,45a4469eef0d218dfcce20ad51cff2b6104d86f0936d0cdb5d49f98bd33d0487,
backend/internal/service/user_subscription_daily_quota_test.go,different,productcore,b1ad33aecf028f4afbde235b15051be02d3a58fdf12a0f83dada0b7c246810a1,82b6edb1a92932e6e4ba3f166ca1498e87b1b0067894c21d92aa018ab06ae457,
backend/internal/service/user_subscription_days_remaining_test.go,same,productcore,9341a0df63c7c4c5f41d3b28e41cef00fcf195ca7551854b0ebc7f00ec32c814,9341a0df63c7c4c5f41d3b28e41cef00fcf195ca7551854b0ebc7f00ec32c814,
backend/internal/service/user_subscription_port.go,different,productcore,07d9433322dcd04f5c63f2dc3e591915b3d7f353b9f15e368fb2c59db9abb18b,1ee6e4b0e093374fa16367992cbabdd692b7b85cc64bf11db035b4b2950871c9,
backend/internal/service/user_subscription_reset_time_test.go,official_only,productcore,fd53d2efcbe067e6c0579c98c61d0066860953234f97262ce9d13d5567b889b3,,
backend/internal/service/vertex_service_account.go,same,runtime_provider,b6a2e98a040abe897e43be5c19a6732d50f8d855fd4e84b053dec79cfa38cf19,b6a2e98a040abe897e43be5c19a6732d50f8d855fd4e84b053dec79cfa38cf19,
backend/internal/service/vertex_service_account_test.go,same,runtime_provider,d1d02f5d0cf490e08f8495438cd03b1b683a02c3337f573b35f7eabaf6e403cc,d1d02f5d0cf490e08f8495438cd03b1b683a02c3337f573b35f7eabaf6e403cc,
backend/internal/service/video_billing.go,official_only,productcore,ba51aa1ec306e248fbe58d6f2819e05a08a1d8982fdd99de22d32b3a29c68853,,
backend/internal/service/video_billing_resolution.go,different,productcore,35301fd3555ab315aebb62307cebe89c36bfa2d3e1c3e638791c608a02888a25,b88c9a9d2c8dcfee3c6ec674a69fab336f03573dd8791024793713f24c38b713,
backend/internal/service/video_billing_test.go,official_only,productcore,2e14b70c3e90039884562873969b8c9a4d8f477996f45824e4c1015dd4a89d9c,,
backend/internal/service/websearch_config.go,different,productcore,8f9e7ff993de094859638a6a963dc1c8176add7786abaabbe34093a5d3c4a83f,ea599390cb4022f8b8a163dd03c153c2e83fcb1ac09a8f1b3ed472c94b161732,
backend/internal/service/websearch_config_test.go,same,productcore,ef9a75ce72db8223ee3d83c72bcbf7cf3792f54ba10ad4d1cefec553b6795d43,ef9a75ce72db8223ee3d83c72bcbf7cf3792f54ba10ad4d1cefec553b6795d43,
backend/internal/service/wire.go,different,infrastructure,b9d9dd52731fb3726b3c0bc22646db000be466ee038fa7115841cc55d8608f99,fbe5e545aa50257d1cface08926ce8c3c9396eea7dddd5f2a970ea01a7f456e4,
backend/internal/service/wire_test.go,same,test,52b99a8bbe544514fbab59f442c78d6d5b0c7ef88a3b57d6b4e0cd17280b91ae,52b99a8bbe544514fbab59f442c78d6d5b0c7ef88a3b57d6b4e0cd17280b91ae,
backend/internal/setup/cli.go,same,infrastructure,88e0e6e2609e06943286608582f36e5b32f1a256f112ccc6a11e69a66a8b4da0,88e0e6e2609e06943286608582f36e5b32f1a256f112ccc6a11e69a66a8b4da0,
backend/internal/setup/handler.go,same,infrastructure,37917cd53d4fd57effebfd109c871a15ba65da78f4c076a353e7ec8db53f41b3,37917cd53d4fd57effebfd109c871a15ba65da78f4c076a353e7ec8db53f41b3,
backend/internal/setup/setup.go,same,infrastructure,3605d661be30867e2af681a8f187ab068d3ea550f5e461372c7fb03d712a82f1,3605d661be30867e2af681a8f187ab068d3ea550f5e461372c7fb03d712a82f1,
backend/internal/setup/setup_test.go,same,infrastructure,d26e675c6ca12eea28b7cf6cca03405216557e953b45a206a4f988160393e525,d26e675c6ca12eea28b7cf6cca03405216557e953b45a206a4f988160393e525,
backend/internal/testutil/fixtures.go,different,test,964a657a51e59fd3d3cb700e2826d475fef9fb62035de1756b2b0fa247e97231,2e13d31b066532cc3fd956f6b6e02c1af12868549698eb395fd67eafc83e987b,
backend/internal/testutil/httptest.go,same,test,53dfad6a4fc1779c27f4f81872943ab52d095729756315daa8ff23c11f8e07d7,53dfad6a4fc1779c27f4f81872943ab52d095729756315daa8ff23c11f8e07d7,
backend/internal/testutil/redis.go,official_only,test,80aafff89d102938e72435ce2a6ff18fab63d36e97d29201a6d824cb7da5edb2,,
backend/internal/testutil/stubs.go,different,test,e1c121295623eed6dd0abe6fafa4d89494b96ee9140d9beac4c359d7050f8594,31c2870cf20fadb828a07233ecb3e784a4566982b023a37ee029a989c81f9975,
backend/internal/util/httputil/httputil.go,same,infrastructure,d0343c70ed5cf7e1db479af4d8a6a4be6cfee603350e7789bdcdea526beaa60c,d0343c70ed5cf7e1db479af4d8a6a4be6cfee603350e7789bdcdea526beaa60c,
backend/internal/util/logredact/redact.go,same,infrastructure,e27c10fd74ae98ddc805885057767929b3826b78d047ec7881c07ca1d206e295,e27c10fd74ae98ddc805885057767929b3826b78d047ec7881c07ca1d206e295,
backend/internal/util/logredact/redact_test.go,same,infrastructure,2e39e8a2df4baecea45454f1a56ab16af8f8e7fb6b737b7550ecf4418273c1d9,2e39e8a2df4baecea45454f1a56ab16af8f8e7fb6b737b7550ecf4418273c1d9,
backend/internal/util/responseheaders/responseheaders.go,different,infrastructure,f1b3bb3a9cc9bf5e808aa60dc986c19d3ee60e281160d078d300257c19014f37,0dd60dbd44550e3b08d81f8410a82162ae78600314b6c95fca49ea965def61ed,
backend/internal/util/responseheaders/responseheaders_test.go,different,infrastructure,ae57770147a26c1990beeb57c82e2f59bff3a7f1a35ca63ad054154f580d92a0,c848852748c8adcc460ac68af12f571bfcb73fc6d838e96a544de52ede7bcc14,
backend/internal/util/urlvalidator/validator.go,same,infrastructure,9e8dd8b3363032fcea8b3355e919d4e79fc5dad38d1610cf39ddb88c44c9fff2,9e8dd8b3363032fcea8b3355e919d4e79fc5dad38d1610cf39ddb88c44c9fff2,
backend/internal/util/urlvalidator/validator_test.go,same,infrastructure,6c8fa9596b3ef6235877e547bbabd6b5d6e50fa5890104a4b4ce4f8bab0b47b1,6c8fa9596b3ef6235877e547bbabd6b5d6e50fa5890104a4b4ce4f8bab0b47b1,
backend/internal/web/embed_off.go,same,productcore,403d189cfa4901399261e3b573d84468be61714fa042d16c00736a97a18de3aa,403d189cfa4901399261e3b573d84468be61714fa042d16c00736a97a18de3aa,
backend/internal/web/embed_on.go,same,productcore,b241e67f13ca58445ec683a13176460cc58ac4c8a5a8f18e48b6137b65e63a8a,b241e67f13ca58445ec683a13176460cc58ac4c8a5a8f18e48b6137b65e63a8a,
backend/internal/web/embed_test.go,same,productcore,97a89091eeac1ad4bbab75235974ed05b6b8e34285faf2f36205778e3ff7d6ea,97a89091eeac1ad4bbab75235974ed05b6b8e34285faf2f36205778e3ff7d6ea,
backend/internal/web/html_cache.go,same,productcore,2d5ae61ec96e50c80b1f76d90da7a9ace6b917fa1a22aa226599273d2fdbee65,2d5ae61ec96e50c80b1f76d90da7a9ace6b917fa1a22aa226599273d2fdbee65,
backend/internal/web/static_cache.go,same,productcore,4aec8eeaef29e826e481fb326dfe3bb882b24bb2f7a9821175040177958415eb,4aec8eeaef29e826e481fb326dfe3bb882b24bb2f7a9821175040177958415eb,
backend/internal/web/static_cache_test.go,same,productcore,4335bfa3649bd33bcda783e359981965269a7ddca659ebbbf7666d80c4e3b27a,4335bfa3649bd33bcda783e359981965269a7ddca659ebbbf7666d80c4e3b27a,
backend/migrations/001_init.sql,same,database,488ede96ff8cc8a0566b312eb3be2f7a383d11a243390ccb4c3bbdaa1793d51f,488ede96ff8cc8a0566b312eb3be2f7a383d11a243390ccb4c3bbdaa1793d51f,1
backend/migrations/002_account_type_migration.sql,same,database,351918909b6bcf9e0d8402cd5b840cf8e127f5f4aaa7c486ed12c98fff2d37ad,351918909b6bcf9e0d8402cd5b840cf8e127f5f4aaa7c486ed12c98fff2d37ad,2
backend/migrations/003_subscription.sql,same,database,f6f317f073a808c1f841525b47e84e2cde87fa889137a37f275ccf1defa53170,f6f317f073a808c1f841525b47e84e2cde87fa889137a37f275ccf1defa53170,3
backend/migrations/004_add_redeem_code_notes.sql,same,database,06e0488117658a3a3f7d9736ac0a1da6d70d261e70d0eb6b026e6281960fea36,06e0488117658a3a3f7d9736ac0a1da6d70d261e70d0eb6b026e6281960fea36,4
backend/migrations/005_schema_parity.sql,same,database,1eb39443f407f1c09e132dda0022e5b911b7af9b4ddcdffa6accaec2d3bd49a2,1eb39443f407f1c09e132dda0022e5b911b7af9b4ddcdffa6accaec2d3bd49a2,5
backend/migrations/006_add_users_allowed_groups_compat.sql,same,database,663fec7eeca4337103b2a16fd74f5b65bbe246567bd2e74ae4407eccc3b9fc39,663fec7eeca4337103b2a16fd74f5b65bbe246567bd2e74ae4407eccc3b9fc39,6
backend/migrations/006_fix_invalid_subscription_expires_at.sql,same,database,e21a5c3e12a31d3e734f85ed514970a0be21ebb8e56ae5088edf0946f1b48c4b,e21a5c3e12a31d3e734f85ed514970a0be21ebb8e56ae5088edf0946f1b48c4b,6
backend/migrations/006b_guard_users_allowed_groups.sql,same,database,0b5da3128a2a0c0d35fe42af8c065b87474e259e9cb22dbc6c407717694785fa,0b5da3128a2a0c0d35fe42af8c065b87474e259e9cb22dbc6c407717694785fa,6
backend/migrations/007_add_user_allowed_groups.sql,same,database,2500e605b312bc7b7bbe5d3467d1f384d3db70861c494e03f4fa96711e3351a8,2500e605b312bc7b7bbe5d3467d1f384d3db70861c494e03f4fa96711e3351a8,7
backend/migrations/008_seed_default_group.sql,same,database,144b0751fcd9babbc8146387f666732ec5075683c556f9c4784f65f533fe21b2,144b0751fcd9babbc8146387f666732ec5075683c556f9c4784f65f533fe21b2,8
backend/migrations/009_fix_usage_logs_cache_columns.sql,same,database,44b93859b040c74c53d642761b60fac89071466c9c0bb77cef4c004107521cfe,44b93859b040c74c53d642761b60fac89071466c9c0bb77cef4c004107521cfe,9
backend/migrations/010_add_usage_logs_aggregated_indexes.sql,same,database,e23a13d65ab724b8c0a6c6d84b7354040c12cde8613a73511ec50edc0406d5c2,e23a13d65ab724b8c0a6c6d84b7354040c12cde8613a73511ec50edc0406d5c2,10
backend/migrations/011_remove_duplicate_unique_indexes.sql,same,database,a05f05153204add8c2e1e2eed8e0df9009eb245e3623d6987bdc97249b6871bb,a05f05153204add8c2e1e2eed8e0df9009eb245e3623d6987bdc97249b6871bb,11
backend/migrations/012_add_user_subscription_soft_delete.sql,same,database,b6080ebf4197f5fd99c4ce6eb3c38ee5b4615564538f1f51297435570d5094d3,b6080ebf4197f5fd99c4ce6eb3c38ee5b4615564538f1f51297435570d5094d3,12
backend/migrations/013_log_orphan_allowed_groups.sql,same,database,9fc92b80ad1722da0e6dffd7c1c76007ca1029a9870fc0652dc6d7b72b2a6b4e,9fc92b80ad1722da0e6dffd7c1c76007ca1029a9870fc0652dc6d7b72b2a6b4e,13
backend/migrations/014_drop_legacy_allowed_groups.sql,same,database,9f4e9ad6e91d501e974a1ed1f923cda0b21c7f37651be37f95e88e95ecf0d175,9f4e9ad6e91d501e974a1ed1f923cda0b21c7f37651be37f95e88e95ecf0d175,14
backend/migrations/015_fix_settings_unique_constraint.sql,same,database,e9edb444c7044f9a6bb43e8f328e61d3f73f9bf7394d82bd3b0836b5f5c49184,e9edb444c7044f9a6bb43e8f328e61d3f73f9bf7394d82bd3b0836b5f5c49184,15
backend/migrations/016_soft_delete_partial_unique_indexes.sql,same,database,04087d58014de7ad7d04352fd9267008a03b409427aed57da74181e70d407832,04087d58014de7ad7d04352fd9267008a03b409427aed57da74181e70d407832,16
backend/migrations/018_user_attributes.sql,same,database,d033bc97e9d4b129d3dd21a5b42194d9bbcf36a4f548c3241a5d168a4f044300,d033bc97e9d4b129d3dd21a5b42194d9bbcf36a4f548c3241a5d168a4f044300,18
backend/migrations/019_migrate_wechat_to_attributes.sql,same,database,c86186dc986b6e95e0dcd7674c98526b3966e97550a12a3c1af5ba988a357c6c,c86186dc986b6e95e0dcd7674c98526b3966e97550a12a3c1af5ba988a357c6c,19
backend/migrations/020_add_temp_unschedulable.sql,same,database,ef6091c648892c53c87fb279eab96996ad7e4bad771f1309249e0f65629f3019,ef6091c648892c53c87fb279eab96996ad7e4bad771f1309249e0f65629f3019,20
backend/migrations/024_add_gemini_tier_id.sql,same,database,bcf6e0023649eb6d693a78744eb9b8016704f713488c23f27d4caeb3e6a6d4d0,bcf6e0023649eb6d693a78744eb9b8016704f713488c23f27d4caeb3e6a6d4d0,24
backend/migrations/026_ops_metrics_aggregation_tables.sql,same,database,d5af7c763da6360a29b6fd7e70222ace76cb20f9493aed25fd219891d13e91f6,d5af7c763da6360a29b6fd7e70222ace76cb20f9493aed25fd219891d13e91f6,26
backend/migrations/027_usage_billing_consistency.sql,same,database,5f49f4b6bf5ecf2e4439ba56d4b34d6f8bdfa53648854b2298c49ef4e9bbc893,5f49f4b6bf5ecf2e4439ba56d4b34d6f8bdfa53648854b2298c49ef4e9bbc893,27
backend/migrations/028_add_account_notes.sql,same,database,41664eeda57228838261f214fbadf02db3634f534a87317f6a04ba7bea6c279b,41664eeda57228838261f214fbadf02db3634f534a87317f6a04ba7bea6c279b,28
backend/migrations/028_add_usage_logs_user_agent.sql,same,database,ce224fc77aa93424e8f1f9d02a5a0a3f074d5b6feba8b547d43d425fed9a11c0,ce224fc77aa93424e8f1f9d02a5a0a3f074d5b6feba8b547d43d425fed9a11c0,28
backend/migrations/028_group_image_pricing.sql,same,database,35a4c0c384cd41f10426f69e69b34263351b970b657f16a024e649edaaa1db4d,35a4c0c384cd41f10426f69e69b34263351b970b657f16a024e649edaaa1db4d,28
backend/migrations/029_add_group_claude_code_restriction.sql,same,database,96c87f770c5b7871769a10b805c6de96d261391ba8e22a05d6a4a5ee7349d29b,96c87f770c5b7871769a10b805c6de96d261391ba8e22a05d6a4a5ee7349d29b,29
backend/migrations/029_usage_log_image_fields.sql,same,database,b86a2e0e09d61551d92c9d50c15e363dffdf4f61e32f4ba948a2960551cb05de,b86a2e0e09d61551d92c9d50c15e363dffdf4f61e32f4ba948a2960551cb05de,29
backend/migrations/030_add_account_expires_at.sql,same,database,d1f3d4cf904788609041c6fff902c63cb65dc77073647c1b709ba642107042aa,d1f3d4cf904788609041c6fff902c63cb65dc77073647c1b709ba642107042aa,30
backend/migrations/031_add_ip_address.sql,same,database,c8bce7208540815f9b412360067bfea8097b4f5122a016dcb74b3c3ba376ab05,c8bce7208540815f9b412360067bfea8097b4f5122a016dcb74b3c3ba376ab05,31
backend/migrations/032_add_api_key_ip_restriction.sql,same,database,c1b1646a92ba585adccdac8aea0e1a494d607bc1ac7c9a0486a3c8a02c40a599,c1b1646a92ba585adccdac8aea0e1a494d607bc1ac7c9a0486a3c8a02c40a599,32
backend/migrations/033_add_promo_codes.sql,same,database,e0a4e8f3ccb0fd2aabb64cf96c81b6aaa4721a3cbd6b3f6e1848f751fe29bacf,e0a4e8f3ccb0fd2aabb64cf96c81b6aaa4721a3cbd6b3f6e1848f751fe29bacf,33
backend/migrations/033_ops_monitoring_vnext.sql,same,database,d268069183ad83d28de52ff05c357fa04ad473252d0d63f49f7e4486d57c70fb,d268069183ad83d28de52ff05c357fa04ad473252d0d63f49f7e4486d57c70fb,33
backend/migrations/034_ops_upstream_error_events.sql,same,database,31d4146206909e8af7363e6464403eaf1e2a61bdf66d1315dda06ff51ac1f5da,31d4146206909e8af7363e6464403eaf1e2a61bdf66d1315dda06ff51ac1f5da,34
backend/migrations/034_usage_dashboard_aggregation_tables.sql,same,database,4f5bf8963743b53da0f95801d3ba88a559752f6f6ee643053e0f88af6c2132fd,4f5bf8963743b53da0f95801d3ba88a559752f6f6ee643053e0f88af6c2132fd,34
backend/migrations/035_usage_logs_partitioning.sql,same,database,e309adff12f914e643197e5cf0280a230ab18d220c2149661a0b589abf82b729,e309adff12f914e643197e5cf0280a230ab18d220c2149661a0b589abf82b729,35
backend/migrations/036_ops_error_logs_add_is_count_tokens.sql,same,database,75864a7d7aec575a52e9de32a1f408852e66ce854a5eee3ceb68fd7fec170b12,75864a7d7aec575a52e9de32a1f408852e66ce854a5eee3ceb68fd7fec170b12,36
backend/migrations/036_scheduler_outbox.sql,same,database,91c6abadb5eeabf89712273b2f67b87ce439391e4844c16ba5c774633912cb0e,91c6abadb5eeabf89712273b2f67b87ce439391e4844c16ba5c774633912cb0e,36
backend/migrations/037_add_account_rate_multiplier.sql,same,database,99d4e6f8ee929bf6f66b72737203f772d0db6014046dca1d8e066496de213349,99d4e6f8ee929bf6f66b72737203f772d0db6014046dca1d8e066496de213349,37
backend/migrations/037_ops_alert_silences.sql,same,database,738e58937dd9609ac6075617ca244803dbfc86771378cc5723d5c1f3295b1594,738e58937dd9609ac6075617ca244803dbfc86771378cc5723d5c1f3295b1594,37
backend/migrations/038_ops_errors_resolution_retry_results_and_standardize_classification.sql,same,database,275839aa5a920b96194b58d64e04be0f21346087830b1c5b9e6dca6c86fca7ab,275839aa5a920b96194b58d64e04be0f21346087830b1c5b9e6dca6c86fca7ab,38
backend/migrations/039_ops_job_heartbeats_add_last_result.sql,same,database,5c8e46f7d172d7e90fd43e2ea9de221631b0c4f7ccc02cd6b1310f9c0b116fb1,5c8e46f7d172d7e90fd43e2ea9de221631b0c4f7ccc02cd6b1310f9c0b116fb1,39
backend/migrations/040_add_group_model_routing.sql,same,database,0364f5c2183416f2c68ed3c4a86280b00f36339737ad73c7b91de6e629f72e94,0364f5c2183416f2c68ed3c4a86280b00f36339737ad73c7b91de6e629f72e94,40
backend/migrations/041_add_model_routing_enabled.sql,same,database,6548a277232c3a2d719aaa78ecb62a8598a00ea45c1c389d205150450b4c7ac9,6548a277232c3a2d719aaa78ecb62a8598a00ea45c1c389d205150450b4c7ac9,41
backend/migrations/042_add_usage_cleanup_tasks.sql,same,database,48aef6e99bb28605ec7b3404ed72e7a2edb9d09e34435f8e4c4634df718e231a,48aef6e99bb28605ec7b3404ed72e7a2edb9d09e34435f8e4c4634df718e231a,42
backend/migrations/042b_add_ops_system_metrics_switch_count.sql,same,database,d04d174f348f00da238da0de653fee4b41c2c0b4cc4d33789b37746a23275710,d04d174f348f00da238da0de653fee4b41c2c0b4cc4d33789b37746a23275710,42
backend/migrations/043_add_usage_cleanup_cancel_audit.sql,same,database,2f7482d61c05708d2bc5e7b4617b16b32b162718b9a3fe532c75e40743edee91,2f7482d61c05708d2bc5e7b4617b16b32b162718b9a3fe532c75e40743edee91,43
backend/migrations/043b_add_group_invalid_request_fallback.sql,same,database,9f196fa7c92f03ae9c98e8e2f20791bf7c955b118df9c3175fcdb960d1b0951b,9f196fa7c92f03ae9c98e8e2f20791bf7c955b118df9c3175fcdb960d1b0951b,43
backend/migrations/044_add_user_totp.sql,same,database,50abefb1bb24c74745dcf40fc3bc00986c8ff0c73e3b06f33c552185c8542f59,50abefb1bb24c74745dcf40fc3bc00986c8ff0c73e3b06f33c552185c8542f59,44
backend/migrations/044b_add_group_mcp_xml_inject.sql,same,database,8969af294cc9fc76d4e8295d81b4d580a2bae76cb0f29ffc6d52cb37960f45ee,8969af294cc9fc76d4e8295d81b4d580a2bae76cb0f29ffc6d52cb37960f45ee,44
backend/migrations/045_add_accounts_extra_index.sql,same,database,2399e1c35835f38832ba911c858936b69fedd3489077a30605e6178b8e7d5366,2399e1c35835f38832ba911c858936b69fedd3489077a30605e6178b8e7d5366,45
backend/migrations/045_add_announcements.sql,same,database,4c39cfb07f7abfb814e914d4b0f81aff1871bbe9ca2b4ecf5f4f5e0fa4f1dceb,4c39cfb07f7abfb814e914d4b0f81aff1871bbe9ca2b4ecf5f4f5e0fa4f1dceb,45
backend/migrations/045_add_api_key_quota.sql,same,database,4716568dedd30a541cf5a82e5a3c8cf29c6fee4a185c95c90567dfefb30c93bd,4716568dedd30a541cf5a82e5a3c8cf29c6fee4a185c95c90567dfefb30c93bd,45
backend/migrations/046_add_sora_accounts.sql,same,database,87e5781996b02054688cbb8f5b26610cca433d4e01dba393b63eb624b4804f37,87e5781996b02054688cbb8f5b26610cca433d4e01dba393b63eb624b4804f37,46
backend/migrations/046_add_usage_log_reasoning_effort.sql,same,database,89f1cef26afbf48b87c2518caf2ccd6b3f9f35386b7e24494dc88e0b95f9248c,89f1cef26afbf48b87c2518caf2ccd6b3f9f35386b7e24494dc88e0b95f9248c,46
backend/migrations/046b_add_group_supported_model_scopes.sql,same,database,9450f18b9cec1be83251278abb6fd4049fc6038bef98b081de2afef62ee179da,9450f18b9cec1be83251278abb6fd4049fc6038bef98b081de2afef62ee179da,46
backend/migrations/047_add_sora_pricing_and_media_type.sql,same,database,0039b5824ed248c24b9bf6a55e94decaa9423178cc9c068774f851542086c292,0039b5824ed248c24b9bf6a55e94decaa9423178cc9c068774f851542086c292,47
backend/migrations/047_add_user_group_rate_multipliers.sql,same,database,126a0c1ed450ab6158d753f98efc75f9ba60f827a613cbd293d64ca866b4ae89,126a0c1ed450ab6158d753f98efc75f9ba60f827a613cbd293d64ca866b4ae89,47
backend/migrations/048_add_error_passthrough_rules.sql,same,database,169f3da9ae1c2cd2d2d4f04e5e253a5efd1bb650fc4cff72ddbb56968c8e427f,169f3da9ae1c2cd2d2d4f04e5e253a5efd1bb650fc4cff72ddbb56968c8e427f,48
backend/migrations/049_unify_antigravity_model_mapping.sql,same,database,1af43409db7e5dba020b741b0cdb89298a0336a4c189a47a39e25385b9e11df7,1af43409db7e5dba020b741b0cdb89298a0336a4c189a47a39e25385b9e11df7,49
backend/migrations/050_map_opus46_to_opus45.sql,same,database,0593d9ab692586b8b4fb5af1d724d4ca12aaf8822689a00f4d6ae4409ca14775,0593d9ab692586b8b4fb5af1d724d4ca12aaf8822689a00f4d6ae4409ca14775,50
backend/migrations/051_migrate_opus45_to_opus46_thinking.sql,same,database,a9f5b5ffeb4d323c8a08781c82e563fc47bb2f3735fa9de7a622e134357771c8,a9f5b5ffeb4d323c8a08781c82e563fc47bb2f3735fa9de7a622e134357771c8,51
backend/migrations/052_add_group_sort_order.sql,same,database,e3930b0981a6cfbf9a9893dfbfca73cf1386ec7bd6a2cfd80b09eb1af01220e2,e3930b0981a6cfbf9a9893dfbfca73cf1386ec7bd6a2cfd80b09eb1af01220e2,52
backend/migrations/052_migrate_upstream_to_apikey.sql,same,database,5e838f5eb02a494d88469b59d10acb0e1b44c2c50e0d97f3bead27206ff1ef9b,5e838f5eb02a494d88469b59d10acb0e1b44c2c50e0d97f3bead27206ff1ef9b,52
backend/migrations/053_add_security_secrets.sql,same,database,52bbd85fe71db38c9b2a8344165a79bdc44f5fabcf1c191339f718c6555f0ab4,52bbd85fe71db38c9b2a8344165a79bdc44f5fabcf1c191339f718c6555f0ab4,53
backend/migrations/053_add_skip_monitoring_to_error_passthrough.sql,same,database,5f2007d9cd070a33e5703c8e3ca5ca4589e22fe1efd5d06f8c27dde0e507a29d,5f2007d9cd070a33e5703c8e3ca5ca4589e22fe1efd5d06f8c27dde0e507a29d,53
backend/migrations/054_drop_legacy_cache_columns.sql,same,database,7aacdd57d1243b48c32ddb1d6d2f24ee262b048509b0104f42dbdba507408481,7aacdd57d1243b48c32ddb1d6d2f24ee262b048509b0104f42dbdba507408481,54
backend/migrations/054_ops_system_logs.sql,same,database,0081ac76aa1072ad3c2bf836024e7d82bd7e0c0c8c22013a853fe4513ebccb5a,0081ac76aa1072ad3c2bf836024e7d82bd7e0c0c8c22013a853fe4513ebccb5a,54
backend/migrations/055_add_cache_ttl_overridden.sql,same,database,0466f95e23d41e6d5a4c3f8e0995057d9f415f616d0e019231ff19b2f5aabbdf,0466f95e23d41e6d5a4c3f8e0995057d9f415f616d0e019231ff19b2f5aabbdf,55
backend/migrations/056_add_api_key_last_used_at.sql,same,database,e7a12c8e58980f7701ad8c5b89a12577fdb3c5a57f68dcac89e896ee950ba3da,e7a12c8e58980f7701ad8c5b89a12577fdb3c5a57f68dcac89e896ee950ba3da,56
backend/migrations/057_add_idempotency_records.sql,same,database,b6dc79f28976828e94e806df1b0c7bf05decbdae67c377a77179c3a6262f0926,b6dc79f28976828e94e806df1b0c7bf05decbdae67c377a77179c3a6262f0926,57
backend/migrations/058_add_sonnet46_to_model_mapping.sql,same,database,dd34768a6d7f5043f5a29ee235a7d7774a3a812af34c8bcc803164bbc21530f5,dd34768a6d7f5043f5a29ee235a7d7774a3a812af34c8bcc803164bbc21530f5,58
backend/migrations/059_add_gemini31_pro_to_model_mapping.sql,same,database,7adb2e4c98f09c563aaed527762cbd47152e9099973570291c16feff76d6a189,7adb2e4c98f09c563aaed527762cbd47152e9099973570291c16feff76d6a189,59
backend/migrations/060_add_gemini31_flash_image_to_model_mapping.sql,same,database,e3b801643e696eec44c6d69b95bac268ef16f1e2bd4aa7953b2b7ba19c3c7358,e3b801643e696eec44c6d69b95bac268ef16f1e2bd4aa7953b2b7ba19c3c7358,60
backend/migrations/060_add_usage_log_openai_ws_mode.sql,same,database,0d4b799feaba1bf65e8773ccc733b3a742f70af2172f2ee760e12636b51a3383,0d4b799feaba1bf65e8773ccc733b3a742f70af2172f2ee760e12636b51a3383,60
backend/migrations/061_add_usage_log_request_type.sql,same,database,97bdd9a32d921986f74a0231ab90735567a9234fb7062f4d9d1baf108ba59769,97bdd9a32d921986f74a0231ab90735567a9234fb7062f4d9d1baf108ba59769,61
backend/migrations/062_add_scheduler_and_usage_composite_indexes_notx.sql,same,database,7fbcd72d77417793c42403bbc90a88c439e2e3685e247853e717962fa23db954,7fbcd72d77417793c42403bbc90a88c439e2e3685e247853e717962fa23db954,62
backend/migrations/063_add_sora_client_tables.sql,same,database,ed8ae697b9b21672506f9c752f9671bc7c6e4d1d62e85aee510c48a8192cae7f,ed8ae697b9b21672506f9c752f9671bc7c6e4d1d62e85aee510c48a8192cae7f,63
backend/migrations/064_add_api_key_rate_limits.sql,same,database,157995dec8113b922e7fd33410df3717f5e9a0647453762be089a9a2e6e7fcf6,157995dec8113b922e7fd33410df3717f5e9a0647453762be089a9a2e6e7fcf6,64
backend/migrations/065_add_search_trgm_indexes.sql,same,database,6850a870e5d3db4d96515e366b68a19df72d98d2d6c2587c34b6ce2a56a3c601,6850a870e5d3db4d96515e366b68a19df72d98d2d6c2587c34b6ce2a56a3c601,65
backend/migrations/066_add_scheduled_test_tables.sql,same,database,d69c28566d717ccc72bd6aa3de2424e103b9666d6662cdc2dd5d998c25944c7e,d69c28566d717ccc72bd6aa3de2424e103b9666d6662cdc2dd5d998c25944c7e,66
backend/migrations/067_add_account_load_factor.sql,same,database,c622769a7f619dfae7b5c602a41b28ff1f334f410092d378aa45a7ab376b1f7e,c622769a7f619dfae7b5c602a41b28ff1f334f410092d378aa45a7ab376b1f7e,67
backend/migrations/068_add_announcement_notify_mode.sql,same,database,4eb2302b3f83814608c5e7cbd52c38754e778ea7d3aea836938219350a16bd7b,4eb2302b3f83814608c5e7cbd52c38754e778ea7d3aea836938219350a16bd7b,68
backend/migrations/069_add_group_messages_dispatch.sql,same,database,09c7cf14a7f53ebfa64e71b96347a0405cb681dfba040c42eec2067504d10e5f,09c7cf14a7f53ebfa64e71b96347a0405cb681dfba040c42eec2067504d10e5f,69
backend/migrations/070_add_scheduled_test_auto_recover.sql,same,database,444941c9e53ea1b1383580238042e454a1c7dae25e348a3d4db0348fa12c0474,444941c9e53ea1b1383580238042e454a1c7dae25e348a3d4db0348fa12c0474,70
backend/migrations/070_add_usage_log_service_tier.sql,same,database,f6e7a3043fdbfd518bd82dccba242ec053b6174d7076540b0a05ccbc410c3189,f6e7a3043fdbfd518bd82dccba242ec053b6174d7076540b0a05ccbc410c3189,70
backend/migrations/071_add_gemini25_flash_image_to_model_mapping.sql,same,database,9f86c0caf0986933358e83f9ec5ef08784251d7aa92b118fbadca6d549e78afe,9f86c0caf0986933358e83f9ec5ef08784251d7aa92b118fbadca6d549e78afe,71
backend/migrations/071_add_usage_billing_dedup.sql,same,database,b8e4669b3169b37b90c537ba8ada1817c9ee43e2f001ff6ba9c6ba380a15e80b,b8e4669b3169b37b90c537ba8ada1817c9ee43e2f001ff6ba9c6ba380a15e80b,71
backend/migrations/072_add_usage_billing_dedup_created_at_brin_notx.sql,same,database,0c85b50aea68b1a23bc4172fd0ec7cd160b12a0c03d01739f0cd7012b3248f57,0c85b50aea68b1a23bc4172fd0ec7cd160b12a0c03d01739f0cd7012b3248f57,72
backend/migrations/073_add_usage_billing_dedup_archive.sql,same,database,7b0e097e08f419f72365f250302b8570e5dc8d54f3d756d534f325698e82a521,7b0e097e08f419f72365f250302b8570e5dc8d54f3d756d534f325698e82a521,73
backend/migrations/074_add_usage_log_endpoints.sql,same,database,3bb3413758de9b59a999d589f7cc3210fa9daa80910c047c07e3391fd1fb6844,3bb3413758de9b59a999d589f7cc3210fa9daa80910c047c07e3391fd1fb6844,74
backend/migrations/075_add_usage_log_upstream_model.sql,same,database,0eb0c29f374f4b38c898c527a9df62c6883b6aff2d8ba4187286ee0bc8921ba8,0eb0c29f374f4b38c898c527a9df62c6883b6aff2d8ba4187286ee0bc8921ba8,75
backend/migrations/075_map_haiku45_to_sonnet46.sql,same,database,3f9d4f6f01399057c2505b77b16219f915de6efeb810eaf2358f34270bbaaa3e,3f9d4f6f01399057c2505b77b16219f915de6efeb810eaf2358f34270bbaaa3e,75
backend/migrations/076_add_usage_log_upstream_model_index_notx.sql,same,database,95250c93c93113506505956ab7aef502900fec25f986ce127158942c020cb5ba,95250c93c93113506505956ab7aef502900fec25f986ce127158942c020cb5ba,76
backend/migrations/077_add_usage_log_requested_model.sql,same,database,57e1463bf2579976ce9dc6e9b0abda06cf17b8a444cfbf2b0804af0bfd19d074,57e1463bf2579976ce9dc6e9b0abda06cf17b8a444cfbf2b0804af0bfd19d074,77
backend/migrations/078_add_usage_log_requested_model_index_notx.sql,same,database,98ecaff14e5b5ace402b27469d33d4e9183d1d2c202f949b64f5e793fc15460c,98ecaff14e5b5ace402b27469d33d4e9183d1d2c202f949b64f5e793fc15460c,78
backend/migrations/079_ops_error_logs_add_endpoint_fields.sql,same,database,7be3f9d615eaf7eaa171e970ae382a33f2785d36e7531aece41d647f4a8ad090,7be3f9d615eaf7eaa171e970ae382a33f2785d36e7531aece41d647f4a8ad090,79
backend/migrations/080_create_tls_fingerprint_profiles.sql,same,database,b33391a102e71549c67db87addda3d253c74f7e2620ec5be9cae53865a90d8d6,b33391a102e71549c67db87addda3d253c74f7e2620ec5be9cae53865a90d8d6,80
backend/migrations/081_add_group_account_filter.sql,same,database,34e35e0a37d99a78a2eebb214de0b1c7914717c92a82f4ea1d553341fb054c66,34e35e0a37d99a78a2eebb214de0b1c7914717c92a82f4ea1d553341fb054c66,81
backend/migrations/081_create_channels.sql,same,database,4eb880b780b2a1df07ec8dff5a9cd1ecf5cd0d35119051018f3ed3b4ae594285,4eb880b780b2a1df07ec8dff5a9cd1ecf5cd0d35119051018f3ed3b4ae594285,81
backend/migrations/082_refactor_channel_pricing.sql,same,database,fffe03fdbe1c5341976d2eedcaaea988dde974539d374045c7dcadf6b554b6ca,fffe03fdbe1c5341976d2eedcaaea988dde974539d374045c7dcadf6b554b6ca,82
backend/migrations/083_channel_model_mapping.sql,same,database,7d9caceeef2829e141279bf7be168a21ae80166316488902449b41fbf18d1173,7d9caceeef2829e141279bf7be168a21ae80166316488902449b41fbf18d1173,83
backend/migrations/084_channel_billing_model_source.sql,same,database,e2cc9692d0d58563deec5a57d42546e461d6c41d2e733697cee00bc920933b28,e2cc9692d0d58563deec5a57d42546e461d6c41d2e733697cee00bc920933b28,84
backend/migrations/085_channel_restrict_and_per_request_price.sql,same,database,d2fa05f3d6f0d1f0108bd0a3c55e162841e0d115f433a16c0df29b8352dd6646,d2fa05f3d6f0d1f0108bd0a3c55e162841e0d115f433a16c0df29b8352dd6646,85
backend/migrations/086_channel_platform_pricing.sql,same,database,86ccfa03178144a658276c11ab0cd1bf8c6f435cf4ec6058bec727658b92e027,86ccfa03178144a658276c11ab0cd1bf8c6f435cf4ec6058bec727658b92e027,86
backend/migrations/087_usage_log_billing_mode.sql,same,database,392d0341e5f1481f8d6269dc20625e5e1fb452ff1caa57b9f5a35b221deeeea6,392d0341e5f1481f8d6269dc20625e5e1fb452ff1caa57b9f5a35b221deeeea6,87
backend/migrations/088_channel_billing_model_source_channel_mapped.sql,same,database,f384ea6228cd862c80312c05a584c84617a3d68e223f71ee0d07d8bc6362e480,f384ea6228cd862c80312c05a584c84617a3d68e223f71ee0d07d8bc6362e480,88
backend/migrations/089_usage_log_image_output_tokens.sql,same,database,36d70ff87a62a08137b4ef98f2ba10013982dd4f358b2d5cacb2eb8768c01c16,36d70ff87a62a08137b4ef98f2ba10013982dd4f358b2d5cacb2eb8768c01c16,89
backend/migrations/090_drop_sora.sql,same,database,26b48c93b0ada0861f23b6fee715012f4094b57d879eecdf31bbfbef5762ebc0,26b48c93b0ada0861f23b6fee715012f4094b57d879eecdf31bbfbef5762ebc0,90
backend/migrations/091_add_group_messages_dispatch_model_config.sql,same,database,d3e0c575fee449bf5427c50d37b16053d2503d7900886aada35c0a5d18a266d0,d3e0c575fee449bf5427c50d37b16053d2503d7900886aada35c0a5d18a266d0,91
backend/migrations/092_payment_orders.sql,same,database,f4fa67bd0b246eb04b70ec23d2bcf5d1fc16f546c030a0df66fc2a6f3276f317,f4fa67bd0b246eb04b70ec23d2bcf5d1fc16f546c030a0df66fc2a6f3276f317,92
backend/migrations/093_payment_audit_logs.sql,same,database,fefa3b74154e5a26784e30ec4a738474fc217edd0e48a97e03914146b40f7f8a,fefa3b74154e5a26784e30ec4a738474fc217edd0e48a97e03914146b40f7f8a,93
backend/migrations/094_removed_payment_channels.sql,same,database,513c2ca43b4f050fa87b67b333feb9ee0ed5d736467e0f46b3fc34886ff7e1a9,513c2ca43b4f050fa87b67b333feb9ee0ed5d736467e0f46b3fc34886ff7e1a9,94
backend/migrations/095_channel_features.sql,same,database,3f13e9f362f5c1f88a07f7db6374cd3f66a47798b865a50ba39160f4445edf81,3f13e9f362f5c1f88a07f7db6374cd3f66a47798b865a50ba39160f4445edf81,95
backend/migrations/095_subscription_plans.sql,same,database,04121da82dd1f943c9414ec97921dc1b7217da7717bd0582c4647f77ae4cc34e,04121da82dd1f943c9414ec97921dc1b7217da7717bd0582c4647f77ae4cc34e,95
backend/migrations/096_payment_provider_instances.sql,same,database,680c46cd2b1917e985823bc433b7c053910b164f41ee764aceef433fe2830191,680c46cd2b1917e985823bc433b7c053910b164f41ee764aceef433fe2830191,96
backend/migrations/097_fix_settings_updated_at_default.sql,same,database,3a86f3415b4806f9cb4e365074f4b6e042934f8e1630ce72f7a720dc7259a02b,3a86f3415b4806f9cb4e365074f4b6e042934f8e1630ce72f7a720dc7259a02b,97
backend/migrations/098_migrate_purchase_subscription_to_custom_menu.sql,same,database,192dde1129d0205619e6997f416b5a7141917107677d44ef8601efefa4372f11,192dde1129d0205619e6997f416b5a7141917107677d44ef8601efefa4372f11,98
backend/migrations/099_fix_migrated_purchase_menu_label_icon.sql,same,database,c8815fd51f8092d278b5164103124778ed9f4869e4bb12e886b6035b791d9571,c8815fd51f8092d278b5164103124778ed9f4869e4bb12e886b6035b791d9571,99
backend/migrations/100_remove_easypay_from_enabled_payment_types.sql,same,database,ccbc6f34dddd025e0eba3e17dd72d37a52bac6ba8b550fff0b59a229e4290bee,ccbc6f34dddd025e0eba3e17dd72d37a52bac6ba8b550fff0b59a229e4290bee,100
backend/migrations/101_add_account_stats_pricing.sql,same,database,db59989be71ecd0a06901cfd0e9bdf067fd51e4eaa1aaa96b052309c3c063dcc,db59989be71ecd0a06901cfd0e9bdf067fd51e4eaa1aaa96b052309c3c063dcc,101
backend/migrations/101_add_balance_notify_fields.sql,same,database,051f53cd30537477ad0e3b273d3650a38e21829fcf6ec7877395ea053d0216a9,051f53cd30537477ad0e3b273d3650a38e21829fcf6ec7877395ea053d0216a9,101
backend/migrations/101_add_channel_features_config.sql,same,database,dcf760366a073f33e0b6077fa8e5a5d262a9ec1d9eb37e8f1b99a666bd35ba50,dcf760366a073f33e0b6077fa8e5a5d262a9ec1d9eb37e8f1b99a666bd35ba50,101
backend/migrations/101_add_payment_mode.sql,same,database,acc645d43ca517904364e627244128a4124e50dd17b1ec092ab29c0b9e57333f,acc645d43ca517904364e627244128a4124e50dd17b1ec092ab29c0b9e57333f,101
backend/migrations/102_add_balance_notify_threshold_type.sql,same,database,7d50e8df46ddd7a972ea9bb9de03c19d866a59ae9afc1259faa95e5f311afd9d,7d50e8df46ddd7a972ea9bb9de03c19d866a59ae9afc1259faa95e5f311afd9d,102
backend/migrations/102_add_out_trade_no_to_payment_orders.sql,same,database,6624aa0b8ad4cb23c89007d969482e6e94fc327390b6889018e01b0d6d2880e3,6624aa0b8ad4cb23c89007d969482e6e94fc327390b6889018e01b0d6d2880e3,102
backend/migrations/103_add_allow_user_refund.sql,same,database,219ddeff9b85b5d1e4bf30e9d2c6cc85140ba6a540768bf5612fc2f6e92fb618,219ddeff9b85b5d1e4bf30e9d2c6cc85140ba6a540768bf5612fc2f6e92fb618,103
backend/migrations/104_migrate_notify_emails_to_struct.sql,same,database,104308686106cb2a8962d51fb9828cec8c7884fb34400a81e36ce8ba42021115,104308686106cb2a8962d51fb9828cec8c7884fb34400a81e36ce8ba42021115,104
backend/migrations/105_migrate_websearch_emulation_to_tristate.sql,same,database,901bb147a3c14547fab73685586f5c28411d458c2f27574e6584ad01e5466841,901bb147a3c14547fab73685586f5c28411d458c2f27574e6584ad01e5466841,105
backend/migrations/106_add_account_stats_pricing_intervals.sql,same,database,0b91b77e4c362c6b9c6144d0ba9f9cd7426849c6a01bb7adb9a951821bce0e7c,0b91b77e4c362c6b9c6144d0ba9f9cd7426849c6a01bb7adb9a951821bce0e7c,106
backend/migrations/107_add_account_cost_to_dashboard_tables.sql,same,database,aaffe3bc1522e854db2ff53907ac393eb6d55edb58b343459d2fecabdfd68ee8,aaffe3bc1522e854db2ff53907ac393eb6d55edb58b343459d2fecabdfd68ee8,107
backend/migrations/108_auth_identity_foundation_core.sql,same,database,01f6f33b593927f43bec6ebe6cbab866a372dd7b1fe5873cd4619dcfb4baa3af,01f6f33b593927f43bec6ebe6cbab866a372dd7b1fe5873cd4619dcfb4baa3af,108
backend/migrations/108a_widen_auth_identity_migration_report_type.sql,same,database,115bf4e883b1e087eda1bdd6f7ee5a036f844b91b34c9098b6be1684713fe034,115bf4e883b1e087eda1bdd6f7ee5a036f844b91b34c9098b6be1684713fe034,108
backend/migrations/109_auth_identity_compat_backfill.sql,same,database,0580b4602d85435edf9aca1633db580bb3932f26517f75134106f80275ec2ace,0580b4602d85435edf9aca1633db580bb3932f26517f75134106f80275ec2ace,109
backend/migrations/110_pending_auth_and_provider_default_grants.sql,same,database,32cf87ee787b1bb36b5c691367c96eee37518fa3eed6f3322cf68795e3745279,32cf87ee787b1bb36b5c691367c96eee37518fa3eed6f3322cf68795e3745279,110
backend/migrations/111_payment_routing_and_scheduler_flags.sql,same,database,7e99ba24a6b4b23e3600d865fc38a8f21e5a7ee9c8ee5bea8e34770a38ceb461,7e99ba24a6b4b23e3600d865fc38a8f21e5a7ee9c8ee5bea8e34770a38ceb461,111
backend/migrations/112_add_payment_order_provider_key_snapshot.sql,same,database,b75f8f56d39455682787696a3d92ad25b055444ca328fb7fca9a460a15d68d99,b75f8f56d39455682787696a3d92ad25b055444ca328fb7fca9a460a15d68d99,112
backend/migrations/113_normalize_legacy_wechat_provider_key.sql,same,database,9025c2b21e211375018d65c1a03b43ef4e97715fe4afab0ba4929d576efc4092,9025c2b21e211375018d65c1a03b43ef4e97715fe4afab0ba4929d576efc4092,113
backend/migrations/114_auth_identity_migration_report_resolution.sql,same,database,a7408eaad314dd86d2503192cb5e80c6f473545922786f8f75ceca5db88f72ef,a7408eaad314dd86d2503192cb5e80c6f473545922786f8f75ceca5db88f72ef,114
backend/migrations/115_auth_identity_legacy_external_backfill.sql,same,database,08fdc18762d354ea2af7604af825a11db14d1335f3e88796f2bce53a2877c344,08fdc18762d354ea2af7604af825a11db14d1335f3e88796f2bce53a2877c344,115
backend/migrations/116_auth_identity_legacy_external_safety_reports.sql,same,database,e9aeb79354a0da72b6567d1cdeddce9410c6bf39bcfe4b7a416220e3f0be7190,e9aeb79354a0da72b6567d1cdeddce9410c6bf39bcfe4b7a416220e3f0be7190,116
backend/migrations/117_add_payment_order_provider_snapshot.sql,same,database,69320a2f03662ea02b4a0f09ef293b1ee600dd55d474f20a1b0d6fe03f4482cc,69320a2f03662ea02b4a0f09ef293b1ee600dd55d474f20a1b0d6fe03f4482cc,117
backend/migrations/118_wechat_dual_mode_and_auth_source_defaults.sql,same,database,b54194d7a3e4fbf710e0a3590d22a2fe7966804c487052a356e0b55f53ef96b0,b54194d7a3e4fbf710e0a3590d22a2fe7966804c487052a356e0b55f53ef96b0,118
backend/migrations/119_enforce_payment_orders_out_trade_no_unique.sql,same,database,66ba0ae221454ca8742770428ede26695cc5b065d0119cc9fe33fd2a26a4d38f,66ba0ae221454ca8742770428ede26695cc5b065d0119cc9fe33fd2a26a4d38f,119
backend/migrations/120_enforce_payment_orders_out_trade_no_unique_notx.sql,same,database,39f9323ace96b835c74e8de83ba15b977d4c65609c22eecc4e9afbf382f7667d,39f9323ace96b835c74e8de83ba15b977d4c65609c22eecc4e9afbf382f7667d,120
backend/migrations/120a_align_payment_orders_out_trade_no_index_name.sql,same,database,846d179e41eb1218698e2aa312bb280e7ed41c949dd0669ff45fc7e838a643bc,846d179e41eb1218698e2aa312bb280e7ed41c949dd0669ff45fc7e838a643bc,120
backend/migrations/121_auth_identity_migration_report_type_widen.sql,same,database,71431da8596e6a1a1e7ecae6ff2a0ce890bff870b4dc138eb5488c0624c33849,71431da8596e6a1a1e7ecae6ff2a0ce890bff870b4dc138eb5488c0624c33849,121
backend/migrations/122_pending_auth_completion_token_cleanup.sql,same,database,f36fd5f5ed86c77878d1f21c9e204b427e12db0ad5d19329d7c99cb1d1bfea00,f36fd5f5ed86c77878d1f21c9e204b427e12db0ad5d19329d7c99cb1d1bfea00,122
backend/migrations/123_fix_legacy_auth_source_grant_on_signup_defaults.sql,same,database,dea22b2899ae6530daf44419e7f44e40ccdcdc96d2bea7584af0c6c4c0ee461b,dea22b2899ae6530daf44419e7f44e40ccdcdc96d2bea7584af0c6c4c0ee461b,123
backend/migrations/124_backfill_legacy_oidc_security_flags.sql,same,database,736b71647e56952153db5e0038a866ec57a6709b16b7a4772da587072cf7a384,736b71647e56952153db5e0038a866ec57a6709b16b7a4772da587072cf7a384,124
backend/migrations/125_add_channel_monitors.sql,same,database,0f91517a747bf9b604a2e1c98e7f602d70cd14d43233cb16bebc379384336302,0f91517a747bf9b604a2e1c98e7f602d70cd14d43233cb16bebc379384336302,125
backend/migrations/125_add_group_rpm_limit.sql,same,database,9141ae5d5a6375ecab32060333cc577f85a2d6cdf3e0230079efcefdebb24909,9141ae5d5a6375ecab32060333cc577f85a2d6cdf3e0230079efcefdebb24909,125
backend/migrations/126_add_channel_monitor_aggregation.sql,same,database,4e6b3e94aaed169dd7a6a4e69aa61794779e943d617b78540210bba93063abfc,4e6b3e94aaed169dd7a6a4e69aa61794779e943d617b78540210bba93063abfc,126
backend/migrations/126_add_user_rpm_limit.sql,same,database,1d010fbeb5bb280527b8591f9160456ca3db4e78329df4617b2852b1ddfaf920,1d010fbeb5bb280527b8591f9160456ca3db4e78329df4617b2852b1ddfaf920,126
backend/migrations/127_add_user_group_rpm_override.sql,same,database,1570190ecae9f8f63b8bf8701719388147cf554a772494852dbd17de04cff15d,1570190ecae9f8f63b8bf8701719388147cf554a772494852dbd17de04cff15d,127
backend/migrations/127_drop_channel_monitor_deleted_at.sql,same,database,2f5c2f951c2b59ed706841135de6458093a52eff970d852aec5dd60d99f868d4,2f5c2f951c2b59ed706841135de6458093a52eff970d852aec5dd60d99f868d4,127
backend/migrations/128_add_channel_monitor_request_templates.sql,same,database,a35f2e016afe5fe4019a2aad70184eb20104c8c248a60e5ba763ebd888280ca1,a35f2e016afe5fe4019a2aad70184eb20104c8c248a60e5ba763ebd888280ca1,128
backend/migrations/129_seed_claude_code_template.sql,same,database,ed681936dff4062297bd6d070696bb1d96bc1382bad7ea9104264825261d0e99,ed681936dff4062297bd6d070696bb1d96bc1382bad7ea9104264825261d0e99,129
backend/migrations/130_add_user_affiliates.sql,same,database,fc3fc86b18b3750d422856d447183864da6bd04c2b4ad321a87d68f3130c2bdc,fc3fc86b18b3750d422856d447183864da6bd04c2b4ad321a87d68f3130c2bdc,130
backend/migrations/131_affiliate_rebate_hardening.sql,same,database,8b70f0d1d0bb754b350a3476d0a06856832a6fb3bb58a23fd387b0d9bdf3a771,8b70f0d1d0bb754b350a3476d0a06856832a6fb3bb58a23fd387b0d9bdf3a771,131
backend/migrations/132_affiliate_custom_settings.sql,same,database,382f95ceb96e80cf871436a7589e692611f2ca5d183ceacd65cf8d2760c8e632,382f95ceb96e80cf871436a7589e692611f2ca5d183ceacd65cf8d2760c8e632,132
backend/migrations/133_affiliate_rebate_freeze.sql,same,database,caafa4c05c2ab4cd0d96579e906d68417df85708cedd1daddd5ea3e2e3a1a062,caafa4c05c2ab4cd0d96579e906d68417df85708cedd1daddd5ea3e2e3a1a062,133
backend/migrations/134_affiliate_ledger_audit_snapshots.sql,same,database,2acd92fa0ee526ad0fbfadb62388c0ba28b7ad3d9185d7428e69856182d9d48b,2acd92fa0ee526ad0fbfadb62388c0ba28b7ad3d9185d7428e69856182d9d48b,134
backend/migrations/134_image_generation_group_controls.sql,same,database,27edeb5f8a3c8ee34755ab1e23471a9fdbf45e7368ed5a55e32408fe11b6fa32,27edeb5f8a3c8ee34755ab1e23471a9fdbf45e7368ed5a55e32408fe11b6fa32,134
backend/migrations/135_allow_email_oauth_provider_types.sql,same,database,e6dc442bb1f70caed3d4bc72540ffd28688fa3359a64d52634103357dcbc80dd,e6dc442bb1f70caed3d4bc72540ffd28688fa3359a64d52634103357dcbc80dd,135
backend/migrations/135_content_moderation.sql,same,database,950c1c87c98744472b7fa396cdad3b094713d895974697e487e78e04946954c2,950c1c87c98744472b7fa396cdad3b094713d895974697e487e78e04946954c2,135
backend/migrations/136_add_dingtalk_provider_type.sql,same,database,6ccbb5cc60af94253962cec9131fcdcbb0cec2a69b623e472cb0cbc8fb6f83cf,6ccbb5cc60af94253962cec9131fcdcbb0cec2a69b623e472cb0cbc8fb6f83cf,136
backend/migrations/136_remove_ops_retry_replay.sql,same,database,af67bd65ab5674364ba47c65450f0d30495e8cf2da860732439c738a5f25b565,af67bd65ab5674364ba47c65450f0d30495e8cf2da860732439c738a5f25b565,136
backend/migrations/136_usage_log_image_size_metadata.sql,same,database,1c2fd1bcdd5d635afc105fc8a16b1a07b63b69717b2f4c4a2d296a22b26f93ce,1c2fd1bcdd5d635afc105fc8a16b1a07b63b69717b2f4c4a2d296a22b26f93ce,136
backend/migrations/137_redeem_code_expires_at.sql,same,database,9af2fdfab26384eac64cee2b39fb61e153be9188ac416ab564e2c280f9a78089,9af2fdfab26384eac64cee2b39fb61e153be9188ac416ab564e2c280f9a78089,137
backend/migrations/138_channel_monitor_openai_api_mode.sql,same,database,7cada21d91bb857839a2a0679d875fdb538dae50cf91ff5c88d46b198cb470c5,7cada21d91bb857839a2a0679d875fdb538dae50cf91ff5c88d46b198cb470c5,138
backend/migrations/139_seed_openai_monitor_templates.sql,same,database,64c8ec298f09f229ba10593f920e6adab1f83e4053ebe269582995d4f4e702d5,64c8ec298f09f229ba10593f920e6adab1f83e4053ebe269582995d4f4e702d5,139
backend/migrations/140_extend_user_provider_default_grants_check.sql,same,database,f062a7c7e22246453073dfadcefd4dfd2fd7b5bde8f050e1b37370f35f9a3712,f062a7c7e22246453073dfadcefd4dfd2fd7b5bde8f050e1b37370f35f9a3712,140
backend/migrations/141_subscription_expiry_notify_enabled.sql,same,database,24ee4baf3a41835ee46292ff0d1166114d672ae1f397f92a30dc95b8cb932ae3,24ee4baf3a41835ee46292ff0d1166114d672ae1f397f92a30dc95b8cb932ae3,141
backend/migrations/142_user_platform_quotas.sql,same,database,d57e2c2cf1cd7a3ec2f608269600c04f4b8fbe959684df76454b5a6c3ac2e9df,d57e2c2cf1cd7a3ec2f608269600c04f4b8fbe959684df76454b5a6c3ac2e9df,142
backend/migrations/143_group_models_list_config.sql,same,database,fbce2d531db1b1389e643d1fae08b767443c8f5cf700da61b86bbabd213805f6,fbce2d531db1b1389e643d1fae08b767443c8f5cf700da61b86bbabd213805f6,143
backend/migrations/144_add_opus48_to_model_mapping.sql,same,database,653097932317117663361875d17dc33a08833430c42fd786e1de5ce827c8c06a,653097932317117663361875d17dc33a08833430c42fd786e1de5ce827c8c06a,144
backend/migrations/145_deleted_api_key_audit.sql,same,database,00815d0c2d67405876585497546216f08f536442004c7b098656904e615402e6,00815d0c2d67405876585497546216f08f536442004c7b098656904e615402e6,145
backend/migrations/145_ops_metrics_ttft_sample_count.sql,same,database,8009ae5e119076f35e8a2dedb59d7e833d35d40975c4958e4876bcd0f15c6e9d,8009ae5e119076f35e8a2dedb59d7e833d35d40975c4958e4876bcd0f15c6e9d,145
backend/migrations/147_ops_error_log_api_key_prefix.sql,same,database,71f9a5bb36bffb59295c106d205f91a4b47bad20ec67f04dbf5ad01afe21ce95,71f9a5bb36bffb59295c106d205f91a4b47bad20ec67f04dbf5ad01afe21ce95,147
backend/migrations/148_add_ops_error_logs_user_time_index_notx.sql,same,database,a2563e60fea929399771cdcfdb0776b50112edfc5c0e8b8a3fcd414a4bdd3e89,a2563e60fea929399771cdcfdb0776b50112edfc5c0e8b8a3fcd414a4bdd3e89,148
backend/migrations/149_proxy_expiry_fallback.sql,same,database,1fff0f0a7ca2a97babceb7b7e373a4adf3b8e0f851cd355ba319cf2bf308ef23,1fff0f0a7ca2a97babceb7b7e373a4adf3b8e0f851cd355ba319cf2bf308ef23,149
backend/migrations/150_account_group_scheduler_indexes_notx.sql,same,database,dc1ec51d954054393ed7fb16481aae9627566b727668cb87392fce89fe70de7d,dc1ec51d954054393ed7fb16481aae9627566b727668cb87392fce89fe70de7d,150
backend/migrations/151_account_autopause_expiry_index_notx.sql,same,database,37765bc0793396483d5e5e730b1dedf4331c7c999d608fceb0bade5c03f3acac,37765bc0793396483d5e5e730b1dedf4331c7c999d608fceb0bade5c03f3acac,151
backend/migrations/151_channel_monitor_jitter.sql,same,database,46452b6bc8f2e168216235658aefe99896fc10ff1e55ff454be8cc6ee7458dab,46452b6bc8f2e168216235658aefe99896fc10ff1e55ff454be8cc6ee7458dab,151
backend/migrations/152_scheduler_outbox_dedup_key.sql,same,database,7a64fd2907f880615eaaf0270ce4634c8c199d2b98985f6b7d9b70550ec21724,7a64fd2907f880615eaaf0270ce4634c8c199d2b98985f6b7d9b70550ec21724,152
backend/migrations/153_scheduler_outbox_pending_dedup_key_index_notx.sql,same,database,a1a524b1a1ab1cdc12a7f8400b9dba8cc983e07a2b6cccec27b5d1a272133796,a1a524b1a1ab1cdc12a7f8400b9dba8cc983e07a2b6cccec27b5d1a272133796,153
backend/migrations/154_account_spark_shadow.sql,same,database,f5637a3159d47e8a4130227652df0c774ea8025adc46d97b53ef8403033756a2,f5637a3159d47e8a4130227652df0c774ea8025adc46d97b53ef8403033756a2,154
backend/migrations/154_add_ops_system_logs_api_key_id.sql,same,database,372d4fcc3576d84067084f95ee9f1f4c5332e403f25aabc555387f4cd1e883ab,372d4fcc3576d84067084f95ee9f1f4c5332e403f25aabc555387f4cd1e883ab,154
backend/migrations/154a_account_spark_shadow_indexes_notx.sql,same,database,10e631905e0834b938f72f8d1c9ab7f86e068c1d3c1028060208a88a262fbef3,10e631905e0834b938f72f8d1c9ab7f86e068c1d3c1028060208a88a262fbef3,154
backend/migrations/155_add_ops_system_logs_api_key_id_index_notx.sql,same,database,97f139bc8abcd5dd000d240efd3ffd58cd1c24e9ce3eff5434bc5668fe36afd4,97f139bc8abcd5dd000d240efd3ffd58cd1c24e9ce3eff5434bc5668fe36afd4,155
backend/migrations/156_content_moderation_matched_keyword.sql,same,database,cd9cd9cc0a6fbaa2a9cd7031323035f604033f80cf85df931111968ea19f0d0f,cd9cd9cc0a6fbaa2a9cd7031323035f604033f80cf85df931111968ea19f0d0f,156
backend/migrations/157_user_platform_quotas_add_grok.sql,same,database,aa815ce512fc18d198813962348d8202addd006398a9e17e8978d95707d04903,aa815ce512fc18d198813962348d8202addd006398a9e17e8978d95707d04903,157
backend/migrations/158_add_group_peak_rate_multiplier.sql,same,database,a1655ac983c125d95cc9ebacf5ed61f253ba461755bb56102b052768f9b6e8d0,a1655ac983c125d95cc9ebacf5ed61f253ba461755bb56102b052768f9b6e8d0,158
backend/migrations/158_enable_grok_media_generation_groups.sql,same,database,d4b96a0fee909bda25c2ee233ccacd2e08cc09daa8a228390ee0fc0d0ac427bd,d4b96a0fee909bda25c2ee233ccacd2e08cc09daa8a228390ee0fc0d0ac427bd,158
backend/migrations/159_batch_image_foundation.sql,same,database,f23d2e71c4cdfe05c194183661828262deb60f52d9cfcfb9a3c98dcc29b2822e,f23d2e71c4cdfe05c194183661828262deb60f52d9cfcfb9a3c98dcc29b2822e,159
backend/migrations/160_add_user_frozen_balance.sql,same,database,8c1e5cd3edfbee82a99fcd2913b18925bcc5be891d01dd3aa2399cca30301924,8c1e5cd3edfbee82a99fcd2913b18925bcc5be891d01dd3aa2399cca30301924,160
backend/migrations/160_batch_image_provider_refs.sql,same,database,b90f0fdce8d239c815cd4b9a2ec9bc4c0bbbf4cefee82537e4a82bc1632096c1,b90f0fdce8d239c815cd4b9a2ec9bc4c0bbbf4cefee82537e4a82bc1632096c1,160
backend/migrations/161_batch_image_pricing_snapshot.sql,same,database,9e9f300fdef853e78c9a3e46f8f113713e96feb21eb1f78137e708050cac90af,9e9f300fdef853e78c9a3e46f8f113713e96feb21eb1f78137e708050cac90af,161
backend/migrations/162_add_group_batch_image_generation_gate.sql,same,database,422f5b82d44163344b4b4abd17e66d470c7f61e1cdcd6e083149e4726fee6bbd,422f5b82d44163344b4b4abd17e66d470c7f61e1cdcd6e083149e4726fee6bbd,162
backend/migrations/163_batch_image_default_discount_and_hold_ratio.sql,same,database,463d81478086410cf7d72ebc09050ce94b9b30dabc4b40d56cbdd6e9d64a2143,463d81478086410cf7d72ebc09050ce94b9b30dabc4b40d56cbdd6e9d64a2143,163
backend/migrations/164_batch_image_download_and_user_delete.sql,same,database,8271a1b0b7e191cadb07e8ebf45b4541f72df302d1e0cab0135f3d23722a1c49,8271a1b0b7e191cadb07e8ebf45b4541f72df302d1e0cab0135f3d23722a1c49,164
backend/migrations/165_hide_pre_upstream_batch_image_failures.sql,same,database,5e2c3b26e0e0ab0eccc7896161a91db7532d4cbb4e3582d6c35f5718497c115a,5e2c3b26e0e0ab0eccc7896161a91db7532d4cbb4e3582d6c35f5718497c115a,165
backend/migrations/166_batch_image_task_name.sql,same,database,419efff9b021c0420902de3d7c046fbb1b7dcd5ed386007c516870c61b8bed83,419efff9b021c0420902de3d7c046fbb1b7dcd5ed386007c516870c61b8bed83,166
backend/migrations/167_clear_auto_batch_image_task_names.sql,same,database,74da5c901169b6bbf59dc92c106beadbbb8f4dfac0ddd3b7d735a6e610fb1039,74da5c901169b6bbf59dc92c106beadbbb8f4dfac0ddd3b7d735a6e610fb1039,167
backend/migrations/168_restore_empty_batch_image_task_names.sql,same,database,37daee62f0d392d30f3bbe3e480cc7a9e9d217a2bcf3b678607ede7829f89692,37daee62f0d392d30f3bbe3e480cc7a9e9d217a2bcf3b678607ede7829f89692,168
backend/migrations/169_batch_image_parent_batch.sql,same,database,4113a83a2d3560384b17fbaa46620ce1c8db952b4570501b7bdd97b08e057e52,4113a83a2d3560384b17fbaa46620ce1c8db952b4570501b7bdd97b08e057e52,169
backend/migrations/170_add_grok_video_pricing_controls.sql,same,database,1db2e584c62ad18e7045dbef50e6987e6fa01009d57845a904427bf9f5c61829,1db2e584c62ad18e7045dbef50e6987e6fa01009d57845a904427bf9f5c61829,170
backend/migrations/171_allow_video_usage_without_image_size.sql,same,database,a91994eae7af2047a13b965a0722c25e67c1d6d4ca3495a7abb3ca3c58f461e5,a91994eae7af2047a13b965a0722c25e67c1d6d4ca3495a7abb3ca3c58f461e5,171
backend/migrations/172_composite_model_routes.sql,same,database,b22d845f42ec75a7c4cf40ff75292a71a54611ef530032909fc3b30a4c2d2ae8,b22d845f42ec75a7c4cf40ff75292a71a54611ef530032909fc3b30a4c2d2ae8,172
backend/migrations/172_video_per_second_billing_metadata.sql,same,database,8a53ce2b0c5f4400eb6af9280d1f730387b2f1c6c8d9143fe7c3c23893e2d26e,8a53ce2b0c5f4400eb6af9280d1f730387b2f1c6c8d9143fe7c3c23893e2d26e,172
backend/migrations/173_allow_cyber_blocked_usage_request_type.sql,same,database,f85f43d1f23c6b47047bb5b77495163c60ecb3db470a566bbfa1754282a75c40,f85f43d1f23c6b47047bb5b77495163c60ecb3db470a566bbfa1754282a75c40,173
backend/migrations/174_add_api_key_allowed_groups.sql,current_only,database,,17f89d6ec4bb54fd45b296c001c64c10fcadd4ca8e4012e16b392fca5e552463,174
backend/migrations/174_add_usage_log_long_context_billing.sql,same,database,bb8e95bc1f1af42c51b2282d5dde42df7caaebd6d436906252950f8b11b8287e,bb8e95bc1f1af42c51b2282d5dde42df7caaebd6d436906252950f8b11b8287e,174
backend/migrations/174_add_usage_logs_api_key_latest_ip_index_notx.sql,same,database,83cc57ae6f3a036ad4fb3959c04bec0f153adff7574b2f351517d31b06f6da96,83cc57ae6f3a036ad4fb3959c04bec0f153adff7574b2f351517d31b06f6da96,174
backend/migrations/174_group_web_search_price_per_call.sql,same,database,820c555a9804efc3c35a819bd8f6649439ce5ed16c321bb3233149400afbe310,820c555a9804efc3c35a819bd8f6649439ce5ed16c321bb3233149400afbe310,174
backend/migrations/175_add_ops_system_logs_host.sql,same,database,438a7cb649fc453a017dab3adae38b1789a4be7678359aa15740847d6c553571,438a7cb649fc453a017dab3adae38b1789a4be7678359aa15740847d6c553571,175
backend/migrations/175_default_openai_long_context_billing.sql,same,database,735db2875bc2397a188ddda2e29cb28c22e7c935e052e5cdd1608a8e160e24ca,735db2875bc2397a188ddda2e29cb28c22e7c935e052e5cdd1608a8e160e24ca,175
backend/migrations/175a_add_ops_system_logs_host_index_notx.sql,same,database,bd317e7b3a7292a57d5fe9f0b7e6c1d39e9254b039ac1aeb897201911a432f3a,bd317e7b3a7292a57d5fe9f0b7e6c1d39e9254b039ac1aeb897201911a432f3a,175
backend/migrations/176_channel_monitor_grok_provider.sql,same,database,0425ee1188a806e3c8252398363ab5102c9fd04be4e7096b77b69e2067eaa244,0425ee1188a806e3c8252398363ab5102c9fd04be4e7096b77b69e2067eaa244,176
backend/migrations/177_add_subscription_plan_currency.sql,same,database,fea77c5169b3298f8ed662f35086ff18bf214193417b449f3dc6ab792d459af0,fea77c5169b3298f8ed662f35086ff18bf214193417b449f3dc6ab792d459af0,177
backend/migrations/178_channel_image_input_price.sql,same,database,4292cbe5dc285142f67f8f8b050319c15dedacdaefad2181ee08c337f5144e88,4292cbe5dc285142f67f8f8b050319c15dedacdaefad2181ee08c337f5144e88,178
backend/migrations/179_usage_log_image_input_tokens.sql,same,database,d7036839d8613b38c4d620677a98b39aaf5289a110aa998259c4820b108ac778,d7036839d8613b38c4d620677a98b39aaf5289a110aa998259c4820b108ac778,179
backend/migrations/180_audit_logs.sql,same,database,4ff7ae63a055f7ef24a9c7482ac60a365f880e97dcdcb1de26c79cc0b59489f5,4ff7ae63a055f7ef24a9c7482ac60a365f880e97dcdcb1de26c79cc0b59489f5,180
backend/migrations/181_group_duplicate_operation_id.sql,same,database,7d0e5994a1196b7148f67e47aa17ba1641f2f01a600bfa63e47b6ee3afa0f938,7d0e5994a1196b7148f67e47aa17ba1641f2f01a600bfa63e47b6ee3afa0f938,181
backend/migrations/181_prompt_audit.sql,same,database,e0683734ea5a12ffe19d4a98acb6bfd5b24be236010ec006f1e9c9d0eb503e68,e0683734ea5a12ffe19d4a98acb6bfd5b24be236010ec006f1e9c9d0eb503e68,181
backend/migrations/182_prompt_audit_full_prompt.sql,same,database,7de1e20370c463e93eec9b8667549c34818b03cb56a79e12b37eec30c10ef8ed,7de1e20370c463e93eec9b8667549c34818b03cb56a79e12b37eec30c10ef8ed,182
backend/migrations/183_ops_ingress_reject_aggregates.sql,same,database,3e09aa2766b0bcd57bab0449e7e782829a1832cced23ffc53c9b27def8a77d2e,3e09aa2766b0bcd57bab0449e7e782829a1832cced23ffc53c9b27def8a77d2e,183
backend/migrations/184_auth_cache_invalidation_outbox.sql,same,database,143085310f44671f6ff0f1604c191b5a504df50bdeea37e365c5765cb3553e86,143085310f44671f6ff0f1604c191b5a504df50bdeea37e365c5765cb3553e86,184
backend/migrations/185_group_reasoning_effort_policy.sql,same,database,940c1132c5a01f824a83439cce41e6a182d51c1a3c6357a96c76dba950fc307e,940c1132c5a01f824a83439cce41e6a182d51c1a3c6357a96c76dba950fc307e,185
backend/migrations/186_alipay_mobile_precreate_deep_link.sql,same,database,2b1a0348d4ee93ba93c1bc0530b2302e906688a04dd3295a630461f2e50a9077,2b1a0348d4ee93ba93c1bc0530b2302e906688a04dd3295a630461f2e50a9077,186
backend/migrations/186_group_auth_cache_image_generation.sql,same,database,29e9c5a0b7966aaed6e8452ec5362384bff456bf98e0a3c7d412ae5b8a0f1a6f,29e9c5a0b7966aaed6e8452ec5362384bff456bf98e0a3c7d412ae5b8a0f1a6f,186
backend/migrations/187_add_usage_log_session_id.sql,same,database,3851c571072f84d388f5d6d9a2dbec3e64c62008de177b0df24616244333df20,3851c571072f84d388f5d6d9a2dbec3e64c62008de177b0df24616244333df20,187
backend/migrations/188_allow_live_usage_request_type.sql,same,database,560621f05d6eac1aac605d9b096a24de62c8fe000f6778184fa4c1e8dfeffddd,560621f05d6eac1aac605d9b096a24de62c8fe000f6778184fa4c1e8dfeffddd,188
backend/migrations/189_add_group_allow_live.sql,same,database,1544ee2544101619e3cc08f9246f5d524122f807f164cff6c1081c17c8880e2c,1544ee2544101619e3cc08f9246f5d524122f807f164cff6c1081c17c8880e2c,189
backend/migrations/190_add_users_email_alias_dedup_index_notx.sql,same,database,46e4a6043f1632ac87fc6b4a59deea2eb154d7df87bd22e147fd51402bffd32f,46e4a6043f1632ac87fc6b4a59deea2eb154d7df87bd22e147fd51402bffd32f,190
backend/migrations/191_passkey_credentials.sql,same,database,2ada807c41138c6f209db138984d59439418f1d06af3a101246bacda6e882893,2ada807c41138c6f209db138984d59439418f1d06af3a101246bacda6e882893,191
backend/migrations/192_group_profit_control.sql,official_only,database,3557811915c709b1162741e22dea0ceaec0b12e86a1ca3c91e2857eda8b23eae,,192
backend/migrations/192_subscription_billing_redesign.sql,current_only,database,,e4bff3777da6eef4673064951d706450ac1cc9777bf3844035e14e559bf6ecd1,192
backend/migrations/192_subscription_billing_redesign_test.go,current_only,database,,53262e8f2e4cf3345d99513b32efd1f01d53e848289868f933867877cdd6fac6,
backend/migrations/193_group_profit_control_auth_cache_invalidation.sql,official_only,database,ab799eab3a537b82fc8867116a19c629c67f1ff7a8d27e4ec0c3850e93d418d6,,193
backend/migrations/193_subscription_redeem_code_plan_snapshot.sql,current_only,database,,2c9997f315497cbea376c16c76ab9680aabdb65b186498e89895ba77817ec1f3,193
backend/migrations/193_subscription_redeem_code_plan_snapshot_test.go,current_only,database,,50a9e749f805c82b68c9f01a6e692847c1e26890dbe893a0fb4b65d4f65750c6,
backend/migrations/194_add_usage_log_upstream_response_model.sql,official_only,database,6803b9784b34871fb5a3eac86b354520ffa79ef85157d83ff9c735fc1971dd98,,194
backend/migrations/194_channel_monitor_v2.sql,official_only,database,aa92af41676d794db910945e43333c9bebcec9b88abccc2a526a894bfeeb7966,,194
backend/migrations/194_platform_assets_expand.sql,current_only,database,,3adcb8eae04cc2b22af5c978ba6077bb7f4e064f82592bc8ccedcf36eb1b0c90,194
backend/migrations/194_platform_assets_expand_test.go,current_only,database,,f080791404de671ea389a571972b919752ba94ec35ba0d3c7a86a6cc34ca31ab,
backend/migrations/195_add_usage_log_upstream_model_mismatch_index_notx.sql,official_only,database,229426ba9071aa70860ac0b6deb3420f8b4d8bbd457160b954d51dfa8806ea0e,,195
backend/migrations/195_channel_monitor_mode.sql,official_only,database,13f3792f3e3e53ee96e26415c884cf8062c77172824b54fcc9a8c0c2b1f185ec,,195
backend/migrations/195_platform_endpoint_capabilities.sql,current_only,database,,8315ba2a0dbe34853eff250e383aad381fc7a212a70053ac2b4e18b635807e83,195
backend/migrations/195_platform_endpoint_capabilities_test.go,current_only,database,,57c5fd84ac251489a5f0d09c8512028f764b21753ac82a123d80ce4b8c0e936f,
backend/migrations/196_channel_monitor_v2_ignored_error_categories.sql,official_only,database,1863655d6ab75084b6543cec36c47cad5a89e3a0037214ecc0aef465beb8fad5,,196
backend/migrations/196_model_pricing_overrides.sql,current_only,database,,f911b0bccdacb9388bc5f716b99d9cf43d1c1b0de2eeb8762d71e2737dfd63f3,196
backend/migrations/196_model_pricing_overrides_test.go,current_only,database,,55c772a586474c99d906583563d7b29054cdd5736586f338fe4e3bb7d086e928,
backend/migrations/197_channel_monitor_v2_seed_popular_models.sql,official_only,database,10412ca2d1f1081a9424a2286d0295c0af1e095766e532659425f4c16f0047ed,,197
backend/migrations/197_prompt_audit_platform_scope.sql,current_only,database,,94b54cc3e799b800e57980a7da78ad0ef6f48814d428e3f33e67eaf94bb348d1,197
backend/migrations/197_prompt_audit_platform_scope_test.go,current_only,database,,117a1acdf837b6e0a02c6c1eb1d1c50558ce4b7ca9a0645615fe248691e77388,
backend/migrations/198_channel_monitor_v2_health_thresholds.sql,official_only,database,d7f7bd222138ecc8379789921754512f93fcba3e5bceca5caf4e4fe780624c51,,198
backend/migrations/198_content_moderation_platform_scope.sql,current_only,database,,f8bbba2ba51b1b8fa05a39f2f9d520a56dd20371aa6bd7c2e5520e7cb4fedba3,198
backend/migrations/198_content_moderation_platform_scope_test.go,current_only,database,,8743b0edcf27325ffc4d0cb89e9eeaace4be9e7fba618317ed8f66a0c763cb0f,
backend/migrations/199_backfill_platform_catalog.sql,current_only,database,,24a2fbac08ccbd2b4aff18559f182317c2ee470533055021f9caee11d6d100be,199
backend/migrations/199_backfill_platform_catalog_test.go,current_only,database,,89bd0aca3692d26e8e38e4c0bffc7a574b14af61d7839e69aa18e03c4d448196,
backend/migrations/199_channel_monitor_v2_fixed_rollups.sql,official_only,database,fe6b8346a0b9bdcd08a55b8e7e53491e7e3d61f086c4dd50ee1caffc64b13456,,199
backend/migrations/200_channel_monitor_v2_rollup_permissions.sql,official_only,database,aadd2a1af9b2aad18f3dbcf549c597e93e7bca86e7830b29c3fd294f2b174b71,,200
backend/migrations/200_remove_legacy_configuration.sql,current_only,database,,94628ba0d91318bd5f1328daeccf9ed96abdc25c2305815ab88ab7a03c6495ba,200
backend/migrations/200_remove_legacy_configuration_test.go,current_only,database,,573d89e93c524af81d3262ae1071f1efef96dff62770380d2f34c2290f7cace9,
backend/migrations/201_channel_monitor_v2_refresh_5m.sql,official_only,database,883b9e8ea6193e592b32664750a561edd575e60b446a7c1071e62e98155ab084,,201
backend/migrations/202_channel_monitor_v2_full_table_permissions.sql,official_only,database,f707cc4e4a7a705133f8ab3db9f8a4bcf89e798f055c150feafc19e9b75f85cc,,202
backend/migrations/203_channel_monitor_v2_default_ignore_and_cache.sql,official_only,database,e1dc92cf6dad64aba3f41f439b4f34835766451bcfd236e85bbd317dc78117e0,,203
backend/migrations/204_channel_monitor_hide_throughput.sql,official_only,database,b8b8ec938c6b2b1c11931bb2decdbdd0977939e151d49bf9f0a4af317e0818a7,,204
backend/migrations/205_channel_monitor_v2_reset_factory_cache_thresholds.sql,official_only,database,7a4e0c80126225d2570e6c66bde28205220b3f1714a68d92f9e671aeb190c824,,205
backend/migrations/206_channel_monitor_v2_privacy_defaults.sql,official_only,database,fcf215cf2a8d35df141d1eb20ac3e2bb4f1657995ec74ec9ee0568fa0065cf2f,,206
backend/migrations/217_group_video_model_prices.sql,official_only,database,c53b4fa3d09797064b67b469a3cd0077c9fcd4fce17c4ffee29fcfcfb4dd8598,,217
backend/migrations/218_group_audio_voice_pricing.sql,official_only,database,40ee9f3a2af0e0a5e99dabc878fd0fe98be1011f26bcfcefcac7197f7081f0e7,,218
backend/migrations/219_group_search_price_per_1k.sql,official_only,database,e86786ebcc3b14206fd2d321380a4e50e80cdadbfcf4962c639255e6a14008db,,219
backend/migrations/220_clear_non_grok_video_generation_config.sql,official_only,database,85e320b9ec64f2d3fcd8cf705b2b4e76a7b49f7a57140c14bff97f32691c818b,,220
backend/migrations/221_group_model_pricing.sql,official_only,database,3e2895b7263d80c7d8bd93741d63d80f9300f5e0a723fcbe4f73611411fc3df5,,221
backend/migrations/222_group_usage_daily_rollups.sql,official_only,database,d22c1e2fac2e8d2087d029eabbef1b5c581d981113e9e5c3b6cf352d1184022b,,222
backend/migrations/223_group_usage_rollup_timezone.sql,official_only,database,dfea690bc6a821c8fb72ae8d5d0f5112ee03e0b478a21715199c72d9438e7c99,,223
backend/migrations/224_user_platform_quotas_add_cn_providers.sql,official_only,database,a80bf4129f12d09818c495b804c81d2ed2a4ea2bbb87fdd39f59fa336c6e0886,,224
backend/migrations/225_backfill_codex_fingerprint_seed.sql,official_only,database,2e0a0f6551d026227095394a2d254368d6128ce98a9dc29a7b8de4dcbe64d467,,225
backend/migrations/225_channel_model_time_pricing.sql,official_only,database,de2b2e411c1b63c320abb76d11a7f482e8d4ae9fe465eb7949e6e1c92e1f69e0,,225
backend/migrations/226_add_usage_log_effective_model_indexes_notx.sql,official_only,database,62a2480e55a6ee9499699f8052f859a4ca7c33c0cea4b9340679b78f99d4b9f0,,226
backend/migrations/226_channel_monitor_quota_mode.sql,official_only,database,5efcd4dcd8e3cf8d64c0e66adae14836209a125e896d416781495ab8c91a8c1b,,226
backend/migrations/227_composite_routes_add_cn_providers.sql,official_only,database,21d81a064828e8a544992f98e949053e45e9a135bc011f129147675d94612ddf,,227
backend/migrations/228_channel_pricing_multipliers.sql,official_only,database,cc7d231cc28660c791f924b32c35d8cfce2a474842a0a329ddd61ea7ae2de3a9,,228
backend/migrations/229_plugins.sql,official_only,database,941872100def939cadbae9ea6af37483a8466c962d8239e8de79e26f1ebb974e,,229
backend/migrations/230_plugin_artifacts.sql,official_only,database,2cf2bee4836306778d6f3a7d27f7da54590026b2269d3a474d1477830850ab7a,,230
backend/migrations/231_add_usage_log_native_compaction_v2.sql,official_only,database,8e0ce1864caea450f49b250a2b9c992ef19698a7d689ef772b256a7114e56474,,231
backend/migrations/231_add_usage_log_requested_reasoning_effort.sql,official_only,database,6c7a8a4a6546ca933519595daad5788f018fe4228e1de8aac4354626120666e1,,231
backend/migrations/231_user_restrict_public_groups.sql,official_only,database,ea2301110ba26614699869ec4919cccd5740eb9655441ab43e80a865fb5ecd88,,231
backend/migrations/232_channel_cache_write_1h_pricing.sql,official_only,database,9d3f11a365c790312148930ba2b4861022180be79b1f72b285f95530dd843a4b,,232
backend/migrations/232_group_force_openai_fast.sql,official_only,database,df219aaf4d970ce5672165cdd89716ea81ce8f7a269821c86a1d7e0b907ca0da,,232
backend/migrations/232_group_reasoning_effort_over_limit.sql,official_only,database,469fd8018b272050de20fde1835699feabc865e2c87d612bff6402821f74a6e8,,232
backend/migrations/233_group_free_openai_fast.sql,official_only,database,aff8cc2ca0b370a7dca32c21eda22ae8c07d35db5b229e2681faab02e1eac72c,,233
backend/migrations/9000_api_key_allow_all_subscriptions.sql,current_only,database,,6e18cfd5bfd9fb808c272c5d7e50efa0cddc732a9adbae072acbc07e711cc5b9,9000
backend/migrations/9000_api_key_allow_all_subscriptions_test.go,current_only,database,,ae07b5334c1ca9a6848b2b3be007c66bf47d5838327db2cfbf3e189ce6edfeca,
backend/migrations/README.md,different,database,2f3548431adbb292cf6f17cdf88c72f2a07d21dc8d7526c0bcddcb9be4699f35,24ca990ccdd6f5c28424da136274ecefe330b34a49852e3ce9d590481222ed39,
backend/migrations/auth_identity_payment_migrations_regression_test.go,same,database,1b07cb39e6d77631c6d712b0c22354fe0636e6feddc3316ae9c5757e34135d47,1b07cb39e6d77631c6d712b0c22354fe0636e6feddc3316ae9c5757e34135d47,
backend/migrations/channel_monitor_grok_provider_migration_test.go,same,database,fa22b03c292e39832f42ab7a7553c3faf290ac23cbdf90ca9e8aad770544081a,fa22b03c292e39832f42ab7a7553c3faf290ac23cbdf90ca9e8aad770544081a,
backend/migrations/channel_monitor_quota_mode_migration_test.go,official_only,database,05ec32b29e0147f7d4aaddbed8d48d56d4e8687af0afd71c531c7e8fb7d765ea,,
backend/migrations/channel_pricing_multipliers_migration_test.go,official_only,database,0094c47552f2a1f78d28eecb531c6aa414851cc62c8a91a177118ea61bf37aef,,
backend/migrations/composite_routes_cn_providers_migration_test.go,official_only,database,ce87da4cfb1327f57d2a0f1f674aad2456d30b1638a1978d9e653fb1cc456910,,
backend/migrations/group_force_openai_fast_migration_test.go,official_only,database,76a37ccfbd7304fcdadbe2f2a5b1b3cb3015c134891eec3ac962c9b65cfccd69,,
backend/migrations/group_free_openai_fast_migration_test.go,official_only,database,03d615a86a3ee8405edd60a79036d3822e9460b8d7d355798f46b4921e472160,,
backend/migrations/group_usage_rollup_migration_test.go,official_only,database,4bac806489cfc3b4b0c7a8221ba99d83dfe821cd6e79de336a75dcdc3f2013f0,,
backend/migrations/latest_api_key_ip_index_test.go,same,database,53c92142758654bebe36fc8e70ba83e78175f1f3fd197d0de5afcdaeaff33bb7,53c92142758654bebe36fc8e70ba83e78175f1f3fd197d0de5afcdaeaff33bb7,
backend/migrations/migrations.go,same,database,234661eba848d5af190c2f4cb4d05152db35ab1d85cecdede4d93fd7429e7b28,234661eba848d5af190c2f4cb4d05152db35ab1d85cecdede4d93fd7429e7b28,
backend/migrations/openai_long_context_billing_migration_test.go,same,database,3c29e80b0dd31077797949c9e95fec01a00ce01e00c448f418ad64c1727dd049,3c29e80b0dd31077797949c9e95fec01a00ce01e00c448f418ad64c1727dd049,
backend/migrations/plugins_migration_test.go,official_only,database,81e2a2a2215739db7bc090a92f02dda43416322998a9775d49bdd53b31210eea,,
backend/migrations/usage_log_effective_model_index_test.go,official_only,database,5ac3353d45ddb241895d1b8f5df7f6fbe4a9c90efd42d22115938a689e0ee0a1,,
backend/migrations/user_platform_quota_cn_providers_migration_test.go,official_only,database,e6a849ef3c2d17b68822620e566782d038a1e17af2bb327cc780aac01c3a33e8,,
backend/pkg/pluginapi/README.md,official_only,documentation,b12ab3864373bfcbfd2e42466ea74494c97e8f2b2f91edc2105dbe2d49603bdf,,
backend/pkg/pluginapi/docs/development.md,official_only,documentation,35e0766a10510579f09cb167ebb56529199996a90f2f44f78cb3459d632210b2,,
backend/pkg/pluginapi/docs/package-format.md,official_only,documentation,1b4f640640947a8aa6f8fe5dcabeb37485cd07bb25ce5767a8a4cdde66f67291,,
backend/pkg/pluginapi/docs/security.md,official_only,documentation,ee60d532526eb6d7950094d480fdcb571b4e680364a96c4d9ea48937f980db29,,
backend/pkg/pluginapi/docs/ui-bridge.md,official_only,documentation,ae605b480612410eb79068bd95ee078b0c6f43905088bd8b6fd63b322b1c36cf,,
backend/pkg/pluginapi/v1/manifest.schema.json,official_only,productcore,d6e33c6074370629bc276f29864693a63f20109051f8c95f585dc7c28f9f4e4f,,
backend/pkg/pluginapi/v1/manifest_schema_test.go,official_only,test,51e454461a746008703df007d89ddcd77532ba4b2d6d9f1a582de935011cac9d,,
backend/pkg/pluginapi/v1/plugin.pb.go,official_only,productcore,369b1ee825bfa41f2aaed84a0b125f9c40d9d12c1c972cd31c4eff69ac2580bf,,
backend/pkg/pluginapi/v1/plugin.proto,official_only,productcore,3b089ee6f1138b7adfea6721c3fb251c4c93570a9f63e2849630d1c2bc259965,,
backend/pkg/pluginapi/v1/plugin_grpc.pb.go,official_only,productcore,1a24ba13d42c712f92494be83ea93970476a6dc4146fb1f3a216670e93e569ee,,
backend/pkg/pluginapi/v1/runtime.go,official_only,productcore,701d6adc0cc6757eb513a52905063eea907f6fc32a2bd6dafe07cdf6e2cac7e8,,
backend/pkg/runtimebridge/v1/conformance_test.go,current_only,runtime_protocol,,c9b2dd435466f401b2fa3fadf97ea831cbbd81acdb8f5c065e6c9882f0489c21,
backend/pkg/runtimebridge/v1/contract_test.go,current_only,runtime_protocol,,46134bb57ed29a43efbe837aea6f7e440e57115b63913139bb76b36793396a9e,
backend/pkg/runtimebridge/v1/errors.go,current_only,runtime_protocol,,fcf173250c3e4579dcadaf16e283c1f759f1a4025013c9b2b9d72255d99c17a3,
backend/pkg/runtimebridge/v1/events.go,current_only,runtime_protocol,,1b264eb05f4ff0265eab5db2b2b06a681452eef7d328fee30d70165e394c4c7e,
backend/pkg/runtimebridge/v1/types.go,current_only,runtime_protocol,,fb0ceb7b14d40c11985c1d06e7dbcdb5c9cc0d72be7b30ace785df2be83a4c71,
backend/resources/model-pricing/README.md,same,productcore,d6d8054b0b8405402931c05ea0e4625ffc8b4386a77b811b487d645351a6face,d6d8054b0b8405402931c05ea0e4625ffc8b4386a77b811b487d645351a6face,
backend/resources/model-pricing/model_prices_and_context_window.json,different,productcore,0f5f8ed89c6ef7b692a15daec1e3dc4b69029f1287711acae2e5e4adec33c850,b88b66df474afdb3f2a70168f29986225435c538a078def51e953918be0a11cd,
backend/scripts/finalize-ingress-reject-cleanup.sql,same,infrastructure,22aeb544537fe214841aca8009223dcd85542ef42dad1c99af7193ecb2c83d9b,22aeb544537fe214841aca8009223dcd85542ef42dad1c99af7193ecb2c83d9b,
backend/scripts/resolve-version.sh,same,infrastructure,261a0db3673f4da30b002069176d3b256f9dda215ff74f7007b0fd8d541c4e2a,261a0db3673f4da30b002069176d3b256f9dda215ff74f7007b0fd8d541c4e2a,
deploy/.env.example,different,infrastructure,1d0c8147816ec80d1a283d7a73f65a8ea3c3fcd676c29ec6f05828ce70b26edf,dcfdc4bfa3077027b83850e2e90c17219c72941f47ef0a6d750b657a3b7f18dd,
deploy/.gitattributes,current_only,infrastructure,,13abc243c687aac84bc6e92149b1d651059b36b04bd88981cb9431d9719d174b,
deploy/.gitignore,same,infrastructure,87b84418a4175a4160967b5ae7eac8abc91960a9c32ec6ec90f208037edf4eb7,87b84418a4175a4160967b5ae7eac8abc91960a9c32ec6ec90f208037edf4eb7,
deploy/APPLE_CONTAINER.md,same,infrastructure,c6598ab50bff2f9ad15884f43c76a63d4d17a23f802bf904fd6449d327ad25d9,c6598ab50bff2f9ad15884f43c76a63d4d17a23f802bf904fd6449d327ad25d9,
deploy/Caddyfile,same,infrastructure,8eb984fbb0e0bc25b29a94578acec1aa74815eaf478aee4a6151da396f7318c6,8eb984fbb0e0bc25b29a94578acec1aa74815eaf478aee4a6151da396f7318c6,
deploy/DATAMANAGEMENTD_CN.md,same,infrastructure,20fe873249a45f4552ae23c8058ef15ffa8c43cf07b44e9a84b3b173627b22ac,20fe873249a45f4552ae23c8058ef15ffa8c43cf07b44e9a84b3b173627b22ac,
deploy/DOCKER.md,different,infrastructure,57f32703717273f1313510e78cfd68e5d6b17ddd03af68d18c5c7bd0055fbcf0,f4997dee4bac4697524218e92a85f18dc4830f3d522e60ae6af04a6cfca40f07,
deploy/Dockerfile,different,infrastructure,9e0c48a1e62b5f4fb17dc9e4008e962abf47535ab883ade9bb9f1063a94da32d,7c4acd84dcbd67e3b273d0aef74308ab6cea571687464402bf850137f59d82f0,
deploy/EDGE_SECURITY.md,same,infrastructure,925e58a2335a67bfe7480e5fdacbae8c9564c647682d783453f21ee6a29cf3a5,925e58a2335a67bfe7480e5fdacbae8c9564c647682d783453f21ee6a29cf3a5,
deploy/Makefile,same,infrastructure,2019664e4c01fa28dcadca55dc7374f607d3a808faac42930a84fc2d7e5a71f7,2019664e4c01fa28dcadca55dc7374f607d3a808faac42930a84fc2d7e5a71f7,
deploy/README.md,different,infrastructure,b9fb4eb2d7abe8a76f3e97756c21dd60f36c3dc30bf80290d8568f684004ae74,9905b44c54c4cccf7a39f91f1ee954fb482423bd7b75d32c26fae0e8a17fbd6f,
deploy/apple-container.sh,same,infrastructure,17a55031312193207de58648164d2153e819a96c48ca6d2b5a61b8a14a48822b,17a55031312193207de58648164d2153e819a96c48ca6d2b5a61b8a14a48822b,
deploy/backup-retention/xhh-backup-retention.service,current_only,infrastructure,,291ee72f9d062f835b2567d9a4b265a65ad34a639c55656f12121c9a76353ad1,
deploy/backup-retention/xhh-backup-retention.timer,current_only,infrastructure,,56fecec49eb86222093593a350eb8ee9dcfbd3abf571b2f4d7e6edfcb3b21db6,
deploy/backup-retention/xhh-prune-backups,current_only,infrastructure,,ee72b935846cb33f28834ec52c407f075133d7fe4ab3897560a45c8adc5a5aa3,
deploy/build_image.sh,same,infrastructure,68887b3f2bbb4e54fe11effbf2bb79b5442d675c7ddfea3a6c1243326d917529,68887b3f2bbb4e54fe11effbf2bb79b5442d675c7ddfea3a6c1243326d917529,
deploy/codex-instructions.md.tmpl,same,infrastructure,1b0b12d093d2ffd819ca82ba242e91f502a53b09b7fd80ad7eb87a5c8e202885,1b0b12d093d2ffd819ca82ba242e91f502a53b09b7fd80ad7eb87a5c8e202885,
deploy/config.example.yaml,different,infrastructure,6ce3ccba2b81a561a95ee374e8b196ce88cbd2c47a5a4fd878e800662eb55ff5,74b13a10533ad5cce5a96b20be8d727a4795207906f5f1e329ec2c36636be0c2,
deploy/docker-compose.dev.yml,different,infrastructure,9cac6ff220257f7035d82a897aaf7179eb7b8c006529119d51471f3e630fd9d9,f47a25c6d232848b1116b9e59df9793af88e979c1910948ce7f0a4b9df25aa3d,
deploy/docker-compose.local.yml,different,infrastructure,90064d1404a10ade206b52c16163b7cc8fe06dbd88e53471be8ae22869b4100d,1b0a303929ce262c14d896f5d50f59e271e1fcaaf7b31e21b46b7aaf0f554b69,
deploy/docker-compose.standalone.yml,different,infrastructure,dd68894a7e6818792598ddc2b34daec3416e71cf1b38b52c2c8f35a4ab6570a2,aefaece7a91ad4cb85ceac132df1e4d49fd148fab382ceb1be20e4850d54a3f7,
deploy/docker-compose.yml,different,infrastructure,d2c58f76708dd37432068e4278e799f196d545de8d24893dec981def5e6b197d,eb1d15e10c90a59ce61bb23f54727c86428dbbd77e35043971e7f166509032e6,
deploy/docker-deploy.sh,same,infrastructure,108ac972acd7f4240fec67db09845d91e3540fe37e3a0fad840ecd46fdfe2102,108ac972acd7f4240fec67db09845d91e3540fe37e3a0fad840ecd46fdfe2102,
deploy/docker-entrypoint.sh,same,infrastructure,7d3f1f532fcdefc0f405b37fb6caafa330dfcc7c531ad8bf51fcd48dad54a0b3,7d3f1f532fcdefc0f405b37fb6caafa330dfcc7c531ad8bf51fcd48dad54a0b3,
deploy/install-datamanagementd.sh,same,infrastructure,78376515e3640d07a5016f86d85b1b772c1f6f82673d45812bb8a5f74a008722,78376515e3640d07a5016f86d85b1b772c1f6f82673d45812bb8a5f74a008722,
deploy/install.sh,same,infrastructure,d6ca89c38111041e392463bbe1637453cd1576cb99dee0005b441ff5a20f8477,d6ca89c38111041e392463bbe1637453cd1576cb99dee0005b441ff5a20f8477,
deploy/sub2api-datamanagementd.service,same,infrastructure,b516a4904ad8ac955becb44e2facbe224beb175a5fc8bfb95c8da3c62b41a5a3,b516a4904ad8ac955becb44e2facbe224beb175a5fc8bfb95c8da3c62b41a5a3,
deploy/sub2api.service,same,infrastructure,f83f4876f393136fd3a2b73287658b9afeef0f9eed471a1a741b808b2626bad1,f83f4876f393136fd3a2b73287658b9afeef0f9eed471a1a741b808b2626bad1,
deploy/test-caddyfile-cache.sh,same,infrastructure,d1578d6bf1ee23245fd671686246ec10acf1c3a2bcfbd8a0eeb2fcc5b9262039,d1578d6bf1ee23245fd671686246ec10acf1c3a2bcfbd8a0eeb2fcc5b9262039,
deploy/tests/apple-container-test.sh,same,infrastructure,bde9618d2ac91d2d65ac5d6d900d4f8cb206afa0cd265b44ded88d04ec823326,bde9618d2ac91d2d65ac5d6d900d4f8cb206afa0cd265b44ded88d04ec823326,
deploy/tests/backup-retention-test.sh,current_only,infrastructure,,fa84b7f2399bde5e0f4aa85458252f5e5c881dd2257d0e03d40d2428eaad73a2,
deploy/tests/docker-compose-gateway-env-test.sh,official_only,infrastructure,701249b6a51b3426623d36d7241502c3d614d5aae490b90f6fe9ea5af864e894,,
deploy/tests/docker-compose-security-test.sh,same,infrastructure,483e66450b5bcdc5b7dc4e1a7e96505dea4835fee699627ec3f733ec892781c9,483e66450b5bcdc5b7dc4e1a7e96505dea4835fee699627ec3f733ec892781c9,
deploy/tests/docker-runtime-resources-test.sh,same,infrastructure,d54693e1cc5895507c811261fda902b40ec43a64edbd5e94f820ee4e0aa8dfc7,d54693e1cc5895507c811261fda902b40ec43a64edbd5e94f820ee4e0aa8dfc7,
deploy/tests/fixtures/bin/container,same,infrastructure,68d3711559ab8dc3dc77a48c666b089ba8395b8f9c438deb5c7d3666a2b98b1b,68d3711559ab8dc3dc77a48c666b089ba8395b8f9c438deb5c7d3666a2b98b1b,
deploy/tests/fixtures/bin/curl,same,infrastructure,abaeb7ae96b19afa1c8729f51ee37d6040b1e76d876cbaa0477be2ba9585f45a,abaeb7ae96b19afa1c8729f51ee37d6040b1e76d876cbaa0477be2ba9585f45a,
deploy/tests/install-github-token-test.sh,same,infrastructure,9b300f57c450f3c58a84514ad81c674a109837183d4a89a0d0381bd08a49c2b4,9b300f57c450f3c58a84514ad81c674a109837183d4a89a0d0381bd08a49c2b4,
docs/ADMIN_PAYMENT_INTEGRATION_API.md,different,documentation,8d82e6e3dba05c2f07a970267a8ffb62ce9ff37ca568f0919999fe46d67c6261,92aa34194980086841dc9212a7aeb53c0e7f24bd5da2913de22f3c0834021e53,
docs/ARCHITECTURE.md,current_only,documentation,,00e9c33b20e138e8c3b45acaf43abe66989fee74971cf70c785ccf994b4e36a4,
docs/ASYNC_IMAGE_TASKS.md,same,documentation,23d96ba4811d521ec1a5b8d8dc2bcb8a090483cf536bade160ac29d7e4ec1e2a,23d96ba4811d521ec1a5b8d8dc2bcb8a090483cf536bade160ac29d7e4ec1e2a,
docs/BATCH_IMAGE_MVP.md,same,documentation,2b5242d08c170ecb8792284fd72deeec0474d9d966c7be42c8357d2b86d898e9,2b5242d08c170ecb8792284fd72deeec0474d9d966c7be42c8357d2b86d898e9,
docs/BRANCH_AND_IMAGE_BUILD_CN.md,current_only,documentation,,777a2e7dedaa592a7816cb11f4e1d9ecfeefbc5ed1435c1a998172ce899750a5,
docs/COMPOSITE_GROUPS.md,different,documentation,48e846940205dae7ef5ac6bb1680ebafe97efdc7c1ef7d7d706bfd00b228f3f9,3d11f79e360d3c8d38454a6837f5383a5b950a2fe49b2bb519cd8f5211f78993,
docs/DEVELOPMENT_GUIDE.md,current_only,documentation,,2a26d77302991df9826d25b3950324d8a52c9718184ceb3382f3505392027dfc,
docs/HANDOFF.md,current_only,documentation,,481b400c2a535821b8b01159cee5f70b895e5d1e74ceb144e4a03f9f0bbc8288,
docs/PAYMENT.md,same,documentation,f6267475e13155177b9d1766a0543624300c09987a03f4c809b4f114e5a461dc,f6267475e13155177b9d1766a0543624300c09987a03f4c809b4f114e5a461dc,
docs/PAYMENT_CN.md,same,documentation,03f72b4941721208080bcb9cd370439d8c2cc8a637743699b48eef056db602b2,03f72b4941721208080bcb9cd370439d8c2cc8a637743699b48eef056db602b2,
docs/PLUGIN_DEVELOPMENT.md,official_only,documentation,590b1846a5507f735535ef9d247ad5d5439f8d07ce9a336c768ad2bd969b07a8,,
docs/PROJECT_DEFINITION.md,current_only,documentation,,6c60d37b13eda2f5b626be75020fd658ae439f5d38a523c2528658c23b11bc42,
docs/ROADMAP.md,current_only,documentation,,2d6ed49327c63342f73dacc5829bf32cf1a05726b8f84b9863d73cb990e55223,
docs/channel-monitor-v2-safe-defaults.md,official_only,documentation,f0f6487928e1d9ed79a4f6058cdb8aa56dd43d05c0ad69034bd4937d158099ef,,
docs/legal/admin-compliance.en.md,same,documentation,5f349746de82050f16d812eb95ade48e0858de04c65e9e64f437965b94fb79df,5f349746de82050f16d812eb95ade48e0858de04c65e9e64f437965b94fb79df,
docs/legal/admin-compliance.zh.md,same,documentation,c9d22b6f85398b1d07ff76067b0514bbc1febaf67e1ca30d604feff6bdc374ce,c9d22b6f85398b1d07ff76067b0514bbc1febaf67e1ca30d604feff6bdc374ce,
docs/memory/决策/2026-07-20-全局背景样式.md,current_only,documentation,,330daf157377c4ff7d578a2a584266779ae47b022cc960ce634c411dddcdecfb,
docs/memory/决策/2026-07-20-用户订阅入口与仪表盘卡片.md,current_only,documentation,,f622b78ac9a097943eb7bf0d76f7f1556ff13cf1e79fa87fed062df9ac3281d7,
docs/memory/决策/2026-08-02-官方同步与多套餐冲突处理.md,current_only,documentation,,60e5427c2ffa62079a21c37b54464c1a574593b5a1faf138ee9eb518e6b120c2,
docs/memory/决策/2026-08-02-订阅套餐耗尽即时回退.md,current_only,documentation,,5d65129094f51a6c6d224fa8ba16023bfbfe11703dcee2f694c793c3e8bf4b66,
docs/memory/决策/2026-08-03-订阅与计费领域拆分.md,current_only,documentation,,4f35904438fe34185c9849b88c8ef0533cf44e906ad6f39152d15e1e851898b3,
docs/memory/决策/2026-08-04-my2-隔离预发布通道.md,current_only,documentation,,2f896305a24439eaa381d6c324c8c79831f72196550616596239b6f93bd925c2,
docs/memory/决策/2026-08-04-平台与资产解耦.md,current_only,documentation,,13b568840b27d3338157598ab1a8ba403a71c986599298dbdef8f8f2c1fffe21,
docs/memory/决策/2026-08-04-订阅计费重构实施结果.md,current_only,documentation,,84af29be74156d96dec6bc6b17389fdc3dc2d0b403a312f613c7e4c96bca5069,
docs/memory/决策/2026-08-05-my2-部署与使用记录保留.md,current_only,documentation,,d860cc73d2c52b407e42a3e6251af20cdd487d2298368c9a83a965edf1ca52f7,
docs/memory/决策/2026-08-05-product-core-runtime-boundary.md,current_only,documentation,,d43bc2bbe4bb105f6abc5114b9c67c68b185ab3c6fae12137fbcffbfa812810c,
docs/memory/决策/2026-08-05-全局余额倍率与旧分组兼容.md,current_only,documentation,,92c20597d75a3da85471168fc3248c781ac5a7d9b9badf00e0f489e69855fd9a,
docs/memory/决策/2026-08-05-平台授权与套餐管理可达性.md,current_only,documentation,,d7b1a7d31c371364279e78e8809faf8674e7b00004c6d9e1476a291ba6343351,
docs/memory/决策/2026-08-05-异步计费上下文与密钥套餐授权.md,current_only,documentation,,49b31742e24bb30944d704282a4f6b997a2320042232d7d4895c83fefda3a135,
docs/memory/决策/2026-08-06-platform-pool-implementation.md,current_only,documentation,,24dba89117490e3b68dc61875f64dff21deb4f36e5b8f541b402dfdbdc2bbb83,
docs/memory/决策/2026-08-06-套餐独立扣费不依赖旧分组.md,current_only,documentation,,ef21d1eee5babb1f3e17890a77365f685bb16221ef3a7a060946c265a00765fd,
docs/memory/决策/2026-08-06-密钥平台与套餐授权原子保存.md,current_only,documentation,,3e9fd851461e8d2e2d760a2bbaf8a75218813a6018328357827065064331372a,
docs/memory/决策/2026-08-06-平台唯一入口与放弃旧配置.md,current_only,documentation,,a2afce87240399499c41812cfaf11a01c7d5dea71cb7da90ae7c7ec9fdd37e92,
docs/memory/决策/2026-08-07-平台模型权威实施结果.md,current_only,documentation,,604a136c6e2b05276684f6d15450c0c44c701e402b7b0520745fd1e316ed396e,
docs/memory/决策/2026-08-07-平台统一模型权威与端点.md,current_only,documentation,,bf7ea5dc5160c0fb9089ae3444ee0ec80bdf6e8c3c5c34155d400e19e8535568,
docs/memory/决策/2026-08-08-统一Responses模式按请求类型路由.md,current_only,documentation,,b3e257248a442d04ee1db9851a5be64dd71285af7c5a102acf4985dc5c3db94b,
docs/memory/决策/2026-08-09-平台管理页契约与模型透传.md,current_only,documentation,,be90bafe532ee10829bb6bd3f4e20ed85765dfafb5e446ee3d469afa0d7cdc04,
docs/memory/决策/2026-08-09-彻底移除旧分组配置.md,current_only,documentation,,4a958bd54fae625a8e8fc3264081998fc2cfee82c64eeb04519b3d7babfa69f8,
docs/memory/决策/2026-08-10-官方重点更新同步边界.md,current_only,documentation,,f018f70b63fc2b42b122431a82d1c2378667119393ae5f6996eb726f858ae00b,
docs/memory/决策/2026-08-10-平台调度命名空间与业务ID隔离.md,current_only,documentation,,f9cf323fe8297110e80d147905023647d8c145342568c1e587d8df76ae268e0b,
docs/memory/决策/2026-08-10-运行时适配器边界与可替换内核.md,current_only,documentation,,9b6b77a56303678e91e532ec82ab96eb95ac91ef4d87dd2be57256a9d4c88dbf,
docs/memory/决策/2026-08-10-适配器边界本轮验证.md,current_only,documentation,,d47276cfbc6c4fab828e6d82c48ff8c733aca0062e9a52a8f539c5eefa95e69c,
docs/memory/决策/2026-08-11-My2发布必须通过完整质量门禁.md,current_only,documentation,,d27a0afbce4180bd6df90332cacc715978a8306de284b7ed947c9dac71e70517,
docs/memory/决策/2026-08-11-Sub2API适配器纯化边界.md,current_only,documentation,,58175f75ca7bffa55aee0d611e522e27641fce87f5ceff7bbfdedc9d83942e01,
docs/memory/决策/2026-08-11-运行时适配器边界验证与发布门禁.md,current_only,documentation,,ad62400062a0bf06d40cc75661bed4c7e1e7073bf2e32685daf19fec8f0c6970,
docs/memory/决策/2026-08-12-XCode镜像统一使用latest.md,current_only,documentation,,090f660144e3110441449113f8d9a39c596de85221532fc46ede5bc73b03f4d1,
docs/memory/决策/2026-08-13-平台安全删除与独立订阅购买语义.md,current_only,documentation,,9515c10ca9f577bb1fb0d63041c0d153fa0d3e58f97b14d375144c808b328863,
docs/memory/决策/2026-08-20-XCode仅发布离线包.md,current_only,documentation,,6c2bff7004761ba051954ca027e9fc63f7891bf95749b56ebce07f08b554588e,
docs/memory/决策/2026-08-20-XCode独立仓库与v1发布线.md,current_only,documentation,,0e88823bd865bbd9e6c80c5e60ce7d34951ad70fbce7d239c898d661d2c4ebc2,
docs/memory/决策/2026-08-20-XCode独立仓库迁移交接.md,current_only,documentation,,8118352285a0e5410675a4a3b56a231392f59afa7ec2001d8044603c62b87171,
docs/memory/决策/2026-08-21-生产验收默认模型.md,current_only,documentation,,9d0a34274de428e3b02c651a1acbe4abd8075e26106b9ce1dfa7f37c9a6684d8,
docs/memory/决策/2026-08-22-Sub2API作为唯一Runtime.md,current_only,documentation,,160f980869ffa1ae1faeffa6be97d0be353c2c43781acc6243c9a6b39d07e758,
docs/memory/决策/2026-08-24-计费候选保留原始订阅窗口.md,current_only,documentation,,64a9b45f5422fca015dcf3908dc80267710a5e9d4b21c22159e3e53f6167e3f0,
docs/memory/当前状态.md,current_only,documentation,,a6a1f0d304ce0471499607c25dc92b34dd1abc8e4feca3871acb2a3cb13ac9af,
docs/memory/项目概览.md,current_only,documentation,,219d2b3a4627f7569ff138c6b5288ebee52a9c2705465c677b78a286a8f4ac4e,
docs/screenshots/mobile-account-actions-menu.png,current_only,documentation,,4d569719262540103f62e59d38e60f312fdcfa1dcad2ad783272507cbaab27a6,
docs/superpowers/plans/2026-05-03-homepage-simplification.md,current_only,documentation,,13318729e974b0c401460af68550ee93c1f0e4ff2f4747df99e46b36ddec1e1d,
docs/superpowers/plans/2026-05-06-subscription-dashboard-limit.md,current_only,documentation,,11abc05f93bfeac8a2819bef4fca4eec4659635567424a4935223afe4794f312,
docs/superpowers/plans/2026-08-03-subscription-billing-redesign.md,current_only,documentation,,41c2263b54abc5b63ec3a1e3861b03054570f741645738c9f4c30bb14953480c,
docs/superpowers/plans/2026-08-04-my2-预发布-docker-通道.md,current_only,documentation,,9b77afaf94bf62617a60b9e564ed2dedcd39efb71cbc78df793a0d5d27662e01,
docs/superpowers/plans/2026-08-04-platform-assets-decoupling.md,current_only,documentation,,297767f8e5373d0f031e99ca63acb44c887f882f44d1db2cfe745cf945d0ddb4,
docs/superpowers/plans/2026-08-05-product-core-runtime-boundary.md,current_only,documentation,,3ced4353184b460ce321101deca941b890a37e8b431692e0e70167d0df86a787,
docs/superpowers/plans/2026-08-06-platform-pool-account-adapter.md,current_only,documentation,,37852bf4a51ec8917d2c86a4e6c51149897b575b488f3bcc0eeb73c32664b1bc,
docs/superpowers/plans/2026-08-07-platform-model-authority.md,current_only,documentation,,363fdf0fe8dc2fdbca7910e0b6a65e81171b0cc8b1dd605f7c16d7d847015a53,
docs/superpowers/plans/2026-08-09-remove-legacy-configuration.md,current_only,documentation,,5ed62bcc81f80d000fb2a88a99353418377cbba59f47acd9c8b539d23558f548,
docs/superpowers/plans/2026-08-10-runtime-adapter-boundary.md,current_only,documentation,,e94cacabc68d4b70f2f9d433bcdca6460f0915fdc98b96bf7c8c98a8cab3c72f,
docs/superpowers/plans/2026-08-10-sync-upstream-v0.1.173-core.md,current_only,documentation,,80fb8e158899de600a1fbe60e37f7a20c6256d58989d7bb8d5dacf4abd2713e8,
docs/superpowers/plans/2026-08-11-my2-release-quality-gate.md,current_only,documentation,,d541036dc67fd8b0dad0525f686eff9204609da365f149e6c2ebdbac20dcf233,
docs/superpowers/plans/2026-08-11-openai-images-runtime.md,current_only,documentation,,664722b65b4440d2700e175f1e6e20793e47df233bb464b4c7feb3feadb16efb,
docs/superpowers/plans/2026-08-11-sub2api-adapter-purification.md,current_only,documentation,,e76a988dd9ffd29306278d413bb858b9ecbf0de6a48f01e28681bdaee221bea3,
docs/superpowers/plans/2026-08-12-platform-safe-delete-and-subscription-purchase-copy.md,current_only,documentation,,5ce89eead7464b475df45caf82489aea87d8b7a0a44d855bc2b606a6d6a569c8,
docs/superpowers/plans/2026-08-13-platform-controlled-cascade-delete.md,current_only,documentation,,8cc0f3df68220054fbdcd3bcd06eaa046da0a59d9d32a6103266170ddc855482,
docs/superpowers/plans/2026-08-14-usage-latency-preservation.md,current_only,documentation,,9d44b46dccd39b00d7658b5711e2eb40741e511c298e64baf8c0c32452ce7f4d,
docs/superpowers/plans/2026-08-20-xcode-repository-migration.md,current_only,documentation,,df491c925bddbccd81d72cdc416ac87660ee6f702909788cd4fa11dfcd77ac27,
docs/superpowers/plans/2026-08-21-runtime-kernel-cap-replacement.md,current_only,documentation,,4db25fcf872d182be233de8095b00b21e0dbcd7c2c86ba28d3a926ddef2dc74c,
docs/superpowers/plans/2026-08-22-api-key-unified-billing-and-default-key.md,current_only,documentation,,1b17f60ec5d7c2586f352bb6b97bbed13b08267bc4e56713aae6011631429587,
docs/superpowers/plans/2026-08-23-sub2api-upstream-candidate-inventory.md,current_only,documentation,,764b5f7f8021675a17be9a4a520522adfd413a95102dd4e286f07bcf5124ba47,
docs/superpowers/plans/2026-08-23-sub2api-upstream-sync.md,current_only,documentation,,b7072d2ef74a645e7c64485bd77dbf349b6da2aaeb3cc4851d7f1ecd370d6d25,
docs/superpowers/plans/2026-08-23-sub2api-v0.1.179-phase1-baseline-matrix.md,current_only,documentation,,5a426175040ba3b42aa275315db53a192f583d2a1df65bd3c2e93b0d0e4c6fd3,
docs/superpowers/plans/2026-08-23-sub2api-v0.1.179-phase2-protocol-core.md,current_only,documentation,,90dfc7831707e65761bc29eae2e6ca0fe701355d31625d38ea1e22558a00028c,
docs/superpowers/plans/2026-08-23-sub2api-v0.1.179-phase3-provider-pool.md,current_only,documentation,,642f410e7350d8247186426623b38534d2529e726bef01ee9129bf49eccc0703,
docs/superpowers/plans/2026-08-23-sub2api-v0.1.179-phase4-media-extensions.md,current_only,documentation,,123e5aedc9deffb25e927966d5f8e6f0220de0e644decd5e3da3dc29e3f69db7,
docs/superpowers/plans/2026-08-23-sub2api-v0.1.179-phase5-runtime-admin.md,current_only,documentation,,37f392800bd6d4860c9eb3c7a3165377751d13f6c87cd87da72b5b522d6447e1,
docs/superpowers/plans/2026-08-23-sub2api-v0.1.179-phase6-database-release.md,current_only,documentation,,8ecba5a89750bcaae3b2adbcbc4701b88832d54dc22ebaf2a3d5806213aa5c8c,
docs/superpowers/plans/2026-08-24-official-runtime-layering.md,current_only,documentation,,ab271175c617d59c3a0d37870a6c72b823dfb8cce43add15a2bf389d69aa52c1,
docs/superpowers/plans/2026-08-24-subscription-daily-window-maintenance.md,current_only,documentation,,fc7c6c7fa8945edad35250b57404daaa3828316268af85e5cae0927be06e6c0f,
docs/superpowers/plans/2026-08-25-los-angeles-backup-retention.md,current_only,documentation,,ad268d546916f355a9f94a032103a84dfea99624464a48254ab919d3747f0216,
docs/superpowers/plans/2026-08-25-model-pricing-plaza-dual-price.md,current_only,documentation,,231831f45f5cfd378e7c65dce39cde3fb7fa17dffb478dede0aa1992cafaf701,
docs/superpowers/plans/2026-08-26-xcode-sub2api-sync-skill.md,current_only,documentation,,36f54cb75aa986a604f4d2f7743a5f41e033b4dbbe1d36c7640b500a639d33fe,
docs/superpowers/plans/2026-09-05-sub2api-v0.2.0-f001.md,current_only,documentation,,04b84ae3baa2e5f19ba188d0080873fc142257a9638801a0f68a078cf1d61f77,
docs/superpowers/plans/2026-09-05-sub2api-v0.2.0-f006.md,current_only,documentation,,cc58098b6a766c0e8474f9e205547d4b359f51ddd56a9bf489985ca8e94362b6,
docs/superpowers/specs/2026-05-03-homepage-simplification-design.md,current_only,documentation,,7564891f80ff8dac8c459ed5b037fdb41695abb4301e5439a97692b45cc4cc60,
docs/superpowers/specs/2026-05-06-subscription-dashboard-limit-design.md,current_only,documentation,,13f5ea48a4df665ad03505ed64d0555899b0457f2e2692ce3c53887b32314d88,
docs/superpowers/specs/2026-08-03-subscription-billing-redesign-design.md,current_only,documentation,,6960043e846255a13b9ae6e1deba05827824037ffc12e374fe0ea238fa4e23aa,
docs/superpowers/specs/2026-08-04-my2-预发布-docker-通道-design.md,current_only,documentation,,0d39d02ae02eb2e534870ade3fdbdbec92996aa528b87b0b86a4b2658a35ad13,
docs/superpowers/specs/2026-08-04-platform-assets-decoupling-design.md,current_only,documentation,,ad0e41430c61e19449e51511a1879b146ba83b76b7a1843e9a9ec3a4b4cc5868,
docs/superpowers/specs/2026-08-05-product-core-runtime-boundary-design.md,current_only,documentation,,bca6430b0fd80459552fd9742adc6b4f0b8d1160751939bf72d0eefc356bd972,
docs/superpowers/specs/2026-08-06-platform-pool-account-adapter-design.md,current_only,documentation,,bb5afe4b30210baa0d7a7e16472d2b6f828d452ddc9b031fb1946f4799a38c52,
docs/superpowers/specs/2026-08-07-platform-model-authority-design.md,current_only,documentation,,a5086f8a466b89001f0f2e3db015f880f99cec46167b18b85218c0a258d097e6,
docs/superpowers/specs/2026-08-10-runtime-adapter-boundary-design.md,current_only,documentation,,2dca610aad6e0cda4f8661b3dafa7a9450acddfbece7f69008c3c0805b172ce5,
docs/superpowers/specs/2026-08-11-my2-release-quality-gate-design.md,current_only,documentation,,5716220f1a8b474463ff6111d322ad858571d49b9ec4cd81318b01b1a951bb29,
docs/superpowers/specs/2026-08-11-openai-images-runtime-design.md,current_only,documentation,,25bbc7ec7fd7af2a78850e766e69adafb2277585cf7f372717e1874ce2e6346c,
docs/superpowers/specs/2026-08-11-sub2api-adapter-purification-design.md,current_only,documentation,,a8b0961b805475cbe55fce0db67966c42f374e4fd1bbda19ec086f488040f2a0,
docs/superpowers/specs/2026-08-12-platform-safe-delete-and-subscription-purchase-copy-design.md,current_only,documentation,,f05f767e45e0f52128a92ffe00b81dfd33c3b2a8b296335f5e897734dce53cee,
docs/superpowers/specs/2026-08-13-platform-controlled-cascade-delete-design.md,current_only,documentation,,a42cebfd98b3e87b69d6d9e9c568ebf5c09d9d658c4b3fbb6d08b722cc1cda9f,
docs/superpowers/specs/2026-08-14-usage-latency-preservation-design.md,current_only,documentation,,9baf0eb166c6e32dbc31d3e6606eb51ce19bc4075066ec1d25f731431fea3554,
docs/superpowers/specs/2026-08-20-runtimebridge-sub2api-separation-design.md,current_only,documentation,,0c5b738cca4a3c2ee35df5dbbe7e920e9a587d195a41714cc27772527048947c,
docs/superpowers/specs/2026-08-20-xcode-project-handoff-design.md,current_only,documentation,,b0692c9b2601f181c2264c9e3eb9eea2c5bf944e07845a8d16064d1ad1dc747b,
docs/superpowers/specs/2026-08-21-runtime-kernel-ai-account-domain-design.md,current_only,documentation,,9a693491748e6da0fa395914525323b98071aa52f9dfceb28bb8c1c7d539f8a7,
docs/superpowers/specs/2026-08-22-api-key-unified-billing-and-default-key-design.md,current_only,documentation,,23d4f1092444334a0b97fc72b5f4234571e4a4a62f4f22873cdf5e51746a09a3,
docs/superpowers/specs/2026-08-23-sub2api-upstream-sync-design.md,current_only,documentation,,99e29ac80d02704d2c88d96ce85037ad50dacdc02ee755d9c73055716496bb6b,
docs/superpowers/specs/2026-08-23-sub2api-v0.1.179-full-runtime-sync-design.md,current_only,documentation,,ac469581f06b38dfc69b35c13ec40fda1fc4b42cc1c02a4aa773143133d695c0,
docs/superpowers/specs/2026-08-24-subscription-daily-window-maintenance-design.md,current_only,documentation,,b5857242599741ab2133e10f13c1c593f070ca7f931b2ba5d19b86762fcd89e0,
docs/superpowers/specs/2026-08-25-los-angeles-backup-retention-design.md,current_only,documentation,,bd744c29b73e13fb67a24f9b0bbd4821806eed48a264edc04ff34b663f7cfada,
docs/superpowers/specs/2026-08-25-model-pricing-plaza-dual-price-design.md,current_only,documentation,,0ac26ec714d737d89b45a752cb4031b8c68584b0832ca3edaf467fef3af2f8ad,
docs/superpowers/specs/2026-08-26-xcode-sub2api-sync-skill-design.md,current_only,documentation,,573957e32f41cb3f0a4588feeaabc52d22d20e86e3fa8193949d5eeb8894c759,
docs/superpowers/specs/2026-09-05-sub2api-v0.2.0-f006-design.md,current_only,documentation,,e309027df654603b104cdf34b7ce273166c76dd224e2b9b3942e42f8c29cbd23,
docs/upstream/README.md,current_only,documentation,,b62237733f01985c87386f8dffe57d3289d7ef93193ff76dd1f78809ac0074cc,
docs/upstream/SYNC_POLICY.md,current_only,documentation,,45fa667acf13a27aec97c04e4964c7d2af3124cd0f602e417ede522cb4748527,
docs/upstream/sub2api-v0.1.179/README.md,current_only,documentation,,f5082090a2aa0e75e63d65dfdae0a847a039c755bac9ecdf397bb019b3d3a2e3,
docs/upstream/sub2api-v0.1.179/commits.csv,current_only,documentation,,3c273ca7c4f9a44375c00760ee339866cabc530ecb9fb999e9192e52a95776da,
docs/upstream/sub2api-v0.1.179/database-impact.md,current_only,documentation,,05851720ffa9782e3065074d6924271bbee588b6f218e44ad75834413d15612e,
docs/upstream/sub2api-v0.1.179/files.csv,current_only,documentation,,ea605abba2d9240c7f6b93bea68595894f64b3e3afdc9ae72042d87069b917a5,
docs/upstream/sub2api-v0.1.179/metadata.json,current_only,documentation,,26a6d9d7e2e5f638bbdcb87a9bda6e469fbdb0213f00755c8575e50a4569ea53,
docs/upstream/sub2api-v0.1.179/phase2-protocol-core-inventory.md,current_only,documentation,,a1a59e8269c4ff039f7745821d57b29e0071d2123e22bd74890157c6d1a49f07,
docs/upstream/sub2api-v0.1.179/runtime-feature-matrix.md,current_only,documentation,,8cad5a980c4ec482712625b9ff86565d5eb67ad3447875f45d5f438f400e2608,
docs/upstream/sub2api-v0.1.179/sync-plan.json,current_only,documentation,,117ec01db1fe346f42704e63e3a48d7d8fce007ea93fb29085f9ab09de084e4d,
docs/upstream/sub2api-v0.1.179/xcode-adapter-overrides.md,current_only,documentation,,ff1b1c9441ffa149f39e47dc2fc0007d86e719068d115f7793551f6babdcfc81,
frontend/.eslintignore,same,frontend_product,af61dbd288862b4c4054adb1c0f91aae4af7e1c218915ebeba8a56e1b3408215,af61dbd288862b4c4054adb1c0f91aae4af7e1c218915ebeba8a56e1b3408215,
frontend/.eslintrc.cjs,same,frontend_product,12f3ccc6cbf83af6fe69d71ebf89d37e7ad05f2501ffc9d1407857a7d9fe905e,12f3ccc6cbf83af6fe69d71ebf89d37e7ad05f2501ffc9d1407857a7d9fe905e,
frontend/.npmrc,same,frontend_product,4347c8d76f8ea1940676f35ea528bba149148f48ea1c5d1f40f5c7f523cadfb3,4347c8d76f8ea1940676f35ea528bba149148f48ea1c5d1f40f5c7f523cadfb3,
frontend/audit.json,same,frontend_product,664db53edd7bcc6c5c06e895e3ead5e66f64c0b0bd93d7b9263ab52cf846906b,664db53edd7bcc6c5c06e895e3ead5e66f64c0b0bd93d7b9263ab52cf846906b,
frontend/index.html,same,frontend_product,c29dc06c791cd6282cddfe0c7c6d35fd41575445d5f55742809b8c4bb88d1433,c29dc06c791cd6282cddfe0c7c6d35fd41575445d5f55742809b8c4bb88d1433,
frontend/package.json,different,frontend_product,a251bf81d41b5b473ee2a3ee129ad39f6263b8749b14f4cff956fa8df36179dc,6c12a4ae29b1955c866156c4a648877e0863ec30198167db0f9f9b8081d89a29,
frontend/pnpm-lock.yaml,different,frontend_product,8dbd1876020e41b644d971414d29100c9f428f39ede953c03d0442b834f6f3af,ce5bcd7270feb55276e0a9344db539b9376961caaa1bb2a74e596b69eb3117b5,
frontend/postcss.config.js,same,frontend_product,8592c6fceb411f2865a99b4debde2721201770545d43a94fafd89fe043e1e1cf,8592c6fceb411f2865a99b4debde2721201770545d43a94fafd89fe043e1e1cf,
frontend/public/logo.svg,same,frontend_product,ce1f2ac07efcfff80904a9582578b5db8fdd14a3118a5c7b58f408ed06df18e1,ce1f2ac07efcfff80904a9582578b5db8fdd14a3118a5c7b58f408ed06df18e1,
frontend/src/App.vue,same,frontend_product,3ccda88df38a380d43df43bb00db063b2135ab2cc5cb491db98abad0a01707e7,3ccda88df38a380d43df43bb00db063b2135ab2cc5cb491db98abad0a01707e7,
frontend/src/__tests__/integration/data-import.spec.ts,different,frontend_product,3bfc04cf3d5c314b759f276f1480ead09779455a05f1012db73c7d5752f8246c,317655f826995ea289bc0357de910c3a0acb4528a0bb048e7b0619e8808a9290,
frontend/src/__tests__/integration/navigation.spec.ts,same,frontend_product,7afaffcb3533664ae6db99d5ef8d3b735173b4e976557320bd884937b1cfd4d5,7afaffcb3533664ae6db99d5ef8d3b735173b4e976557320bd884937b1cfd4d5,
frontend/src/__tests__/integration/proxy-data-import.spec.ts,same,frontend_product,ae652e55832b2311e788ce7962ddbbd72c33246770f8535af4b025928cbaa02a,ae652e55832b2311e788ce7962ddbbd72c33246770f8535af4b025928cbaa02a,
frontend/src/__tests__/integration/usage-reasoning-effort.spec.ts,official_only,frontend_product,a629312456f3db8ee4df10497da29ce3a4b3fc457aa4cbed2d987d31a584a2fb,,
frontend/src/__tests__/setup.ts,same,frontend_product,e0839b47a111f290d00d739cb8da6b689ebab1700b0754cca791ac91327b5df7,e0839b47a111f290d00d739cb8da6b689ebab1700b0754cca791ac91327b5df7,
frontend/src/api/__tests__/admin.accounts.duplicate.spec.ts,same,frontend_product,236880271725921adb0ef52416d37718769e892f8fca57294a1ae3ff0d366836,236880271725921adb0ef52416d37718769e892f8fca57294a1ae3ff0d366836,
frontend/src/api/__tests__/admin.accounts.ollamaCloudUsage.spec.ts,same,frontend_product,8c44555d0743a5427953767b82c42f065d8d33da36feeba220357f18fcc88d0c,8c44555d0743a5427953767b82c42f065d8d33da36feeba220357f18fcc88d0c,
frontend/src/api/__tests__/admin.accounts.upstreamBillingProbe.spec.ts,same,frontend_product,684f45d8e94320dcf0821ed29fb4d07379f308dd82e2bfa22d1c85f2cbac7f4b,684f45d8e94320dcf0821ed29fb4d07379f308dd82e2bfa22d1c85f2cbac7f4b,
frontend/src/api/__tests__/admin.channelMonitor.duplicate.spec.ts,same,frontend_product,67b571beb833c4831ea2f9774dc28f6c40aea7cc158f52438e84a9c9f8781731,67b571beb833c4831ea2f9774dc28f6c40aea7cc158f52438e84a9c9f8781731,
frontend/src/api/__tests__/admin.grok.spec.ts,different,frontend_product,cd8bb4c35f16605650748e5dca72a54b3764a8650c13b02d4b55004522a147dc,40cb42ad72941ac0ac65170e987b2b55b6bae48bc1807659370c985e99035290,
frontend/src/api/__tests__/admin.groups.duplicate.spec.ts,official_only,frontend_product,365df10958bbc5410ce542a15ac246f9b5c87a1c2496ff819f5116a66a96e392,,
frontend/src/api/__tests__/admin.groups.usage-summary.spec.ts,official_only,frontend_product,7eeb9da069ae1ba8f9dabf6fde06aa9e34aeb6e37a1b76671bade81a8271619b,,
frontend/src/api/__tests__/admin.modelPricing.spec.ts,current_only,frontend_product,,408f0ce0147ae9e72da378c59411a5a70809b9b186ed8ac5b956833667bf1943,
frontend/src/api/__tests__/admin.redeem.spec.ts,current_only,frontend_product,,fca9aa1689c96e2a443b6ce4724f543d736726e3f000703d44480190c8169245,
frontend/src/api/__tests__/admin.system.rollback.spec.ts,different,frontend_product,ac6d015fead902f40c06b3ce81d2be28e99af60730d20dd416e25296fbfa0342,c25980c07ab6b7f435eb41af923c805bbef2089b04ecd3fbd677017bb3a1bb7e,
frontend/src/api/__tests__/admin.users.spec.ts,same,frontend_product,a88f575b2f472ed8e210389df2f59b7f8fb8e61c0c75869a7b94649786357da0,a88f575b2f472ed8e210389df2f59b7f8fb8e61c0c75869a7b94649786357da0,
frontend/src/api/__tests__/adminUIRequest.spec.ts,different,frontend_product,8bcbf73926765f1a396de3d1f2a5a367ca31022df17b43044e8710fe4869043a,1abf9b4c6f17f94146930c5990f9e108edda9897a8ef41e4e4e95129ba4d00ea,
frontend/src/api/__tests__/auth-captcha-oauth-start.spec.ts,official_only,frontend_product,26759e9b2d02f518643dc85a8f30dcef77a7b7b7e609afa53bae89cffd7f973d,,
frontend/src/api/__tests__/auth-oauth-adoption.spec.ts,same,frontend_product,0bf88bc26b45496de4ebe4f0cadaa9e1921efb206779eaaa24708756e6850e20,0bf88bc26b45496de4ebe4f0cadaa9e1921efb206779eaaa24708756e6850e20,
frontend/src/api/__tests__/channelMonitorV2.spec.ts,official_only,frontend_product,7222e97821c7d3a0dc641c7f01312046dfd018e7d20aca4fc4aff0db212f10ca,,
frontend/src/api/__tests__/client.spec.ts,different,frontend_product,673041957241cee33a54e4a8a9a78e855f7ab7d72943e1006daf1a6479c99fbe,8926df30238ef9008b1bc9f20ad63e95767863a7b3cfab6d83ff9f81d7b5879f,
frontend/src/api/__tests__/codex.spec.ts,official_only,frontend_product,21d46b9a15fe82cd79972ebb208f26d4dddaafc09d950633610c21fc83b761b7,,
frontend/src/api/__tests__/keys.assetPermissions.spec.ts,current_only,frontend_product,,c9080ef78a32ef8162cf9f1282fa664aad1d8bb02b78cdccaf13ce031b51bbd5,
frontend/src/api/__tests__/passkey.spec.ts,different,frontend_product,a0d4693c10f77539221e93a5ea5345b0667f1725ba5ccd7e4cef4a3e01a941a2,0355991748cc852c597809436308176e5f7e084fc84c4dd2789ef3b7f7958356,
frontend/src/api/__tests__/payment.spec.ts,same,frontend_product,5b6ad88ea5d05f6519dcd48464850020a656aa30ba4df3c87efe77aeb4e7c5f6,5b6ad88ea5d05f6519dcd48464850020a656aa30ba4df3c87efe77aeb4e7c5f6,
frontend/src/api/__tests__/settings.authSourceDefaults.spec.ts,different,frontend_product,31068dd612f584d88ef6a70d9018cb6623957d2b753ed8e940e8fc4e7a3b8b8f,e59b28d1f41ca97f99881f39ef39be2d112fc125cb3831959ac012c89ab3a835,
frontend/src/api/__tests__/settings.paymentVisibleMethods.spec.ts,same,frontend_product,4bbade004b0688a755303a1e9c263f365384cbc964e688ec1886c39c8de3f5de,4bbade004b0688a755303a1e9c263f365384cbc964e688ec1886c39c8de3f5de,
frontend/src/api/__tests__/settings.wechatConnect.spec.ts,same,frontend_product,2bd34edf4c3d80568d21432c6c91e6ff7ef6361823336cddfe7e4e9ba68a8420,2bd34edf4c3d80568d21432c6c91e6ff7ef6361823336cddfe7e4e9ba68a8420,
frontend/src/api/__tests__/tokenRefresh.spec.ts,different,frontend_product,75c1f9e1d36e7cac656787858fdb6b577848cc696a135958b13851635e595f81,008f0bb404eb0ef208eb2486427ac2bcf4dde3c339a3c862f70962e59dab8a0e,
frontend/src/api/__tests__/user.spec.ts,same,frontend_product,53bef998c2183375ca207516f59ad5437286cd5189e89f7acef4a79304b099e5,53bef998c2183375ca207516f59ad5437286cd5189e89f7acef4a79304b099e5,
frontend/src/api/admin/accounts.ts,different,frontend_product,0a81ad5ff2a7495796afb1c815ec812bba71450a4b60db3f11cafd94731b2a8c,75125ba3e3be3a5d12451eea104d078a25173efe944ca2bd4842a2666f80e27c,
frontend/src/api/admin/affiliates.ts,same,frontend_product,846f446ece5a371f9309094bd589ffdd2529f66d34c76d9882f50827b4f5b506,846f446ece5a371f9309094bd589ffdd2529f66d34c76d9882f50827b4f5b506,
frontend/src/api/admin/announcements.ts,same,frontend_product,115b1daebf212883dda0f047ff039b4648204a9dc676202edcc978e97665f618,115b1daebf212883dda0f047ff039b4648204a9dc676202edcc978e97665f618,
frontend/src/api/admin/antigravity.ts,same,frontend_product,1759c345a4243b0cb7200eebc2dd1cca92275b9c74232456f5983624f69aef62,1759c345a4243b0cb7200eebc2dd1cca92275b9c74232456f5983624f69aef62,
frontend/src/api/admin/apiKeys.ts,official_only,frontend_product,f4fba7e462c2076db930c979804314d080f5005cdfe3a3c3cefd0222f335f342,,
frontend/src/api/admin/audit.ts,same,frontend_product,efcdfe74375b68bc5b216bdbe175b73e7a60d5edd4b3c4b7fb968f8001a12521,efcdfe74375b68bc5b216bdbe175b73e7a60d5edd4b3c4b7fb968f8001a12521,
frontend/src/api/admin/backup.ts,different,frontend_product,143a79faa38e90cdb24c74ae4913fbab86af40e0a8042841a74599c0ba9179a7,a7469263ee01e64ca091578d3cbf158255cc5bad5cf5bcf1278690cac8a0673b,
frontend/src/api/admin/channelMonitor.ts,different,frontend_product,1377fa7b2d79c3695b85d8be34e0fe402140dbd0ee8197101f0f80f38eed4f35,3bddf04dc2cf05ea7ebfaecd2fad7c6d602e88b61835bf80a67a0b02b024a911,
frontend/src/api/admin/channelMonitorTemplate.ts,same,frontend_product,7ae45f1160ad260669e0caedddbf429cc16ba0f17f25c922f0f57f2dfa9af051,7ae45f1160ad260669e0caedddbf429cc16ba0f17f25c922f0f57f2dfa9af051,
frontend/src/api/admin/channels.ts,official_only,frontend_product,e9668179106f43175617129c5a258329d2ebd547b435bb22ee624d23d630fbb0,,
frontend/src/api/admin/cnProviders.ts,official_only,frontend_product,bbb819b3cc9edd7b0c62caba020e6f1e52943469d4670ecfcb6d1f302f624998,,
frontend/src/api/admin/compliance.ts,same,frontend_product,309f79a6f74471676ddb23c705c8da142e5071c5b39d7af87c2e530cca3906da,309f79a6f74471676ddb23c705c8da142e5071c5b39d7af87c2e530cca3906da,
frontend/src/api/admin/dashboard.ts,different,frontend_product,73854b20dfd9a21e70d2847232dcb8d5a7d8db037ca0bdec64c29c4cbc487a54,d32cf8df76044dcdb7bec63401a5085ff472b036705cf02018bdaf5e98c876e5,
frontend/src/api/admin/dataManagement.ts,same,frontend_product,35f60364b6b662256f4c41d4a9bbcbf89c1f086db8ffd47062e5066eef2dbb69,35f60364b6b662256f4c41d4a9bbcbf89c1f086db8ffd47062e5066eef2dbb69,
frontend/src/api/admin/errorPassthrough.ts,same,frontend_product,ca0bdae3fde433316c65a8a7d8202ea61b2c752e2b1a14a00022959470060607,ca0bdae3fde433316c65a8a7d8202ea61b2c752e2b1a14a00022959470060607,
frontend/src/api/admin/gemini.ts,same,frontend_product,6b04468312084baa2879c226a2bf627b650c5b8c698437927461564a1c76f935,6b04468312084baa2879c226a2bf627b650c5b8c698437927461564a1c76f935,
frontend/src/api/admin/grok.ts,different,frontend_product,647b50745976a555f01f80d4bd028968e4a3e78af4301f12acc53a5f0a5978a6,6411c34fd4e65d8c5696c948a5b44b7e094b883c6fbc18f83c55cc495d3570da,
frontend/src/api/admin/groups.ts,official_only,frontend_product,bfe89a6525b89e760ae94c018ad55248316c38282e39ca7bd539b18cbc67b5f1,,
frontend/src/api/admin/index.ts,different,frontend_product,d62217b2d7481079a6ad71fe36688e21141260ae4343e516de813a9f20c4e219,0c0a1d2e66b5c86773f086f7b956c6e1790e017d8c60f368a9cc3489d9a4c008,
frontend/src/api/admin/modelPricing.ts,current_only,frontend_product,,50bd2b457b25fc465f90729adfc43ef0b7330967a629a3dbbf04281133102a1c,
frontend/src/api/admin/ops.ts,different,frontend_product,b6714f52355fe4fffa1fdee2f0013568f2b5ba118511e9c6f33eb9c2abb6c550,315066dea8644a77b34fbec30e9384c9df5d5da1bd039ebb5c56e374933950e4,
frontend/src/api/admin/payment.ts,different,frontend_product,1b2ef298aed9f27e17e73fd05e1665158b9cbf2ffc6f701cf10f4d16fb1f1a36,914c7d9e94dd18b97d65828e14de53b15ab5859e77dd36a3e3dc58939f765e5b,
frontend/src/api/admin/platforms.ts,current_only,frontend_product,,9f1ba1de3e237e3f6eab1a46813eb34975abce8e60a06fbc79ce3f0712396dcd,
frontend/src/api/admin/plugins.ts,official_only,frontend_product,146650fe94c794de76ef5e614e6031ae6c2940e0cfd521fde98db10675ea4139,,
frontend/src/api/admin/promo.ts,same,frontend_product,101c9023ea074c24b1a083f8ebb9d1259eec3c598062c962493cd9b957aea270,101c9023ea074c24b1a083f8ebb9d1259eec3c598062c962493cd9b957aea270,
frontend/src/api/admin/proxies.ts,same,frontend_product,5ffce57a049e71558cb7b6e76c4c87f439906b62916fa3281af29311bd50c9ab,5ffce57a049e71558cb7b6e76c4c87f439906b62916fa3281af29311bd50c9ab,
frontend/src/api/admin/redeem.ts,different,frontend_product,1f428a0ae727ac2e1f275593ae838b0a79a20bf110004b328a46f14b33b518ee,cf704bf93bd26c728a2d706af9bef1990fd08ffb7a306152c56dd3af1cdb35f8,
frontend/src/api/admin/riskControl.ts,different,frontend_product,9ed4b4cbb06d14cab538d1ece9728ed3e18d4006878b4ecee08c9894a1260bb7,7365ed344c1e230f6447d406122bf76d68c6917d171fc757c6a3d0137d7bf3a3,
frontend/src/api/admin/scheduledTests.ts,same,frontend_product,a218c67867f54af2e83f86a2997d6772ac61700c43e1f0a32435f87d17df5c77,a218c67867f54af2e83f86a2997d6772ac61700c43e1f0a32435f87d17df5c77,
frontend/src/api/admin/settings.ts,different,frontend_product,6a5f028297638d0c8baf151e3f9573d84d7789a17af7897b1b831d8486a53094,02bd96075cb39d993bdd355a803750ec3ea8b147b286e7908fc42ed478b563de,
frontend/src/api/admin/subscriptions.ts,different,frontend_product,aac413648d9f9a16ed6d8a11b496a71fc0d1ca8e4fbfc013ad5b33808bb78009,aeb69cc07f31069c3483cd50847613e540f7949e24fd94f5a7960780d78999af,
frontend/src/api/admin/system.ts,same,frontend_product,a256f6b3929158e926301fadbf4053e255afef8bd014eeab3f2f9036a6e55b48,a256f6b3929158e926301fadbf4053e255afef8bd014eeab3f2f9036a6e55b48,
frontend/src/api/admin/tlsFingerprintProfile.ts,same,frontend_product,54a1b4fed7326f6afd654a0fc89e1c5f11a3ac11dd334842e35fc32a66ad219f,54a1b4fed7326f6afd654a0fc89e1c5f11a3ac11dd334842e35fc32a66ad219f,
frontend/src/api/admin/usage.ts,different,frontend_product,86c22748bcb09d9daa7bbbbab6399a0dc57022f1021669fe87f149bb39f7dde8,9f7ee65f553052d1d56a961378f3e8614d9c8ce3c9298e887e7a982e547cd384,
frontend/src/api/admin/userAttributes.ts,same,frontend_product,5a80281136189e6e556c58a54d0c166657504f0cab442dde10c0b460f6bf69fd,5a80281136189e6e556c58a54d0c166657504f0cab442dde10c0b460f6bf69fd,
frontend/src/api/admin/users.ts,different,frontend_product,ae073d9415c56db41700d5793b4ab94a5f05e8eb291b4d56b4c53bcaef6f6d8d,9e5c9f6f9c39260f6ad80f9aaf19053fc07efc000d13c3a29e43bd150b8a7426,
frontend/src/api/adminUIRequest.ts,different,frontend_product,7c55cb79e853bc467fc252ea6433054265cef3a652ae6e3b776006b195fa661f,0283b8b150264b1a02c17de737a24ef8945ab6cf8ae7691ec47f96199c07273e,
frontend/src/api/announcements.ts,same,frontend_product,1a0ee9b5942912c0400b29d93220db726a7b38500c036ec7a81744eae43d436d,1a0ee9b5942912c0400b29d93220db726a7b38500c036ec7a81744eae43d436d,
frontend/src/api/auth.ts,different,frontend_product,ab5a86c199d45762ed805193d0d5fbae84df0595571ba67cab94436abf99fcc7,4630a19a04be97f88d40fa5f842aa01053e3aee7e1c9f5a25ed4302da97e6e94,
frontend/src/api/batchImage.ts,same,frontend_product,7ef62a9b82a505aa22c9966ca555a92508e599f2b198df99bc218278963f5eb5,7ef62a9b82a505aa22c9966ca555a92508e599f2b198df99bc218278963f5eb5,
frontend/src/api/channelMonitor.ts,different,frontend_product,4caaf606746ba526024ef9fb1ef7f9d566e2169981b3726edcddb701ab8d9e75,5b518a6aee4522841b579dbd7b2afd4abb8ab0abbc519e225b255b11286269e5,
frontend/src/api/channelMonitorV2.ts,official_only,frontend_product,0c7a0929525c22f80953c2b377a48226a89249231a4cbbc4e1efbaef18559ebd,,
frontend/src/api/channels.ts,official_only,frontend_product,57ab0a0b8130d20e1739243dc89970897dc010019cf11c3d8f1883aaf3698586,,
frontend/src/api/client.ts,different,frontend_product,78288db10f1756f17d4f925008f430578b6f6a4f33db0fb04acd1ef1a94da784,0c5aa8ba12cae1a88e051f7a5eea6fc1a325ac4f7123d3f5020ae7d39fc9b87b,
frontend/src/api/codex.ts,official_only,frontend_product,28284175a09b3046924a7abe90513c4a8c50578ac72ac7969b410a5f726661a1,,
frontend/src/api/groups.ts,official_only,frontend_product,bc3a88d3c104f6516e72779faa376f65dec38b222d44363ec185febe5ea75339,,
frontend/src/api/index.ts,different,frontend_product,74da6a872844c880ad05b35d11d4103c4cd5a9675002a1f23dfb5d0e0bfd83fe,d9eeecff73c9987577758fcee7bd802816c329089708db51690b69b9ece013a5,
frontend/src/api/keys.ts,different,frontend_product,7baf4ce6b7d82c9631020ae0c4bba236cb603d8e3e7b300e845678302d45bcaf,5e96bce72f1721f5734615fad2236680ea58616b7e5f2c38bd0cfe08c00d7857,
frontend/src/api/modelPlaza.ts,different,frontend_product,fd1e29d2f9a6d484c5106e324e0c9f3846ca562f901958efd8e440cdfb9c1b03,d7d5c0e7115f210d6ec53f8c3cdf6b70ac76d6d786fe015f9b8a495c427dcfaa,
frontend/src/api/passkey.ts,different,frontend_product,b38ab22fc8e47277fe4aa9448424bbff41586044d448758dca1521806d6509dd,3fcd9703efeae0a9dc88d71e68f57120f52994083cdb58dbaa51e91d99130fcf,
frontend/src/api/payment.ts,same,frontend_product,01229c6b62a3becec718d63e1cbc6cee1eb05bad469593ef3d1429088dba5b59,01229c6b62a3becec718d63e1cbc6cee1eb05bad469593ef3d1429088dba5b59,
frontend/src/api/platformCatalog.ts,current_only,frontend_product,,881e936ca6e9f682230d5e55a4cc799d785135365eb633416b77bdaef8322d7f,
frontend/src/api/redeem.ts,different,frontend_product,4d76408031e6e40dd6f7bb1dff0004318f989475bf75dd53473687f546d79ff4,ff6efcca2f110e6c7a9b1e96ec98c2d166f486d3fcc4276bcec05af912be0bf3,
frontend/src/api/setup.ts,same,frontend_product,ec6896d39896c58053ec98e119190649a8527d121f58a8f132928ec725aea620,ec6896d39896c58053ec98e119190649a8527d121f58a8f132928ec725aea620,
frontend/src/api/subscriptions.ts,different,frontend_product,81a7efce17fb1a471a45b59e7d00a826905b038045436b3a52fbddc8477f7edc,2c22bc7b963acd3d8149437e52528549a037803a76b3a6f186bf619317b87685,
frontend/src/api/tokenRefresh.ts,different,frontend_product,d591850505eb41c22e23ee40d960ae5f530df97b0f134d0900da9c5a7d980f61,f8ea859c0e40c9a0cbd0b80f95e11be95881620281cc275831ef563e92e52d80,
frontend/src/api/totp.ts,same,frontend_product,ed11e429e5c0da7b5a12a9bb851d638c5717a8a20b12f08356ed69ad34720942,ed11e429e5c0da7b5a12a9bb851d638c5717a8a20b12f08356ed69ad34720942,
frontend/src/api/url.ts,same,frontend_product,e17846fe58b0a8327a4690c64c8afd151f45837715f6a87bc520bd171daebb7b,e17846fe58b0a8327a4690c64c8afd151f45837715f6a87bc520bd171daebb7b,
frontend/src/api/usage.ts,different,frontend_product,7293174f6553fdb5a2b76fbdda5133414cde8cffc14cff82f192fd5a4840f8fe,05808da1945239481cd12d43b10e170135be6d1dff393496de5a5d1bf99f5238,
frontend/src/api/user.ts,same,frontend_product,1b2fd07a36b89e04d6df6fb7f43fe848ef3e027d787350daaff6b5aefcbf7a80,1b2fd07a36b89e04d6df6fb7f43fe848ef3e027d787350daaff6b5aefcbf7a80,
frontend/src/assets/icons/airwallex.svg,same,frontend_product,c2a79046d369fb9ebc03b714de7aeba14bcc545be0d4685e197e2907b3e340ba,c2a79046d369fb9ebc03b714de7aeba14bcc545be0d4685e197e2907b3e340ba,
frontend/src/assets/icons/alipay.svg,same,frontend_product,61170374ef8f658b123dcae76198b4c87156913567b58223eac7c991a39e1064,61170374ef8f658b123dcae76198b4c87156913567b58223eac7c991a39e1064,
frontend/src/assets/icons/easypay.svg,same,frontend_product,7acc370534ae4e5287f529efae42b95d22440acdf4c1fdc6bab364b62f939212,7acc370534ae4e5287f529efae42b95d22440acdf4c1fdc6bab364b62f939212,
frontend/src/assets/icons/payment.svg,same,frontend_product,15204656082b4f8e9fcf1f158e3e1a2beedd18c8dac06b336857559523d9d264,15204656082b4f8e9fcf1f158e3e1a2beedd18c8dac06b336857559523d9d264,
frontend/src/assets/icons/stripe.svg,same,frontend_product,237c260ca7cc741b888733a715ae8f403247cd971e7361ef5a7f5240ef1fd300,237c260ca7cc741b888733a715ae8f403247cd971e7361ef5a7f5240ef1fd300,
frontend/src/assets/icons/wxpay.svg,same,frontend_product,6ed9fce0fea520864997b3993f0362bb2f4f9dc2f8778aee4b763155a0e614f7,6ed9fce0fea520864997b3993f0362bb2f4f9dc2f8778aee4b763155a0e614f7,
frontend/src/components/AliyunCaptchaWidget.vue,official_only,frontend_product,ea0a596ffe44fd958960700647cecba93238bddf6e95fa26a0938f92a0cb4ae0,,
frontend/src/components/CaptchaChallenge.vue,official_only,frontend_product,4893cd01ad515339b7e23ed9f37f5e8bdf50cceb6f6814d5dd34c7393f2d9f00,,
frontend/src/components/Guide/steps.spec.ts,current_only,frontend_product,,5cb9ce21c1bb67778e0da655d153c8714eb770dbcda15c4f41fdf21410c2ddbb,
frontend/src/components/Guide/steps.ts,different,frontend_product,c29e90f532c08ee11b4c570d1a9ff69d4f02d68ed6f7b75e94a662eb3e88745f,879fe8bca18b35ec62da2ab5568a9fe1ce052cef85c6021480208ec716628e74,
frontend/src/components/TencentCaptchaGate.vue,official_only,frontend_product,1ec1d724831d608316e66073aa37fed3bdf0d365db0314a570cf7d6eea2042ee,,
frontend/src/components/TurnstileWidget.vue,same,frontend_product,6cf1174a660df438708830a1975baebeb0c63af1c48ffae8d65c80bb828fdb18,6cf1174a660df438708830a1975baebeb0c63af1c48ffae8d65c80bb828fdb18,
frontend/src/components/__tests__/AliyunCaptchaWidget.spec.ts,official_only,frontend_product,29f46d1e35f720710885e1fd0f7c71bdc328410a07db2d6ca31e2708eed6d534,,
frontend/src/components/__tests__/ApiKeyCreate.spec.ts,official_only,frontend_product,11b47212b9684f0b35f32595d78d3dc451770bfce695bdbe4cd52026d9fe1b85,,
frontend/src/components/__tests__/Dashboard.spec.ts,same,frontend_product,bc24509046f1245917608ecc3e97e002da162c6ac3f5ee7befbabaac1002de9e,bc24509046f1245917608ecc3e97e002da162c6ac3f5ee7befbabaac1002de9e,
frontend/src/components/__tests__/LoginForm.spec.ts,same,frontend_product,2460374c6de8da93eb7841e2ff0275e720f2abc8a30acc8d57e300c844cd710b,2460374c6de8da93eb7841e2ff0275e720f2abc8a30acc8d57e300c844cd710b,
frontend/src/components/__tests__/TencentCaptchaGate.spec.ts,official_only,frontend_product,4565d433d3737a84f09de13e291a8a9400a8eb2bda0e2b374193317fc60ead10,,
frontend/src/components/account/AccountCapacityCell.vue,same,frontend_product,0831b87342b1ff89ce666410361dccb43e5f8e6610c1662de1fd1c9c07ab662c,0831b87342b1ff89ce666410361dccb43e5f8e6610c1662de1fd1c9c07ab662c,
frontend/src/components/account/AccountGroupsCell.vue,official_only,frontend_product,efced4ee3b7a8a69b28ab9469a1ba2ba4a93c3059ee2d507e079de9bb4db01c7,,
frontend/src/components/account/AccountQuotaInfo.vue,same,frontend_product,4071dccf0d44f8984c844c3bd2b8655b11a78240c1cbb1960ffabe756a62814d,4071dccf0d44f8984c844c3bd2b8655b11a78240c1cbb1960ffabe756a62814d,
frontend/src/components/account/AccountStatsModal.vue,same,frontend_product,cd11a7bdf0bb6aae3b55b6f551563d77b4d2623e9d0a5e92f5c9f6a71982d5ba,cd11a7bdf0bb6aae3b55b6f551563d77b4d2623e9d0a5e92f5c9f6a71982d5ba,
frontend/src/components/account/AccountStatusIndicator.vue,different,frontend_product,34a19d235a3d49c7ed492f6e4ab8603d73359c9301ec190d1370731e7533fca2,814c11946e5bad0a9393a5d0bf53c88e45464069a2605c4f2a754db7411b9fc6,
frontend/src/components/account/AccountTestModal.vue,same,frontend_product,ce6ca126f16384b386a633cd41c95ec007f4638ad9361e92a90b92edf22df185,ce6ca126f16384b386a633cd41c95ec007f4638ad9361e92a90b92edf22df185,
frontend/src/components/account/AccountTodayStatsCell.vue,same,frontend_product,c9d98105aca02f69407eb390c42c01445ec49e83bb56b3e5e837ce6077032168,c9d98105aca02f69407eb390c42c01445ec49e83bb56b3e5e837ce6077032168,
frontend/src/components/account/AccountUsageCell.vue,different,frontend_product,2c9cb825bd44fbaca007b60c8a2e8a2a88f2a2a6aeb01d66c049d6c2b8f56ea7,a66e4086215046b65fb31711c6672e9a65e05fe3337a68be16307c1ad455e1f1,
frontend/src/components/account/BulkEditAccountModal.vue,different,frontend_product,cb23f4d0466aec8e767c0b648bdfe3e6c315eb3b0be0b41ed78499ecdf496be3,014d2b0ced9e30de719279da401807b68e38a71078859295e4757282376f9855,
frontend/src/components/account/CNProviderBalanceCell.vue,official_only,frontend_product,a7cf51d58de6a9238cf7091b6bcad8e77578fdb8a26d5be201d67c11b2617f19,,
frontend/src/components/account/CNProviderQuotaCell.vue,official_only,frontend_product,3d85a0065f72050fb90001df77b7cc589eb72be48eeaa2d6bcb276883308bcaa,,
frontend/src/components/account/CapacityBadge.vue,same,frontend_product,3ea5fc8eaf869bc630d51c99b21f192c217172fd10d85e94302c6c23da85360d,3ea5fc8eaf869bc630d51c99b21f192c217172fd10d85e94302c6c23da85360d,
frontend/src/components/account/CnBaseUrlPresets.vue,official_only,frontend_product,4a5bfc7bd410c90eed63b089646c227f0068b96bc673594f0dbe9b7fe887c39b,,
frontend/src/components/account/CreateAccountModal.vue,different,frontend_product,b0277118075a2386c9e6915f99ad2877b03ca6a769c326b84cb20d2a45dfd685,629f097b49e92d22f11bc340c538dcad9c2f8394646798e0f7fc724181a6fa04,
frontend/src/components/account/EditAccountModal.vue,different,frontend_product,bde96046bd22d53e82d22895976c948ad3572e09a638aba9d35f344022bdcab9,e61156fc65b6b530dc29bf8e76e83f0ef96d6c58449f353d16902cb5311ca02a,
frontend/src/components/account/GrokBaseUrlPresets.vue,same,frontend_product,32cb1c3d524679dc43f790ab31cac7c87af198f8974157bdf6ffc97b5a83ba88,32cb1c3d524679dc43f790ab31cac7c87af198f8974157bdf6ffc97b5a83ba88,
frontend/src/components/account/GrokQuotaProbeCell.vue,different,frontend_product,40ec9e39f1db90b1d04c32cc4f0f8d731582beb80b9b146bd7f49c512c6df9bd,232eb7f5495ef1f6b5d63499d2177be2cc871a26449f6db3f24b38acd07285ab,
frontend/src/components/account/HeaderOverrideEditor.vue,same,frontend_product,441d37eea75e85f8a972ebbbce569f7905a256895e17cb3b96efa7f03ddc0595,441d37eea75e85f8a972ebbbce569f7905a256895e17cb3b96efa7f03ddc0595,
frontend/src/components/account/HeaderOverrideJsonTools.vue,same,frontend_product,ccf9c71a8d8d02e2c7bfd7feb609884a8856641e5d0a1a1c183f71bcae52c079,ccf9c71a8d8d02e2c7bfd7feb609884a8856641e5d0a1a1c183f71bcae52c079,
frontend/src/components/account/ModelWhitelistSelector.vue,different,frontend_product,1147b5095b5323e7760c46da3c320a9cf1d9c220e602ac7e4489669aceb2e33e,694e41b7c24d22e80d70bdf85c521ea7d14a4473fe01faf6339463fd80e06044,
frontend/src/components/account/OAuthAuthorizationFlow.vue,different,frontend_product,a39303543a5946b7c3debc391de880a455d360dc7948c751eb3a37e7dfb76fdd,9e8e499891db4a5aed0eadb38e58c3997bd935a7eafd5a8d9b98431685be72e2,
frontend/src/components/account/OllamaCloudUsageCell.vue,different,frontend_product,9fc62ee5e3eba565fcb094525e7b67b4ee1a48bcb81d6e20fbdd40b3537077c4,2cb7426a9055895fd16fb4a17186fdfc1d97a19d129a4a76da69788f9b4f8b29,
frontend/src/components/account/OllamaCloudUsageSettings.vue,same,frontend_product,c73e70b56348992d29e675d61cac4143537a38e31f3e917439c08297305c371c,c73e70b56348992d29e675d61cac4143537a38e31f3e917439c08297305c371c,
frontend/src/components/account/OpenAIQuotaResetCell.vue,different,frontend_product,ed98de99863a744e869e8530fda2837d2329937de8b59b4de97b8f4e31c1119e,960713ccecf28e0248ac4a1473207971a0ee17a49ff0c74abddee366cb47ee5f,
frontend/src/components/account/QuotaBadge.vue,same,frontend_product,04471d04e522ec13cb404a3b82d2ac2f25ba8d79fcf02402fa5202951ffd8a0b,04471d04e522ec13cb404a3b82d2ac2f25ba8d79fcf02402fa5202951ffd8a0b,
frontend/src/components/account/QuotaDimensionRow.vue,same,frontend_product,b47883c437176afb17d58991e8c62c9b02cd59120992429d600f491bde274f69,b47883c437176afb17d58991e8c62c9b02cd59120992429d600f491bde274f69,
frontend/src/components/account/QuotaLimitCard.vue,same,frontend_product,14ba52b6ba7cf8f3d2c084f8f6433b90d763d30279334c3b8aad4d0b2f56f402,14ba52b6ba7cf8f3d2c084f8f6433b90d763d30279334c3b8aad4d0b2f56f402,
frontend/src/components/account/QuotaNotifyToggle.vue,same,frontend_product,be0ecd00ed1b6982ff6a922e381b2de57b6d19f4f8bc79c304ab9e5ba699fadb,be0ecd00ed1b6982ff6a922e381b2de57b6d19f4f8bc79c304ab9e5ba699fadb,
frontend/src/components/account/ReAuthAccountModal.vue,same,frontend_product,e497aef9bf2220db5481a9dbab66929bbf60dfce0a194a079b86cc6aef747805,e497aef9bf2220db5481a9dbab66929bbf60dfce0a194a079b86cc6aef747805,
frontend/src/components/account/SyncFromCrsModal.vue,same,frontend_product,badbfa9c6681f4882259b492aff84fa91aefe0caaff78d31acf6d6d475ad33be,badbfa9c6681f4882259b492aff84fa91aefe0caaff78d31acf6d6d475ad33be,
frontend/src/components/account/TempUnschedStatusModal.vue,different,frontend_product,98d42de06f5005059cc8aa3a8587aa0d1327a2bc88093fc2ff83ebfd52db3c50,be04ee58e6574324c05f4551b60fd0e966bc596d38e5d56ccf617157258c6427,
frontend/src/components/account/UpstreamBillingRateCell.vue,different,frontend_product,4be39a7ec0e2d947f8a40c44a564a80519f9a6071a286bcc1e406ad3f2c8be19,860367d0b36710b05c0b67ddb01ec9a8f353a7ada2f29f74dd0aecd65e4463ee,
frontend/src/components/account/UsageProgressBar.vue,different,frontend_product,07a46924dd641e690bc9f68751a419a4933395402608b34915ed1fea455c949b,24eec346e94a2ceea9f286ccdef9fb551532d140de429accb5b8015d39810b4d,
frontend/src/components/account/__tests__/AccountStatusIndicator.spec.ts,same,frontend_product,f1bc076acf88eec89d288d3e2e91f1a511fc9f03c1651c2c4eb8e03fcdcfdf29,f1bc076acf88eec89d288d3e2e91f1a511fc9f03c1651c2c4eb8e03fcdcfdf29,
frontend/src/components/account/__tests__/AccountTestModal.spec.ts,same,frontend_product,2003b4579d4712ce6aaa2afc2d9e21e74617d31b13ff8086f73dcf4b00cb4d02,2003b4579d4712ce6aaa2afc2d9e21e74617d31b13ff8086f73dcf4b00cb4d02,
frontend/src/components/account/__tests__/AccountUsageCell.spec.ts,different,frontend_product,3612ee8c938a9950a6ed0d597404ec0fc4ed12b337640a68dd82d4ab9e92888e,eafd31db084f31b4518cd050394465c83b0acf31c493453938aaa2e0fc5fce22,
frontend/src/components/account/__tests__/BulkEditAccountModal.spec.ts,different,frontend_product,f408261b3b8ee851b9183487ecf8ebd33e80d792a420cb27c9351cc4fb0b8e55,25a2d7aa55afd5dc50e0410bc80ade9f15de3cf3217a33358acaaff5abceea8f,
frontend/src/components/account/__tests__/CNProviderBalanceCell.spec.ts,official_only,frontend_product,7637f4c9a7a8b9838a2178afb9f7fccafeda26ad672dcc3e0e23371181f74019,,
frontend/src/components/account/__tests__/CNProviderQuotaCell.spec.ts,official_only,frontend_product,a80872acd7b3530805c54712cb2ca3cea563c0fe08f2608d72cb91d5669c21c2,,
frontend/src/components/account/__tests__/CreateAccountModal.grok.spec.ts,different,frontend_product,1022dced7c6210565f2bfa145babd61e0f561ec9a3bae427a85b542a3ec7f93c,0e2fb7c3e3192105c7dfb3093d4d89906ba0d217d17af9046b07431ee63fbefb,
frontend/src/components/account/__tests__/CreateAccountModal.spec.ts,different,frontend_product,6a0c2e72c290f72c47094e11c4b310c9184b07dc5358fb494caa11ee571e2991,894e6d725059c7cd50ff195c6f33d2612cccd2db23310179a2cf6363ebaef833,
frontend/src/components/account/__tests__/EditAccountModal.grokUpstream.spec.ts,different,frontend_product,434b6d9eee1859eade7832643048aa0027149c30e4f16271820a61bb8162d74e,6ead0bd619531f9cbef9b5183d9465a09ad0256c96a6b82144aad112b667ffaf,
frontend/src/components/account/__tests__/EditAccountModal.spec.ts,different,frontend_product,13ec117ec53eb47471d5189faaf9c3d5dac12fddf968304f5acc2396c449aacf,368e3ff3d513bb771de135b9764a1a9cd235394786cd193226168d480b27d51e,
frontend/src/components/account/__tests__/GrokQuotaProbeCell.spec.ts,same,frontend_product,1fab222c27947d61131ee4392e1a4d21f84d333ae2f6c64436806d1db386c296,1fab222c27947d61131ee4392e1a4d21f84d333ae2f6c64436806d1db386c296,
frontend/src/components/account/__tests__/ModelWhitelistSelector.spec.ts,different,frontend_product,735d72e72b64207cc39a70efd96a61eca49f709645e49435760ac59dff0c8391,e5de50a7940e6f8b85ad07bc2c080431c647b69a2c45981662eb0e2ecb9ff2e7,
frontend/src/components/account/__tests__/OllamaCloudUsageCell.spec.ts,different,frontend_product,a3932f62195a8250128d63fec9f88ed627315d1f71fdfcb20360918c65abedcc,e6988ef2fd4063ea8e2ef9927ef44a301ccd64f884c33983578574b1afe54c49,
frontend/src/components/account/__tests__/OllamaCloudUsageSettings.spec.ts,same,frontend_product,839f0b758b16fb54af4212b5780e8d4637ef119e768cc957054c1a0936b5e05f,839f0b758b16fb54af4212b5780e8d4637ef119e768cc957054c1a0936b5e05f,
frontend/src/components/account/__tests__/OpenAIQuotaResetCell.spark_shadow.spec.ts,different,frontend_product,427e3c273a2a77a050fc965724c371bbd9355a0308ba50d9e40fc1745132972c,1a143b17e7fe80dc8b532035bbfb9143636fc3fbb6393e3853a09455a7bc2dc3,
frontend/src/components/account/__tests__/UpstreamBillingRateCell.spec.ts,different,frontend_product,aabd0fab92d917e7554b271f73722be0e122b1a4c2e1ce91009342d191c2341b,5c50ec839e66a488fe83be881aa517f6d15b11fb24a6b5b1cb285ecb8ee930e4,
frontend/src/components/account/__tests__/UsageProgressBar.spec.ts,different,frontend_product,08e45f3fac0a21d6ffe0a6c532f09b57b029510611dbe8a431851826635673a0,352f07bd49eb11172ba7748c3966cbfbbd54b6c5e147f2535ddc902fd11586c1,
frontend/src/components/account/__tests__/credentialsBuilder.cnAdaptive.spec.ts,official_only,frontend_product,d8a6fa681e13dde83ecd8d31cc9535b88790e70aad3bb62fbb54e4572da44fd3,,
frontend/src/components/account/__tests__/credentialsBuilder.spec.ts,different,frontend_product,8f71c78ad3e73a64d835c29e24fba448766778a25504d7ddbbaab137570f7ea4,5facdc5051a8543b7fbc1344f0a91490d1d824c701b2b1b6ab9f6eec9f050443,
frontend/src/components/account/__tests__/longContextBilling.spec.ts,official_only,frontend_product,8acb2709bd732c420aeecad77c91f33b23950528d03f231a075e3ff0921dfa34,,
frontend/src/components/account/credentialsBuilder.ts,different,frontend_product,2f90216591e342284f0937e2643f66a76c771626b9a644b9d26f56f65e97ba60,1e26083990cab444e09ffb3831f79ee50e7b728bf56417b71d1191c822afb066,
frontend/src/components/account/index.ts,same,frontend_product,bdae61e16420ad9175c3e6d9f09f5f19355f0b73a1a5a20cef7a64fb6648db6b,bdae61e16420ad9175c3e6d9f09f5f19355f0b73a1a5a20cef7a64fb6648db6b,
frontend/src/components/account/longContextBilling.ts,official_only,frontend_product,acb34a4f24bc4748b38ff9e0156a6336a4b9b548f33524d33eeba5ba8a40f8e5,,
frontend/src/components/admin/AdminComplianceDialog.vue,same,frontend_product,b8225eb802be256589570883c47b925470245b5a94f30f0c63830bcd7b9ba0bb,b8225eb802be256589570883c47b925470245b5a94f30f0c63830bcd7b9ba0bb,
frontend/src/components/admin/ErrorPassthroughRulesModal.vue,different,frontend_product,d614bf6bde99bff68382d55a26addd9a70490a7e137c61005ed4a9269cd7f02c,7f85e1eb074cafa6ebd626e3b8d8050b028ce0ae2571dea06de3c7dcd76edaa5,
frontend/src/components/admin/TLSFingerprintProfilesModal.vue,same,frontend_product,b0779c53e9f57fae3069c129179a2ea1422f9ee824a732e2fb1f203e7961e3a0,b0779c53e9f57fae3069c129179a2ea1422f9ee824a732e2fb1f203e7961e3a0,
frontend/src/components/admin/account/AccountActionMenu.vue,same,frontend_product,fea0f26ae419b82f1be4b533eb832f6da6e14715d8c8daf54a29c49739606ebd,fea0f26ae419b82f1be4b533eb832f6da6e14715d8c8daf54a29c49739606ebd,
frontend/src/components/admin/account/AccountBulkActionsBar.vue,same,frontend_product,0e0a3217cb3b60561cb7d295e238c1b28b9f9103a8e0a78eec38de03e547d55a,0e0a3217cb3b60561cb7d295e238c1b28b9f9103a8e0a78eec38de03e547d55a,
frontend/src/components/admin/account/AccountStatsModal.vue,same,frontend_product,c7d5e02a59f9437f1b68d6c4fe7e32ce42ac1f2886698f2107cddf24b4e1ea9b,c7d5e02a59f9437f1b68d6c4fe7e32ce42ac1f2886698f2107cddf24b4e1ea9b,
frontend/src/components/admin/account/AccountTableActions.vue,same,frontend_product,b3c931487fc4d6444d8b61bc721a7654de869ef37cce50cbc00d5f6711442df5,b3c931487fc4d6444d8b61bc721a7654de869ef37cce50cbc00d5f6711442df5,
frontend/src/components/admin/account/AccountTableFilters.vue,different,frontend_product,3906b6db023563296e0878bdabd2b5023ebac178a6de8a042b73e50d099c45fa,ff3186419c7b14c0e4e917336a316af302489d3d4d8fb7ad6e9a7dec2ce4703a,
frontend/src/components/admin/account/AccountTestModal.vue,different,frontend_product,9dbc1c7283d0e1735ad07e5894df6b838e600097937bbaa7d45846d86a1922d2,6db7f52468a24450b24b2379de93033e7e81b9eee62c6f2f8806289c0488b7e9,
frontend/src/components/admin/account/ImportDataModal.vue,different,frontend_product,597e37c95b4e55bd8361da50e8c0ff95362740fae56a2fab09555f81e266b892,2f30d8a98f3dd5fb79ba44158e63dd7b33c507b21b1f8a2fc963ac6822d8daa9,
frontend/src/components/admin/account/ReAuthAccountModal.vue,different,frontend_product,cba9aad559ed45824764045615df392bfa3c7d86830bbcc07af1d48da3911b1f,d530f940783bde0f055f70cfa2e7e538a3e8b0ce6cd461145400cde7d64ba30c,
frontend/src/components/admin/account/ScheduledTestsPanel.vue,same,frontend_product,3d3d314f3c0b532b62352aa37f74f3638ddbdaccf9b1a069fcbfd3ff8629f9a5,3d3d314f3c0b532b62352aa37f74f3638ddbdaccf9b1a069fcbfd3ff8629f9a5,
frontend/src/components/admin/account/__tests__/AccountActionMenu.spark_shadow.spec.ts,same,frontend_product,cc9e79a6ecac5e33791b8bcdf54a0cdb6b6c61698eebeb12357c4b88d6e646c2,cc9e79a6ecac5e33791b8bcdf54a0cdb6b6c61698eebeb12357c4b88d6e646c2,
frontend/src/components/admin/account/__tests__/AccountBulkActionsBar.spec.ts,same,frontend_product,b534f7ac366854d26abc15c1835731ce94485583b59ae749ab9863ac48f57349,b534f7ac366854d26abc15c1835731ce94485583b59ae749ab9863ac48f57349,
frontend/src/components/admin/account/__tests__/AccountTestModal.spec.ts,different,frontend_product,dfb31a48bb6f72a4a03c40a38de521fe1f1642904220749292a8497d74a77d7a,838189b75612e5d5c7a70f8f0ea5b4012992c52357caa5a63b9be414e6011625,
frontend/src/components/admin/account/__tests__/ReAuthAccountModal.grok.spec.ts,official_only,frontend_product,a0aba5bd0e273ec2d7b524194d89b50fac6ddf7086271b126e17ce8c10d32f00,,
frontend/src/components/admin/announcements/AnnouncementReadStatusDialog.vue,same,frontend_product,6731e65431c9e95443ca7b2a923ce12df8d82e7c264c8bfeda552d6c2b470ca5,6731e65431c9e95443ca7b2a923ce12df8d82e7c264c8bfeda552d6c2b470ca5,
frontend/src/components/admin/announcements/AnnouncementTargetingEditor.vue,different,frontend_product,1b59b3cf3cfbd3412f2f9dcc5045fc555235c683e64fd015d7ec393c7c945458,ef2d138b3f0cbdfefe82a857595c017c0d158b65ad89e5b41366b40136a6924c,
frontend/src/components/admin/announcements/SubscriptionPlanSelector.vue,current_only,frontend_product,,3a987c835f9d231b8e133667553bd883593520921254c447e8d0f8476eba30fc,
frontend/src/components/admin/announcements/__tests__/AnnouncementReadStatusDialog.spec.ts,same,frontend_product,adea203ff11344fb5de4f095ad65834858ddcee2a7c338a9517e5322580580b3,adea203ff11344fb5de4f095ad65834858ddcee2a7c338a9517e5322580580b3,
frontend/src/components/admin/channel/IntervalRow.vue,official_only,frontend_product,bfcb79a3a866000010a10273df120318026a1933900533d80e6e179f2ba7244f,,
frontend/src/components/admin/channel/ModelTagInput.vue,official_only,frontend_product,37c302b4c6485588917c070acaf9163c0ca41d7c3d8afdcdeda83b463a32387e,,
frontend/src/components/admin/channel/PricingEntryCard.vue,official_only,frontend_product,3af65b22b79756c32cda1aecd1707f9e1c2a65bacea3ef8410ce21e906a5c4a0,,
frontend/src/components/admin/channel/TimePricingSection.vue,official_only,frontend_product,9e881997dfcb8bb2d63e812f860b1ddd8453b7c2cb8ce4bd48220820a84cd0b6,,
frontend/src/components/admin/channel/__tests__/PricingEntryCard.timePricing.spec.ts,official_only,frontend_product,e1f37ad4d10324f57ce9c7f8deb75a26b17c628e238967607721f228f75ebdbf,,
frontend/src/components/admin/channel/__tests__/TimePricingSection.spec.ts,official_only,frontend_product,8e01b3b2e0bd6b418149c005151360ffdf081ed691b19356e64710cc2869b87d,,
frontend/src/components/admin/channel/__tests__/types.spec.ts,official_only,frontend_product,110b53d0469286be260abe06f59c265729aed09b824f0003b8f94fad2105cd8b,,
frontend/src/components/admin/channel/types.ts,official_only,frontend_product,9ef5f64f90e6ca3a33c66fb03f1546dfddf70320deb94f62d358ffdae5c8d2bd,,
frontend/src/components/admin/group/GroupRPMOverridesModal.vue,official_only,frontend_product,938057a8736bd039cc75697fa0e835b395743f0d22d9ae16b39b08d1388abce3,,
frontend/src/components/admin/group/GroupRateMultipliersModal.vue,official_only,frontend_product,c7be1c15ffd8d384a70b73a69d4aaf4c25c22d5e26541664669f26cbbf057eea,,
frontend/src/components/admin/group/ReasoningEffortPolicyFields.vue,official_only,frontend_product,4d42e80fe03939915b82e17ad04bd0372fee517fce8c25ac947817e2f10f2bd1,,
frontend/src/components/admin/group/__tests__/ReasoningEffortPolicyFields.spec.ts,official_only,frontend_product,8fc4f9eb78418000993faa9b9ccf9ced3920ef0c4609ff81621a5fb3c3ac21c3,,
frontend/src/components/admin/modelPricing/PricingIntervalsEditor.vue,current_only,frontend_product,,e80bb50a3be2d713953ca84e250a166a8a8f4c26db1fd1bd3ab87c4e98e982a3,
frontend/src/components/admin/modelPricing/PricingValueEditor.vue,current_only,frontend_product,,d99b71917e0a96e820317715245c48995d39ba24a6fe83033a561b26e7a29237,
frontend/src/components/admin/modelPricing/__tests__/PricingIntervalsEditor.spec.ts,current_only,frontend_product,,4a0fd8490a5591f7da78aeca36c65fac6f3f58649ddbb09537743f7419fb6e95,
frontend/src/components/admin/modelPricing/__tests__/PricingIntervalsEditorParentHarness.vue,current_only,frontend_product,,4eb3452766a1035beb23a388e19d467425c49478bb2c0416422da8dafe44a41c,
frontend/src/components/admin/modelPricing/__tests__/PricingValueEditor.spec.ts,current_only,frontend_product,,1ecf0c34bd0989d48f365ee414cb297eb645bd4b5e90ef8f8454b5c1b6d7137d,
frontend/src/components/admin/monitor/ModelTagInput.vue,current_only,frontend_product,,5e3d6099714cac020e4576e5a82d7b4ef5e72269acaad6eb108e29173df45f8c,
frontend/src/components/admin/monitor/MonitorActionsCell.spec.ts,different,frontend_product,e99a458fba4e6ce612758875a772b1514664b6a3403ad3c0fe179303985c49d0,3ee935e99fdceec70ff3388d5103d2e6fe8e172bda31d9ea9e6565f99d13e7d2,
frontend/src/components/admin/monitor/MonitorActionsCell.vue,same,frontend_product,ae1751e927ed93445e711e98297def4ec6e08dcccb0dab9ac387cda25b8b29e9,ae1751e927ed93445e711e98297def4ec6e08dcccb0dab9ac387cda25b8b29e9,
frontend/src/components/admin/monitor/MonitorAdvancedRequestConfig.vue,same,frontend_product,e8d3dd1177098dc6b4485ba15a73c71e4617b6e8aa2db6895850d07f4a21fecb,e8d3dd1177098dc6b4485ba15a73c71e4617b6e8aa2db6895850d07f4a21fecb,
frontend/src/components/admin/monitor/MonitorFiltersBar.vue,different,frontend_product,89bb15c3f77d370a9a45febdeba5e99f228496c2ecfed341856478de10ced321,8b5ae14648cdce7f51516413b6fb894c4dfc3189881f4ab494be69e66abfc445,
frontend/src/components/admin/monitor/MonitorFormDialog.vue,different,frontend_product,2c157ae9a3e72d667de8034e21833e307a484889afa70153fe6e44846044368d,8a2a06786d5d9f2dc335ef16b08253a39e5d8c279432a5da62e644664744fd36,
frontend/src/components/admin/monitor/MonitorKeyPickerDialog.vue,different,frontend_product,e556ff444c61c4aa4ee662fb941af9457579768cf708f0f87c1e33ea23f8b37d,433ea475f953ee16a6586c05a808efe270a14ec1d177911ca0dc0e8f241f6ddf,
frontend/src/components/admin/monitor/MonitorPrimaryModelCell.vue,different,frontend_product,c6e66337bbcbaae2499bfa61a4e3a1e2c27897e8493ede5959122e4af47f1363,0459a59c5fea8ca62efb9d6c1036d5ec3573ce43cc22d0359be43c7fb35c149d,
frontend/src/components/admin/monitor/MonitorRunResultDialog.vue,different,frontend_product,76f5d0534b628ccc65a5d1064afc78eb1226b10b610037cb7742dde5a7ef4cc1,228dc01e79d9ff46e83b1b606b5f84d96d9bbf7409dda9909c8cc9ca3902da35,
frontend/src/components/admin/monitor/MonitorTemplateApplyPickerDialog.vue,same,frontend_product,8413ab48d7927f6a29bd00bcaba8eb8e85753a810ef19e61eaf5cef93484cecf,8413ab48d7927f6a29bd00bcaba8eb8e85753a810ef19e61eaf5cef93484cecf,
frontend/src/components/admin/monitor/MonitorTemplateManagerDialog.vue,different,frontend_product,bfa615044f97772b84fb0be47479397bb101aaaff08af2aadaad611565f581f0,6f13b6ad91bf0b1947cf44bb58e73412d8028c933e4c2daddacdc0692737412e,
frontend/src/components/admin/monitor/__tests__/MonitorPrimaryModelCell.spec.ts,official_only,frontend_product,206baca858971690a08b62d9a34efcd234f50cfc2e15a525228ef89626d3296a,,
frontend/src/components/admin/monitor/modelTagStyles.ts,current_only,frontend_product,,bb4af665bd6e740213704960f86c960c08c208fbf5c04552e5eb3284cdbea778,
frontend/src/components/admin/payment/AdminOrderDetail.vue,same,frontend_product,d69569639a22a58705dc54fe398da74d82f5134ca652b8dac17c8c71bc61be01,d69569639a22a58705dc54fe398da74d82f5134ca652b8dac17c8c71bc61be01,
frontend/src/components/admin/payment/AdminOrderTable.vue,same,frontend_product,d9251b61856eaba632c8b018804c17f7a404a97dc28af8b13c5516786538d1b5,d9251b61856eaba632c8b018804c17f7a404a97dc28af8b13c5516786538d1b5,
frontend/src/components/admin/payment/AdminRefundDialog.vue,same,frontend_product,58e41cf50c698a88c88255c07d87e53f6ae1e62417cbe76450615c2106821a63,58e41cf50c698a88c88255c07d87e53f6ae1e62417cbe76450615c2106821a63,
frontend/src/components/admin/payment/DailyRevenueChart.vue,same,frontend_product,34737b69321ee62b1d489565c0c326ce526f97823ad8c26fc6e1ce1b46ea777e,34737b69321ee62b1d489565c0c326ce526f97823ad8c26fc6e1ce1b46ea777e,
frontend/src/components/admin/payment/OrderStatsCards.vue,same,frontend_product,8eafc1a449a2ab3a0b31eb003a41bff50468b0e84e05f47b6f3a6e99162ec9a7,8eafc1a449a2ab3a0b31eb003a41bff50468b0e84e05f47b6f3a6e99162ec9a7,
frontend/src/components/admin/payment/PaymentMethodChart.vue,same,frontend_product,43781862aef7ce1da18e5e14fa4cd90121416ab60e52869ace80afd25b0cde6d,43781862aef7ce1da18e5e14fa4cd90121416ab60e52869ace80afd25b0cde6d,
frontend/src/components/admin/payment/TopUsersLeaderboard.vue,same,frontend_product,125a5f6ac71ef3cffb4371b62de2778c440c51615fc95da12d8d6ccf9f963356,125a5f6ac71ef3cffb4371b62de2778c440c51615fc95da12d8d6ccf9f963356,
frontend/src/components/admin/payment/__tests__/orderCurrencyDisplay.spec.ts,same,frontend_product,f89bb9f3d8ac577425a8ab6762ef7621b04bb23eeb15ca34855207b0ba03d3de,f89bb9f3d8ac577425a8ab6762ef7621b04bb23eeb15ca34855207b0ba03d3de,
frontend/src/components/admin/platform/PlatformPoolDialog.vue,current_only,frontend_product,,2d4aaafaa917a85816596959adf014156e45ae62da8dce7d7446b2f6e02e3091,
frontend/src/components/admin/platform/__tests__/PlatformPoolDialog.spec.ts,current_only,frontend_product,,28446a34082c3db8bcd81410009e5184b98e2e32193d1aa8ee361a04550e12b8,
frontend/src/components/admin/platform/__tests__/platformModelRules.spec.ts,current_only,frontend_product,,36e2ef3a5c2b03b12e8a41028897ed0f3acf7e9a564549ccad0f9ee9721ed26a,
frontend/src/components/admin/platform/platformModelRules.ts,current_only,frontend_product,,2aa943a764107d6ad2e0f0d5ab0f799b8435cd8e4b8402e67d87481e5977e8ec,
frontend/src/components/admin/proxy/ImportDataModal.vue,different,frontend_product,f0565080af3cde34d1b4176dac5ed63c514966fdde75e7b51eea7a89bfa6df53,25f75479aade8eb93c7d21e59cae6a7f664ff3587c8ff09915c0f11837fd8441,
frontend/src/components/admin/usage/UsageCleanupDialog.vue,different,frontend_product,52bc5df824eb5768a4231f8e6d95873f227ba50787436b5849f577d7c0dc0432,80166d985077fb8bef7ec9235639c7d434e4fcff787bd214872924f63b289e6e,
frontend/src/components/admin/usage/UsageExportProgress.vue,same,frontend_product,d32c36ed39f7e7eca52f7897032c02db3f9ae9a567997f4a0f258f51181a3b27,d32c36ed39f7e7eca52f7897032c02db3f9ae9a567997f4a0f258f51181a3b27,
frontend/src/components/admin/usage/UsageFilters.vue,different,frontend_product,6f6eebb31ec419f735412b95df953eb5078d97220f13d6a35bd985012be9daf0,7e178b401dc5db7c4b9d635fe6ddb1b2e491a7ccce7a8cea99e7853446939778,
frontend/src/components/admin/usage/UsageStatsCards.vue,different,frontend_product,f46dbf067cfbbdd216a27729ac6854f858953fcc0e84440f32864343a6c1b78f,555afd2a1470541bfa6fccdecfe2d81ddeff8e85659f0859f4b237b2ec637f80,
frontend/src/components/admin/usage/UsageTable.vue,different,frontend_product,9a6880ff83b1e8d54800bbe24401ce43489e0b9f7fc81753bc7c244a3a15866a,b946e2c00a3a11b35588d8abfaff6dff520185fa6a93665d0d4d4828fdd5ceab,
frontend/src/components/admin/usage/UserTokenRanking.vue,same,frontend_product,ef6917bf1c9e3efdaad291e0336cc49d3e51830b2d2a4c2a2c8af6c682e2b4af,ef6917bf1c9e3efdaad291e0336cc49d3e51830b2d2a4c2a2c8af6c682e2b4af,
frontend/src/components/admin/usage/__tests__/UsageFilters.spec.ts,different,frontend_product,402c336b339a70213ef120bca474f563b6e6d8c0b537bf133418cbe5dfab3201,28977ee869d3948be3105b7da995c9c474f236906b1c8a1f2dbe20fa9e84fc0a,
frontend/src/components/admin/usage/__tests__/UsageStatsCards.spec.ts,different,frontend_product,7a10276bb5d02e8b0fd1a06f3c7ba66e6330bac93da8197acb87430669c7b916,13420468fbd60cd28b6f9d62d14e9d9e1d9eceae5b6a9234dd2295e1a42affa8,
frontend/src/components/admin/usage/__tests__/UsageTable.spec.ts,different,frontend_product,6a9f0c842cc9587fa94146bb672edfe1548ab8888800db2d6618e174a9114a90,7282ac9c78cbf7ae3e0cdae2e596d5bf1cc79fb97a4e0285dc98267320dbd0d5,
frontend/src/components/admin/usage/__tests__/UserTokenRanking.spec.ts,different,frontend_product,26ce29cfcf07315999f462aaf94f1ad88c850f794e3a6b16d2bacbb5b8786eb0,137154860cabad5236a4e75ffd336d24d8d92f85eb69317befef398346781f6a,
frontend/src/components/admin/user/BulkEditUserModal.vue,same,frontend_product,a05001970c8ca21cce103a229a93954393360c8d8dad8e1f8d12deb6f819b8a0,a05001970c8ca21cce103a229a93954393360c8d8dad8e1f8d12deb6f819b8a0,
frontend/src/components/admin/user/GroupReplaceModal.vue,official_only,frontend_product,6c0f8d63d5c238e6f22d2a102b10ddbf2c9e6ed173621356ef882ec8f1b3d6fb,,
frontend/src/components/admin/user/UserAllowedGroupsModal.vue,official_only,frontend_product,109dbd71c45f4048e30fd73b9adb8dcf5886dc1de521971669225104a7cbc5ee,,
frontend/src/components/admin/user/UserApiKeysModal.vue,different,frontend_product,5e740f3717620ff8781b355798f934cc60fab027301332f4701b9c1cf78dde9f,565897381996efd6e34e68c90254069e06941e0406aea56e72cfc3e1c7e0ed9f,
frontend/src/components/admin/user/UserBalanceHistoryModal.vue,different,frontend_product,99e3d6c71d7238c244ef1d0942f41b0d22ecd0007b2248819a02d913a241a687,937cd1d00177ad1944f2ffc2e92ab84b7b5cef9e0e1a1a7d1f362a00ee7971e1,
frontend/src/components/admin/user/UserBalanceModal.vue,same,frontend_product,e89b63dee569931da1a8db7a1c5be69cf41aa74dd5338e506f7680d7b6347f6a,e89b63dee569931da1a8db7a1c5be69cf41aa74dd5338e506f7680d7b6347f6a,
frontend/src/components/admin/user/UserCreateModal.vue,same,frontend_product,5d8b4a2a5c42bc6c61c6ede2cfd6e313234faca0727656b5211d87ff13968f81,5d8b4a2a5c42bc6c61c6ede2cfd6e313234faca0727656b5211d87ff13968f81,
frontend/src/components/admin/user/UserEditModal.vue,different,frontend_product,05d32f5d135bb7d7920f0a199b54926a6feb222507638a61fae2d5962caa706c,44b88139fdb1811acfc0d7d4a6c00584d6ddb06b1cc2f01f017d5a45d2af5e34,
frontend/src/components/admin/user/UserPlatformQuotaModal.vue,same,frontend_product,c67dbc205228f0ef4d4fad3625ca5bd16feb3c08e020307699c7eca7817ec08c,c67dbc205228f0ef4d4fad3625ca5bd16feb3c08e020307699c7eca7817ec08c,
frontend/src/components/admin/user/__tests__/BulkEditUserModal.spec.ts,same,frontend_product,daadfe96f14be5b74223d25fb29a4909b9439fe3fddc3ab1210fa942b2bde027,daadfe96f14be5b74223d25fb29a4909b9439fe3fddc3ab1210fa942b2bde027,
frontend/src/components/admin/user/__tests__/UserEditModal.spec.ts,official_only,frontend_product,2e95b37cfb50967a033069fd23f515c837a89faa85254619d0072013be96e516,,
frontend/src/components/admin/user/__tests__/UserPlatformQuotaModal.spec.ts,different,frontend_product,04ba24665864ac53d340612094969ed571ec98c071d6ff328adc310be4193be7,3eafd8975e067fb9f142c3702d574664b346fe96fa7bf028cca5ea14a0357aa4,
frontend/src/components/auth/DingTalkOAuthSection.vue,different,frontend_product,2103013059012a3d89d98812f5ad5ee77e80a45b97a60a30d8f535d77538acaa,1689dd152ab7dcbaaf1a3b603072da0f263c06d9f04c5a1fc610f4526ba55919,
frontend/src/components/auth/EmailOAuthButtons.vue,different,frontend_product,642fbccf198dd976633630f59b68890ce5091033c437dee99e6e617fd7cf14d7,828835ce18df8acef5e49f439011afefe3200d91e65154ef48ecbd74b234ce44,
frontend/src/components/auth/GitHubMark.vue,same,frontend_product,d347446252668a97480c450f6b72b2ed5e947a8f5f7ad7d23d14e99505f2f919,d347446252668a97480c450f6b72b2ed5e947a8f5f7ad7d23d14e99505f2f919,
frontend/src/components/auth/GoogleMark.vue,same,frontend_product,af5967835c160e1ef9f7a5e87a0eca5a36802e0b2fba07ac95a61fd376b2a043,af5967835c160e1ef9f7a5e87a0eca5a36802e0b2fba07ac95a61fd376b2a043,
frontend/src/components/auth/LinuxDoOAuthSection.vue,different,frontend_product,e96cf8089652fd6ee1a1150826179107728ef8800eebe986a3a14be037dd246b,4c297b08bf1a41ba78dc723ac7263711d1f04d8a603515b60b5403c14c2d658b,
frontend/src/components/auth/LoginAgreementPrompt.vue,same,frontend_product,141dd16df938db880d76debd7ded39b00a48853dd99b1abd2216c023901d499b,141dd16df938db880d76debd7ded39b00a48853dd99b1abd2216c023901d499b,
frontend/src/components/auth/OidcOAuthSection.vue,different,frontend_product,2a0a4d6a9bcb6a2f9eb316338917b0c75f9745d2080b0674badcfac60327818e,f6e5a467c39c8a6a66f187bc95801e980ad966e0b3470fa7523de70f2f68ce5e,
frontend/src/components/auth/PendingOAuthCreateAccountForm.vue,different,frontend_product,e9afbe6bc64552087c255a9ec27ab9b587ce18d04400e33d5d6535f8126cc4f0,c198694e68e0c80abd98feb8463ee6fff10be58068d20ae554813cd44b730861,
frontend/src/components/auth/TotpLoginModal.vue,same,frontend_product,1a3868975e62a1f87726c5d7dca17ba6770401752b34ca60182921b33215cb33,1a3868975e62a1f87726c5d7dca17ba6770401752b34ca60182921b33215cb33,
frontend/src/components/auth/TotpStepUpDialog.vue,same,frontend_product,979c73854b62c1c694fa49c9663849291427901f947f268be3e61200f0501ec4,979c73854b62c1c694fa49c9663849291427901f947f268be3e61200f0501ec4,
frontend/src/components/auth/WechatOAuthSection.vue,different,frontend_product,dea13586efe638ce3652931ea04c1b73783902260c5cb7ac8f8a3cc47c492a21,65d5edaa826164d551a7faaa77401785e1fce150b3759352355360a83f66cb41,
frontend/src/components/auth/__tests__/EmailOAuthButtons.spec.ts,different,frontend_product,13ad6f1a4fb772c1fe9fdda3295fceb07f6753569d98e1a2d3c7167e132a001a,a42ce5e015c12fa7cad7174a588b7962c0060e208c802c92b8bcff2dbe6813c8,
frontend/src/components/auth/__tests__/OAuthLoginSections.spec.ts,official_only,frontend_product,dd93375f478e1d2d766193736564354ed126d238c6324392108b4c13bd3d91ce,,
frontend/src/components/auth/__tests__/PendingOAuthCreateAccountForm.spec.ts,different,frontend_product,4b82145857ac284cfa766c103d054afcada4cbb1ab4e99da4fc9a1132c660edb,8df5e9aa60919ab2c6140b7919f7c8a54c9565381ae2a330c72f12c3562b362d,
frontend/src/components/auth/__tests__/TotpLoginModal.spec.ts,same,frontend_product,a3c37fb8c3d7a97cf192db08a8f4d831406531e13c2767900a4b1dd212f4a825,a3c37fb8c3d7a97cf192db08a8f4d831406531e13c2767900a4b1dd212f4a825,
frontend/src/components/auth/__tests__/WechatOAuthSection.spec.ts,different,frontend_product,6888969f18a6c76e6f8ad944a59d642a95413d008d1c48d7f9e85fb92a2fb8a5,e973a1cf05db9055e571a795bd2e9592d1f0bd83487f31d7ea1394efebffc94c,
frontend/src/components/channels/AvailableChannelsTable.vue,official_only,frontend_product,9a80d572e4dbcd0120166577dffc15fce28dfc9cf6c8f15d73dbb3254647686b,,
frontend/src/components/channels/PricingRow.vue,official_only,frontend_product,dfad9fc71e9319858b04f88f1cd0a167d55710141d81cd6a129c814d0b700230,,
frontend/src/components/channels/SupportedModelChip.vue,official_only,frontend_product,212d0b5eb818224c464c844360cc65d172516233dbda43787d9f02559d26ed2c,,
frontend/src/components/channels/__tests__/AvailableChannelsTable.spec.ts,official_only,frontend_product,e7de28c4245f735c5704febc22a783a1997721e60f49130b7aad5f885f16a024,,
frontend/src/components/charts/EndpointDistributionChart.vue,same,frontend_product,24b19e99f2e014c66b9b2c1ecee6a3269c3f294cfee577260be4b319f6e64d3c,24b19e99f2e014c66b9b2c1ecee6a3269c3f294cfee577260be4b319f6e64d3c,
frontend/src/components/charts/GroupDistributionChart.vue,official_only,frontend_product,6211d7baef977986759c95882a9b92cca5b7d6c756dc255567f012ea8561b421,,
frontend/src/components/charts/ModelDistributionChart.vue,different,frontend_product,fd5c40db2f703a33a31d8ed6f44f4b1c65200c293c55cfc150c5c03de58ddc2c,439aaeaf45e404fc677f677b86daf61679e20fcb8e09e5bd856ad3f4d84c9850,
frontend/src/components/charts/PlatformDistributionChart.vue,current_only,frontend_product,,8e1b62b4aeb071f717dc6fed10ad27e479cb599e58f90e680ba1461ac11aa3c1,
frontend/src/components/charts/TokenUsageTrend.vue,same,frontend_product,a91d9d2d84304197dbe221074528548ad3aabc27263c81b0a04b184a668563b8,a91d9d2d84304197dbe221074528548ad3aabc27263c81b0a04b184a668563b8,
frontend/src/components/charts/UserBreakdownSubTable.vue,same,frontend_product,48e56a2ffd415f79e97af8955ac9b24c0dbc2e2736b6c9d367880415820a6d89,48e56a2ffd415f79e97af8955ac9b24c0dbc2e2736b6c9d367880415820a6d89,
frontend/src/components/charts/__tests__/GroupDistributionChart.spec.ts,official_only,frontend_product,621f4636a59c792d52c55500deb6437e304b1bf5efea4a6a506b925fc3b6c3ce,,
frontend/src/components/charts/__tests__/ModelDistributionChart.spec.ts,different,frontend_product,5cdda3a9b41676d1b3e101715b06a58fdefa44f51842e8429da4ff80cf23f24f,57f7af08de7d8473f27e10402244981975bb04ccb3525ad7c344708c8a6e51ab,
frontend/src/components/charts/__tests__/TokenUsageTrend.spec.ts,same,frontend_product,eefd1c5dda1bd24045aa7499cea329d3ecc06b8659b2844bb36ddbf63bec68ed,eefd1c5dda1bd24045aa7499cea329d3ecc06b8659b2844bb36ddbf63bec68ed,
frontend/src/components/common/AnnouncementBell.vue,same,frontend_product,54b32bc87688bff7129bc6eca0bc32108c39d058166d7f1d28db8dbccf1f9054,54b32bc87688bff7129bc6eca0bc32108c39d058166d7f1d28db8dbccf1f9054,
frontend/src/components/common/AnnouncementPopup.vue,same,frontend_product,aff5ccd3088e6f0f1196c9628fbcd8bd6b61b58bf1c9560ef2e027ca5a37c461,aff5ccd3088e6f0f1196c9628fbcd8bd6b61b58bf1c9560ef2e027ca5a37c461,
frontend/src/components/common/AutoRefreshButton.vue,same,frontend_product,7104bf3dafacfc49e2b68a0b140d7fb7f6259db36aa970ef833a33be0473bfc8,7104bf3dafacfc49e2b68a0b140d7fb7f6259db36aa970ef833a33be0473bfc8,
frontend/src/components/common/BaseDialog.vue,different,frontend_product,3ff4c131d64af7212255128543bebef2c4e687cc2ebf042e166e73a132379622,bfd6a781621348d17194b7307906826294f8df049cb9b97f3e82485de0f5001b,
frontend/src/components/common/ConfirmDialog.vue,different,frontend_product,386ea52b4a7f5938973ca1a79d85d6a568961f5717b7b7f004197125f7820cb2,f7969fd41a7b78dccb00928dc495fb4d514e8f98ccf15a9998d68984321b078c,
frontend/src/components/common/DataTable.vue,same,frontend_product,bd33d8d20e5d3171225ad19e49125c5cdb612b4f6b68e2323b394ff07fc5b454,bd33d8d20e5d3171225ad19e49125c5cdb612b4f6b68e2323b394ff07fc5b454,
frontend/src/components/common/DateRangePicker.vue,different,frontend_product,ed6ad259a79cef35409dc2d14aa5b04dda2361ec13201ccbe405317f340624ec,6205e24a5cf1750ff79c9c70e02d6e068d86b6f9aa1bf4c749923429dffb721c,
frontend/src/components/common/EmptyState.vue,same,frontend_product,62c2d8ad26c761ba9b13b2564c31667c739738b35d06c4759bae11c9ffbdf01c,62c2d8ad26c761ba9b13b2564c31667c739738b35d06c4759bae11c9ffbdf01c,
frontend/src/components/common/ExportProgressDialog.vue,same,frontend_product,284a5e42876c44a609ec34148a466ea5ab4bee0fd39f32df13227043e8a460a7,284a5e42876c44a609ec34148a466ea5ab4bee0fd39f32df13227043e8a460a7,
frontend/src/components/common/GrokFreeIcon.vue,same,frontend_product,607c45c159f9ef8de433c7a5bfbe8be943a59bb96d196e8f6b460f8161a0a52c,607c45c159f9ef8de433c7a5bfbe8be943a59bb96d196e8f6b460f8161a0a52c,
frontend/src/components/common/GroupBadge.vue,official_only,frontend_product,7efba118815db9a6933fa8139e5990267cc9c33de5b83e1ce25944b801009c0c,,
frontend/src/components/common/GroupCapacityBadge.vue,official_only,frontend_product,d6f7f534722e76120dfd6ab6fcd71a1c1f92d56aeead195573ea7265ce5227c8,,
frontend/src/components/common/GroupOptionItem.vue,official_only,frontend_product,d061920762ca4697920f82bec7c5aabb8ac15665533ca1feca3a588dbaef08a7,,
frontend/src/components/common/GroupSelector.vue,official_only,frontend_product,b731cb4f47417551e4ff46c28b22f517bf203d1bab4bdab5973a0bb2ecc02825,,
frontend/src/components/common/HelpTooltip.vue,same,frontend_product,0fcf3626ea53a1ed2f40bdbbecb8f521f0b71b2446298711fde861e544bdaf41,0fcf3626ea53a1ed2f40bdbbecb8f521f0b71b2446298711fde861e544bdaf41,
frontend/src/components/common/ImageUpload.vue,different,frontend_product,ca69565605ac861952bc850cf39d59fb75626ae4b444d86cfd61abc1db7d032a,c4c249c5664d252dcfe50e11e24597dbefbb3a5e09350008681fdf16ada47a0e,
frontend/src/components/common/Input.vue,same,frontend_product,9fbfd07e6b62f6bdb50fec1078eefccd0a6f0527e390f9c4280d5b51b3defd7f,9fbfd07e6b62f6bdb50fec1078eefccd0a6f0527e390f9c4280d5b51b3defd7f,
frontend/src/components/common/IpGeoBatchToolbar.vue,same,frontend_product,c0d48a53f0020767f89bb7b079f37dcc1b6514d1bba9bec4941381905ebf6d04,c0d48a53f0020767f89bb7b079f37dcc1b6514d1bba9bec4941381905ebf6d04,
frontend/src/components/common/IpGeoCell.vue,same,frontend_product,433dcb9701bcac738e9038907e983851e6e5dfe1e17483ec478fb5ddbb65fe43,433dcb9701bcac738e9038907e983851e6e5dfe1e17483ec478fb5ddbb65fe43,
frontend/src/components/common/LoadingSpinner.vue,same,frontend_product,4303abcdcecf0dd74e9da09c40e27e5ca05fce4c3af9a05120ed8a6913dc8642,4303abcdcecf0dd74e9da09c40e27e5ca05fce4c3af9a05120ed8a6913dc8642,
frontend/src/components/common/LocaleSwitcher.vue,same,frontend_product,1859c93a6498f047170153c54f9f5559c1223b2cb5d2a51a663c4ec911855766,1859c93a6498f047170153c54f9f5559c1223b2cb5d2a51a663c4ec911855766,
frontend/src/components/common/ModelIcon.vue,same,frontend_product,09ae604e3aed3c6a2e62dcfaaa1f38ad6b9176adac9fa3a9e390bed2d4246dd7,09ae604e3aed3c6a2e62dcfaaa1f38ad6b9176adac9fa3a9e390bed2d4246dd7,
frontend/src/components/common/MonitorQuotaView.vue,official_only,frontend_product,609c34a4179981150df808f48de9af4f41d503aaa0adeb32bdc5c61819ecf2dd,,
frontend/src/components/common/NavigationProgress.vue,same,frontend_product,c22f86591a4846e4cef6b49bab03af05b16a7442ce7b8969025115b3e76de020,c22f86591a4846e4cef6b49bab03af05b16a7442ce7b8969025115b3e76de020,
frontend/src/components/common/Pagination.vue,same,frontend_product,77b7be4e9e3fd41ab7e05b2d78d895d554c1a6f449c09ea64a53e6be202c9d7b,77b7be4e9e3fd41ab7e05b2d78d895d554c1a6f449c09ea64a53e6be202c9d7b,
frontend/src/components/common/PlatformIcon.vue,different,frontend_product,aa4252dabfed2ce881ffbb7ac2c60be9e9399ecb8bdb04b39e410047ee158640,f25f8c44b474da0f1aec573fd3693b2e92d8e776bfeb46d558750968eb3349ae,
frontend/src/components/common/PlatformTypeBadge.vue,different,frontend_product,55e58045ca175307cf777e5f382557b1f4786f4bbf7592b114322f4bdbc07b77,ba8511745cc2f52e5c5f5c71d04404d6e7209b97f1b5da46a1d460f19d68996b,
frontend/src/components/common/ProxyAdBanner.vue,same,frontend_product,7b29817f8bec825c311f5f0de3a7b49f9e527dd6ac579e584d2564e5921afc17,7b29817f8bec825c311f5f0de3a7b49f9e527dd6ac579e584d2564e5921afc17,
frontend/src/components/common/ProxySelector.vue,same,frontend_product,c94eeb6a141dade2eb4fa02c05e22500d658a9a4681a37480208b6bd369cfb83,c94eeb6a141dade2eb4fa02c05e22500d658a9a4681a37480208b6bd369cfb83,
frontend/src/components/common/README.md,same,frontend_product,c3fee3223c1effb52bc6b497f6f324505419e18a5bbf1b88d610bd3b39db6557,c3fee3223c1effb52bc6b497f6f324505419e18a5bbf1b88d610bd3b39db6557,
frontend/src/components/common/SearchInput.vue,same,frontend_product,ff9c87a64fe30bd67512cd27ae35b16774f84fc455ff53f7abaa4030164a1475,ff9c87a64fe30bd67512cd27ae35b16774f84fc455ff53f7abaa4030164a1475,
frontend/src/components/common/Select.vue,different,frontend_product,9a33da09e87610d22a3b0a87621a693824995482f3962046312777e4dc5f43db,69f77594432ccf8dbb9f9bb8e4e4d297ab90206d8bd4de42c700535db0c06483,
frontend/src/components/common/Skeleton.vue,same,frontend_product,165a5f0a326c21eda0eb2fe14a4400589ec4398179b6ebaf41e4761e92605008,165a5f0a326c21eda0eb2fe14a4400589ec4398179b6ebaf41e4761e92605008,
frontend/src/components/common/StatCard.vue,same,frontend_product,471b4096fc72c4ed7d85798f48d7c7c52bacde66b0e10e6d2e43dcfbbb55afaf,471b4096fc72c4ed7d85798f48d7c7c52bacde66b0e10e6d2e43dcfbbb55afaf,
frontend/src/components/common/StatusBadge.vue,same,frontend_product,ae8c63b47b035a29d4771c2ec902b3d2ef1070246cb1de7b294053fa32dc0fda,ae8c63b47b035a29d4771c2ec902b3d2ef1070246cb1de7b294053fa32dc0fda,
frontend/src/components/common/SubscriptionProgressMini.vue,different,frontend_product,e7724a7c3fc1843e1f30360a34daae983b1d1035df2d5391c56454e861a53840,ca8913edbd6b12515b6a1646029edfbec30f93a0d66ebe0867ceb5db6391b6f6,
frontend/src/components/common/TextArea.vue,same,frontend_product,bf5a2676a73dd3d0453c1b875119956d57c9e4d14e72b1c55c6317b8139a2076,bf5a2676a73dd3d0453c1b875119956d57c9e4d14e72b1c55c6317b8139a2076,
frontend/src/components/common/Toast.vue,same,frontend_product,618ac161e9fc80f1ef62df1c7e5c2834239d4001072d25ddb9282b12eea4f387,618ac161e9fc80f1ef62df1c7e5c2834239d4001072d25ddb9282b12eea4f387,
frontend/src/components/common/Toggle.vue,same,frontend_product,be2597b673b44d42370e8883e56e9ae4cae5ed1fd28147dcc8ea1c1c0ab4f2e9,be2597b673b44d42370e8883e56e9ae4cae5ed1fd28147dcc8ea1c1c0ab4f2e9,
frontend/src/components/common/VersionBadge.vue,same,frontend_product,965e706812bd652f353ea6a411f3653b21bfd723658f88bee8c753c8b5568ccd,965e706812bd652f353ea6a411f3653b21bfd723658f88bee8c753c8b5568ccd,
frontend/src/components/common/__tests__/AnnouncementPopup.spec.ts,same,frontend_product,6429b879ecb489a640cbc4a3572a9a5a0d9f917f21734bcb5de0307cb8678318,6429b879ecb489a640cbc4a3572a9a5a0d9f917f21734bcb5de0307cb8678318,
frontend/src/components/common/__tests__/BaseDialog.spec.ts,official_only,frontend_product,ead4985c007317c88e96fa3620c83102d9672a5f9a784d3441b33529ea98ca80,,
frontend/src/components/common/__tests__/ConfirmDialog.spec.ts,current_only,frontend_product,,1937684e91aaa9b1775bd31532abe752eeee46919713227ea58a7f2ee7a1fbcc,
frontend/src/components/common/__tests__/DataTable.spec.ts,same,frontend_product,db6fe1127bee3099dcfd51d13971b9b58208682aacd60d73c334e3663c126c2d,db6fe1127bee3099dcfd51d13971b9b58208682aacd60d73c334e3663c126c2d,
frontend/src/components/common/__tests__/DateRangePicker.spec.ts,same,frontend_product,da642d495d203868f96522ef19f01d5e688cf904593e66089edc43772433a9f6,da642d495d203868f96522ef19f01d5e688cf904593e66089edc43772433a9f6,
frontend/src/components/common/__tests__/GroupOptionItem.spec.ts,official_only,frontend_product,7e390841f542c68958cca7a399ebd0db2733970d5a7b0562d57a3a5daf594d6f,,
frontend/src/components/common/__tests__/HelpTooltip.spec.ts,same,frontend_product,4fc4db533cfc0b46dae19fe1d8d665b2e5cd70d9e6860586b21ddb33d531f6ba,4fc4db533cfc0b46dae19fe1d8d665b2e5cd70d9e6860586b21ddb33d531f6ba,
frontend/src/components/common/__tests__/IpGeoCell.spec.ts,same,frontend_product,109f093c60f5c949c3c446b37108956a1d5a0d5736ba1338aed8b553a1652458,109f093c60f5c949c3c446b37108956a1d5a0d5736ba1338aed8b553a1652458,
frontend/src/components/common/__tests__/MonitorQuotaView.spec.ts,official_only,frontend_product,960b978cfa59c15b6a2cb47853e8615b50d0ded18181d2318998df6060505518,,
frontend/src/components/common/__tests__/NavigationProgress.spec.ts,same,frontend_product,2430c91549a1f17e9e1e68ac7ee250325a23f22b9bb2a77c245e4b765d4733b0,2430c91549a1f17e9e1e68ac7ee250325a23f22b9bb2a77c245e4b765d4733b0,
frontend/src/components/common/__tests__/PlatformTypeBadge.grok.spec.ts,different,frontend_product,36f3fcc911d522c73ef144d47e1da0cc780fe79823f370a399ab3bdd1515552c,4252fcc1c4e7eada8ca63042184bb23ef554c369c54515dac5ccaa6e09b69b58,
frontend/src/components/common/__tests__/Select.spec.ts,different,frontend_product,4512fa6ab673928ba857f0e00ef654811397410ffa9c5dc43d55ba6fa672668e,a65f7f5f0cad6cbb9e553abc05ef6f07fd7505e70020e9b2e7da70f4080322ad,
frontend/src/components/common/index.ts,same,frontend_product,d8d1c7c1e99cc3998de4b84d685cd496a1e28493ed726128dc1df785b9465ce6,d8d1c7c1e99cc3998de4b84d685cd496a1e28493ed726128dc1df785b9465ce6,
frontend/src/components/common/types.ts,same,frontend_product,258b23dec180e6f647ed5cf0ef02ede9b28c1c25e4eff94efec26c71dc2686c6,258b23dec180e6f647ed5cf0ef02ede9b28c1c25e4eff94efec26c71dc2686c6,
frontend/src/components/icons/Icon.vue,different,frontend_product,1879d82804766ca5c6e06b869b8dd8e6dcd73e701a5b5b2d0cba625b9e10adf7,2b87de92e56760b67984b1dfbdc42fdbaaf44903f578e04012c7b7b8ab77efcc,
frontend/src/components/icons/index.ts,same,frontend_product,55b412b40ab66b3db716879d22f5afcc696e0e3b0385f5aac4cbfc70df1cc7c7,55b412b40ab66b3db716879d22f5afcc696e0e3b0385f5aac4cbfc70df1cc7c7,
frontend/src/components/keys/EndpointPopover.vue,same,frontend_product,de3d9f430293c56ca55f5119ea3a59c4e290cb98e7626346d2ba5a2c30f02338,de3d9f430293c56ca55f5119ea3a59c4e290cb98e7626346d2ba5a2c30f02338,
frontend/src/components/keys/KeyAssetPermissionsForm.vue,current_only,frontend_product,,572f4587fdaf4d86caf47cc836e74b670dde68b5856ac5dc6d1d29252da3c9c6,
frontend/src/components/keys/UseKeyModal.vue,different,frontend_product,77ab7ecb88d8c53c54d24fa42a46e5dc47a8f3bdc74e4263b2ea5eda3aaa747f,288c24fdfc97c02940f86419535f3cdb982fff6093f788c428ccbb471dfab1d7,
frontend/src/components/keys/__tests__/EndpointPopover.spec.ts,same,frontend_product,e469f1e3bd036d67165e211c1602da696f1d05d9b9f9274c50d4bb76f145b251,e469f1e3bd036d67165e211c1602da696f1d05d9b9f9274c50d4bb76f145b251,
frontend/src/components/keys/__tests__/KeyAssetPermissionsForm.spec.ts,current_only,frontend_product,,89122ade28aada4669768d74a93492c367d56ab4ceb48439a7c5dace0c2b632f,
frontend/src/components/keys/__tests__/UseKeyModal.spec.ts,different,frontend_product,5d10b648dbe1f2632634f95226e989da6c44094e5eb5c31aee43330c04df92e9,d124dc45b01c44043137f7a8dc1b35df21258f5f15560a881960bd924592a249,
frontend/src/components/layout/AppHeader.vue,different,frontend_product,0d9bbeff80ff9c899e632346a194f9fcfa2e55055fdc4a0c87149c143a7f9dad,f99ab4c8e8a244d005477229c17f9496409570bb0aef9bd1bcf41930d073152b,
frontend/src/components/layout/AppLayout.vue,different,frontend_product,b70d197cd962465baa3b063eaba12aef45ebbe61ebf2d0f28f249f43d45487fa,db0ba99a05b9cd72bdf3926e83d6543dd528428f47b2aa48d9f7184d9cd4b13f,
frontend/src/components/layout/AppSidebar.vue,different,frontend_product,cdf8dc2a4c207bb88ca4d619ad59e0b78e9eb852c9e7fd8f9b025441ef2953e2,03c1b93f55185d6b9039808a167b2ab02e42cc0a7f2879d42c60b264479c09d6,
frontend/src/components/layout/AuthLayout.vue,same,frontend_product,b5e9e67232fcb930e0935f4798e1d4d0aef5e9137d50f4bcceed9cd04989dd4f,b5e9e67232fcb930e0935f4798e1d4d0aef5e9137d50f4bcceed9cd04989dd4f,
frontend/src/components/layout/EXAMPLES.md,same,frontend_product,c858401eae62128ec7d50e5d9fdcf3dc1b48484fb47f594d63e7ec54751d2bd6,c858401eae62128ec7d50e5d9fdcf3dc1b48484fb47f594d63e7ec54751d2bd6,
frontend/src/components/layout/INTEGRATION.md,different,frontend_product,a02b2b0aff547d5e0e55643593299f9e9955826509ad38860286d859f2d72e82,b70159a38ba3e8f4966d3005f203c6216c5b2450a7895da7cb44c68937f668f3,
frontend/src/components/layout/README.md,different,frontend_product,a69e463d5cf6d449bc088cedc08e294d873cc7a25f1f1e0f311722f35c0ce27f,f8396e42f1bb7a9a2563d3becf811563e8b988085281e8a9af0eb69d3d32a83f,
frontend/src/components/layout/TablePageLayout.vue,same,frontend_product,b7780cccf38a2de2197253cbfd7b3d83e0d3afc95538430a2c8f9006ce79cca9,b7780cccf38a2de2197253cbfd7b3d83e0d3afc95538430a2c8f9006ce79cca9,
frontend/src/components/layout/__tests__/AppLayoutBackground.spec.ts,current_only,frontend_product,,41499b2f52ac5713e5807d3a8e67a1438f460d7eee9727844adc5728ae3c710d,
frontend/src/components/layout/__tests__/AppSidebar.spec.ts,different,frontend_product,cef3ae89ad1f7179e4156d6436e91ad47e9769c85edf1d8465178e0e55f9ba07,567ed1b0549c0ab2f12690fe99a47378eb8606b0666956f2a9cc27f440e116ea,
frontend/src/components/layout/__tests__/TablePageLayout.spec.ts,same,frontend_product,e0c27aee0325c4a18516fe92940716168b30cd0fb942deea0b167c90ae8b1ca8,e0c27aee0325c4a18516fe92940716168b30cd0fb942deea0b167c90ae8b1ca8,
frontend/src/components/layout/__tests__/customThemeBackground.spec.ts,current_only,frontend_product,,3cc44e7345b2bca406b13745fe488e44154cf09437dc700c152eabc67f602e3d,
frontend/src/components/layout/__tests__/docUrlSanitization.spec.ts,same,frontend_product,c67c6bfcf1750de3aec78353d3d913af9f3f7edb4d91af34ce4388c47d3ae1e9,c67c6bfcf1750de3aec78353d3d913af9f3f7edb4d91af34ce4388c47d3ae1e9,
frontend/src/components/layout/__tests__/siteLogoSanitization.spec.ts,same,frontend_product,ffa4fe56216352495301a15b8e29882aa06dbcf40d735027f7e1e5094c8de94f,ffa4fe56216352495301a15b8e29882aa06dbcf40d735027f7e1e5094c8de94f,
frontend/src/components/layout/index.ts,same,frontend_product,67c73679115680a3568949d9c3e53a3753bd9b0633ecd4acf46384773e35719a,67c73679115680a3568949d9c3e53a3753bd9b0633ecd4acf46384773e35719a,
frontend/src/components/modelPlaza/ModelPlazaContent.vue,different,frontend_product,c34c513f8ae322f6ef03bf58185314c2007cdf1c3589edc3024e4b40919f970e,626d534ab07dda201bd2eaf3181ea8e6525a10283250d2a4e989b3ed538c826a,
frontend/src/components/modelPlaza/PlatformModelPricingTable.vue,current_only,frontend_product,,1e1052b15e0e15b23cec1f4d639874d8e1ac83924274069c66c5e42b07c7f14a,
frontend/src/components/modelPlaza/PlatformSection.vue,current_only,frontend_product,,b37fa1cfd32bcec02701c2dde9a56b61946ae913014cd60de7a89a973c4ee79c,
frontend/src/components/modelPlaza/PlazaFilterBar.vue,official_only,frontend_product,373af112977fb2f66987a4031c6690c6950619729f5ba97b5b74820dd402770c,,
frontend/src/components/modelPlaza/PlazaGroupSection.vue,official_only,frontend_product,a3c44b1840de5f98fd92eddbd57522472dfdcffbe211176e3752e3681b78a426,,
frontend/src/components/modelPlaza/PlazaModelPricingTable.vue,official_only,frontend_product,e8bedc1ca0fd4585b4772ee734d5077bd10967342fd3ee912295b6e5fc5fc6b4,,
frontend/src/components/modelPlaza/PlazaNavBar.vue,same,frontend_product,022e4fd01b2ec38e8509777cc188cc4015e48aa256fbde790458eaf8d18425ae,022e4fd01b2ec38e8509777cc188cc4015e48aa256fbde790458eaf8d18425ae,
frontend/src/components/modelPlaza/__tests__/ModelPlazaContent.spec.ts,current_only,frontend_product,,3bbc9d446f35bbc06faa646af66257c2051f71aeab3d9f875260ad77986ccbf7,
frontend/src/components/modelPlaza/__tests__/PlatformModelPricingTable.spec.ts,current_only,frontend_product,,a8466890372d886a2b0929231b314bf5e441080c86488a2a5697cf381dd75de8,
frontend/src/components/modelPlaza/__tests__/PlazaGroupSection.spec.ts,official_only,frontend_product,3dee2e42bc4a35f4a33d33086042f4efbe57693e6896fffa727037be7ac36286,,
frontend/src/components/modelPlaza/__tests__/PlazaModelPricingTable.spec.ts,official_only,frontend_product,8894b9f29001b85b56c141ac3ff7aadb19b650491a4b8117a9719cf67178a02f,,
frontend/src/components/payment/AmountInput.vue,different,frontend_product,911971c4f12cb1ef3b0eb00a8e02340500f0cae5fbba1e0a6287101585276193,38531ceec0b67886d16810ffd00baf6b10dfaef724bcef80dc4deacb52f1e50a,
frontend/src/components/payment/OrderStatusBadge.vue,same,frontend_product,ec77eab6ec9946d261f030eac9d4b124e0fc4582cbb15b9d7279c6e2e82f7465,ec77eab6ec9946d261f030eac9d4b124e0fc4582cbb15b9d7279c6e2e82f7465,
frontend/src/components/payment/OrderTable.vue,same,frontend_product,3ccc6489b2fff589e21fabbf6239223969368b4d30ed6ad26cf45bad38fb490d,3ccc6489b2fff589e21fabbf6239223969368b4d30ed6ad26cf45bad38fb490d,
frontend/src/components/payment/PaymentMethodSelector.vue,same,frontend_product,0373d3de527e9feb775baa7909f6151917a8b95fe64612fd2864ce49ff9627dd,0373d3de527e9feb775baa7909f6151917a8b95fe64612fd2864ce49ff9627dd,
frontend/src/components/payment/PaymentProviderDialog.vue,same,frontend_product,0ee03a63e23264a5aeae9d33331ec36120a886343085a6a0023db1c49e60bd50,0ee03a63e23264a5aeae9d33331ec36120a886343085a6a0023db1c49e60bd50,
frontend/src/components/payment/PaymentProviderList.vue,same,frontend_product,ec34ebfb6d696284ef6dd913e3c9b2f52fc77e1f6679f06126f4fdf5f8402f97,ec34ebfb6d696284ef6dd913e3c9b2f52fc77e1f6679f06126f4fdf5f8402f97,
frontend/src/components/payment/PaymentQRDialog.vue,same,frontend_product,7bb38a1cb51a4ebda396f1a1c35f9430f31d0c8c1d81346f4421a69e4f847b20,7bb38a1cb51a4ebda396f1a1c35f9430f31d0c8c1d81346f4421a69e4f847b20,
frontend/src/components/payment/PaymentStatusPanel.vue,same,frontend_product,ca715e80aea0e74fc7d08384b874d0837fab4f49829685bd32bf3c72c7f77f2b,ca715e80aea0e74fc7d08384b874d0837fab4f49829685bd32bf3c72c7f77f2b,
frontend/src/components/payment/ProviderCard.vue,same,frontend_product,5a794ab187b3ac1b7b0f77420448113885bdf32cbfa69125d73d9085412d54cd,5a794ab187b3ac1b7b0f77420448113885bdf32cbfa69125d73d9085412d54cd,
frontend/src/components/payment/StripePaymentInline.vue,same,frontend_product,58f8f57061f98ae11bc5e549be0764f2ab6298fe7e6f9708efe5ef62e32768b3,58f8f57061f98ae11bc5e549be0764f2ab6298fe7e6f9708efe5ef62e32768b3,
frontend/src/components/payment/SubscriptionPlanCard.vue,different,frontend_product,ad54269a1ce6fe0ff17ce8dc61beb449ab99dafcd303cba07ec98f04075eb902,fbd46d9d651693e57936b1f62c581cb0b629accc45d48dd2f3b9da3982c63105,
frontend/src/components/payment/ToggleSwitch.vue,same,frontend_product,c3a50a77be169a109b54a8a9b24e29c8d77daff54fe6d2a6e296a19520069d58,c3a50a77be169a109b54a8a9b24e29c8d77daff54fe6d2a6e296a19520069d58,
frontend/src/components/payment/__tests__/AmountInput.spec.ts,current_only,frontend_product,,6943e38adf46b0c0e4d0fc8c000f8083b21a41364650fb55c4d08c0ff00b0e08,
frontend/src/components/payment/__tests__/PaymentMethodSelector.spec.ts,same,frontend_product,dc62851afd5e7744dc85d5e159fe40f2f32cbadcdeccc931ffd4b203897009b0,dc62851afd5e7744dc85d5e159fe40f2f32cbadcdeccc931ffd4b203897009b0,
frontend/src/components/payment/__tests__/PaymentProviderDialog.spec.ts,same,frontend_product,9ab565f24fc82f4684a1d78420c90956ab0493be8a30cee75bb7a6b1e2587b2b,9ab565f24fc82f4684a1d78420c90956ab0493be8a30cee75bb7a6b1e2587b2b,
frontend/src/components/payment/__tests__/PaymentQRDialog.spec.ts,same,frontend_product,970da62bf869cb9b193cad353271ad37eea4c265fd71d621edd1e8801c853e9b,970da62bf869cb9b193cad353271ad37eea4c265fd71d621edd1e8801c853e9b,
frontend/src/components/payment/__tests__/PaymentStatusPanel.spec.ts,same,frontend_product,1346fedda4413f9ef54f18a3d2c20654b82a90f1ba78b0da08acfc6a0067b4aa,1346fedda4413f9ef54f18a3d2c20654b82a90f1ba78b0da08acfc6a0067b4aa,
frontend/src/components/payment/__tests__/SubscriptionPlanCard.spec.ts,different,frontend_product,ccf954764cd27910173c85d6ffe36fb147bdf9bc78477fadddd99e7bed3029a6,6c62075121624cbe98092f6ede1c14ca89017fb9409a398bb9c5550226b66178,
frontend/src/components/payment/__tests__/alipayDeepLink.spec.ts,same,frontend_product,574edce8e54eeff06bc96dbfd89ac8ccbc537bc681f998f704508ce03d5c6a98,574edce8e54eeff06bc96dbfd89ac8ccbc537bc681f998f704508ce03d5c6a98,
frontend/src/components/payment/__tests__/currency.spec.ts,same,frontend_product,7168d75c7cbccafc011aa9d9a0e4636194ec2e76d54bd3cc2bacaaecffbb63fb,7168d75c7cbccafc011aa9d9a0e4636194ec2e76d54bd3cc2bacaaecffbb63fb,
frontend/src/components/payment/__tests__/paymentFlow.spec.ts,same,frontend_product,c21988bde375303b36d7981c5aa4df9f6e75319662dd54b3a05bec76e35d884a,c21988bde375303b36d7981c5aa4df9f6e75319662dd54b3a05bec76e35d884a,
frontend/src/components/payment/__tests__/providerConfig.spec.ts,same,frontend_product,c2711394b8a3bb0ca0489d102d8d50e4d228266d5acf1df5c1b0ca68b020a4a6,c2711394b8a3bb0ca0489d102d8d50e4d228266d5acf1df5c1b0ca68b020a4a6,
frontend/src/components/payment/__tests__/validity.spec.ts,same,frontend_product,66a024946b13c1662b6fc95eefd0c9d897cd1494851731ab3c1ed4bf9b964519,66a024946b13c1662b6fc95eefd0c9d897cd1494851731ab3c1ed4bf9b964519,
frontend/src/components/payment/alipayDeepLink.ts,same,frontend_product,38f78a8a1ba8dcfed4ef5cc31573a010a8d82e8f57da0878271f32691db1ce3c,38f78a8a1ba8dcfed4ef5cc31573a010a8d82e8f57da0878271f32691db1ce3c,
frontend/src/components/payment/currency.ts,same,frontend_product,c63b12e020643144adfc97b89b793c7c3588bce4f16c9547a2e813349c4bea5b,c63b12e020643144adfc97b89b793c7c3588bce4f16c9547a2e813349c4bea5b,
frontend/src/components/payment/orderUtils.ts,same,frontend_product,ea12bc98af0e1af65b0a7567d4681cb9db29734724221954dae61eef89d0cb74,ea12bc98af0e1af65b0a7567d4681cb9db29734724221954dae61eef89d0cb74,
frontend/src/components/payment/paymentFlow.ts,same,frontend_product,02cf90df56471428d6141eebddc0fa6f7fd050d05bc045d39d21c271d9243dc6,02cf90df56471428d6141eebddc0fa6f7fd050d05bc045d39d21c271d9243dc6,
frontend/src/components/payment/providerConfig.ts,same,frontend_product,374e62f504b504dfa1273aab563bcdc2a69f272cbc6269a7a868bde48d0ac428,374e62f504b504dfa1273aab563bcdc2a69f272cbc6269a7a868bde48d0ac428,
frontend/src/components/payment/validity.ts,same,frontend_product,a2060a228f2c2e61ad41f94798a0bca41b2efad2641ecfdab3312f3beb456184,a2060a228f2c2e61ad41f94798a0bca41b2efad2641ecfdab3312f3beb456184,
frontend/src/components/platforms/AvailablePlatformsTable.vue,current_only,frontend_product,,65d0d43c03a5ef748b2887713cc220a364307d0fd4cf9ae754aa1b1604463efd,
frontend/src/components/user/MonitorDetailDialog.vue,different,frontend_product,3dc0a48f875c26e69d3b57270f1f556c925c0421f5713e80676c5b62250f46a6,55dd96c78ee69fa8868516a9f0cb0a93556f9b69ff6347a29f3f88c71a826b92,
frontend/src/components/user/PlatformCostCell.vue,same,frontend_product,b700c15f4739fcfac8b4fe05f39a0734bba3e73c61253d4b3c6aa887441083fc,b700c15f4739fcfac8b4fe05f39a0734bba3e73c61253d4b3c6aa887441083fc,
frontend/src/components/user/PlatformUsageBreakdown.vue,same,frontend_product,3e761ba72336b508a4b47c1f8f9c43d6773788209a62db4a6a028efd595c373e,3e761ba72336b508a4b47c1f8f9c43d6773788209a62db4a6a028efd595c373e,
frontend/src/components/user/UserAttributeForm.vue,same,frontend_product,7990db119e99a109a75db2e6c803dae41b2f954a47543033b7f7d71db60ff5a4,7990db119e99a109a75db2e6c803dae41b2f954a47543033b7f7d71db60ff5a4,
frontend/src/components/user/UserAttributesConfigModal.vue,same,frontend_product,25b0f99f1fd3b0de745ecb3463de4c2e46a0d4afe60a690c90547c0b1e1295b7,25b0f99f1fd3b0de745ecb3463de4c2e46a0d4afe60a690c90547c0b1e1295b7,
frontend/src/components/user/UserConcurrencyCell.vue,same,frontend_product,74e906ab57dd5ed099cdd5d89af84074ed12793cf6adfdfefc7d1bf5a7de4d98,74e906ab57dd5ed099cdd5d89af84074ed12793cf6adfdfefc7d1bf5a7de4d98,
frontend/src/components/user/UserErrorDetailModal.vue,same,frontend_product,44597fc7b3b6e7d0c588076f8b0b8d88a0a0d0ffcac5c35befa6f98e860562c1,44597fc7b3b6e7d0c588076f8b0b8d88a0a0d0ffcac5c35befa6f98e860562c1,
frontend/src/components/user/UserErrorRequestsTable.vue,different,frontend_product,4185fe9fc66ea2e6b9866448ef41cd4e2672fb7b7c007461f8520552c1d9d36e,1cbb0418db5ef1a1c1c18b2c7bef13efbe745922618586737aeabaee7bfb9ede,
frontend/src/components/user/UserPlatformQuotaCell.vue,same,frontend_product,6161021997150bae0e3258bf768ccb1cc38003d194c7294b55e2bcc2a30ded43,6161021997150bae0e3258bf768ccb1cc38003d194c7294b55e2bcc2a30ded43,
frontend/src/components/user/__tests__/MonitorCard.quota.spec.ts,official_only,frontend_product,7c7c802381c154cbf9769a86164ecb8cb3bb63537273e55c28314608c814129c,,
frontend/src/components/user/__tests__/UserPlatformQuotaCell.spec.ts,same,frontend_product,bb1e83d96473deaeff6b7eddf2ab7718a7548503f1994521d0de7457216f7831,bb1e83d96473deaeff6b7eddf2ab7718a7548503f1994521d0de7457216f7831,
frontend/src/components/user/dashboard/UserDashboardCharts.vue,same,frontend_product,a5157725ce07c37d5cc9b4d8bb7b1cd511772405d7e907e969f0fe6864cfeba8,a5157725ce07c37d5cc9b4d8bb7b1cd511772405d7e907e969f0fe6864cfeba8,
frontend/src/components/user/dashboard/UserDashboardQuickActions.vue,same,frontend_product,ea2333c7331e81ef9080f8f5ccc247f3c9b7d7116941b54e05cc25cc403000b1,ea2333c7331e81ef9080f8f5ccc247f3c9b7d7116941b54e05cc25cc403000b1,
frontend/src/components/user/dashboard/UserDashboardRecentUsage.vue,same,frontend_product,e81a73bac43abdeeb38c6bd06086c208b4b9a816b7c164eabc3fc85a4d3f9c8c,e81a73bac43abdeeb38c6bd06086c208b4b9a816b7c164eabc3fc85a4d3f9c8c,
frontend/src/components/user/dashboard/UserDashboardStats.vue,different,frontend_product,73c55e8ed36ec1d81505fe295f5f26578a1f265d38649e7cf38813eb7c4d23eb,1fb3bb7b146a962c93b29eb0c6aa5d4f2da0be88920b01150ec82b8cd59426f7,
frontend/src/components/user/dashboard/UserSubscriptionSummaryCard.vue,current_only,frontend_product,,2b409d812eb6923ad860e660ce1831acf47d2da9b0664e2b7bff5a826fdf0a57,
frontend/src/components/user/dashboard/__tests__/UserDashboardStats.spec.ts,current_only,frontend_product,,22ada39dd40fa2ccfa054c641b4b3ebeff8898ea9649ff42d590033a4d734181,
frontend/src/components/user/dashboard/__tests__/UserSubscriptionSummaryCard.spec.ts,current_only,frontend_product,,6deca991c646ee8711933755f4ea456af052b25f13f41091a5ed5a5dc30a05a7,
frontend/src/components/user/monitor/MonitorAvailabilityRow.vue,same,frontend_product,787cd871cad53174415ce3fabf1af6cf4700f8d4c19bfaea5852dc76bf893223,787cd871cad53174415ce3fabf1af6cf4700f8d4c19bfaea5852dc76bf893223,
frontend/src/components/user/monitor/MonitorCard.vue,different,frontend_product,e082cc6ec072d582679f4806a889e39635cd0cfc51c6ab813fe690107e6b12d2,cf81f7d3245ed0f8fdcc1d3447f226755c311dc4bf7907eaabfea64b99be84e7,
frontend/src/components/user/monitor/MonitorCardGrid.vue,same,frontend_product,7c498ab0f3d098948f4ab1fe0447f09fcd051087e544f73f15c3d94f378a1213,7c498ab0f3d098948f4ab1fe0447f09fcd051087e544f73f15c3d94f378a1213,
frontend/src/components/user/monitor/MonitorHero.vue,same,frontend_product,8a41547d10e569ce0a6ef84c11a173954e4618f89a18afe8eb6d3d9203a10da7,8a41547d10e569ce0a6ef84c11a173954e4618f89a18afe8eb6d3d9203a10da7,
frontend/src/components/user/monitor/MonitorMetricPair.vue,same,frontend_product,85f148b95918e4b72fffb7237de4fa36692790b12f6986e1cef4a4de456e2566,85f148b95918e4b72fffb7237de4fa36692790b12f6986e1cef4a4de456e2566,
frontend/src/components/user/monitor/MonitorTimeline.vue,same,frontend_product,5eae75f7d4488e2b4bc0657a08359bfbf6e9ebf7d804962ea6ee40a5791cafb8,5eae75f7d4488e2b4bc0657a08359bfbf6e9ebf7d804962ea6ee40a5791cafb8,
frontend/src/components/user/monitor/ProviderIcon.vue,different,frontend_product,5b99efe02dddbf3e7e6c6f5658765043681249190271121244719afc8afb9abb,ac71f42616196904fcb860e35ffafecd4208f59e51ce49ca17691db23eaa02cb,
frontend/src/components/user/profile/ProfileAccountBindingsCard.vue,same,frontend_product,8c0a8946ee5ba43a0f3060eba13b91f1998044a3170284fadd82f8e3ce2e1b89,8c0a8946ee5ba43a0f3060eba13b91f1998044a3170284fadd82f8e3ce2e1b89,
frontend/src/components/user/profile/ProfileAvatarCard.vue,same,frontend_product,9b55fdf4efaa297f281be5889f0293cde0decf666201b78b11f3b4ad364132ad,9b55fdf4efaa297f281be5889f0293cde0decf666201b78b11f3b4ad364132ad,
frontend/src/components/user/profile/ProfileBalanceNotifyCard.vue,same,frontend_product,d022c173865de6a62ea1293459416198e81f3cbcbca2a3f2accb1905b09036ef,d022c173865de6a62ea1293459416198e81f3cbcbca2a3f2accb1905b09036ef,
frontend/src/components/user/profile/ProfileEditForm.vue,same,frontend_product,c574ccb86161b15cad95a3c000fa61193f7b5ca3ffc9b430724d908f8e9b46c8,c574ccb86161b15cad95a3c000fa61193f7b5ca3ffc9b430724d908f8e9b46c8,
frontend/src/components/user/profile/ProfileIdentityBindingsSection.vue,same,frontend_product,f93bc7d07d96e377a855a45f6c758ac60dd3427fca82a626ca4575622ec978ee,f93bc7d07d96e377a855a45f6c758ac60dd3427fca82a626ca4575622ec978ee,
frontend/src/components/user/profile/ProfileInfoCard.vue,same,frontend_product,e84150c14bded738ce52c239e3fc95e74fe8d2ae3bac94a8a1c0d78189cdab30,e84150c14bded738ce52c239e3fc95e74fe8d2ae3bac94a8a1c0d78189cdab30,
frontend/src/components/user/profile/ProfilePasskeyCard.vue,same,frontend_product,7abb606f62b451e0633f1ae795fdf2bfe6792ff5f1b4e6d46167f881a19f5865,7abb606f62b451e0633f1ae795fdf2bfe6792ff5f1b4e6d46167f881a19f5865,
frontend/src/components/user/profile/ProfilePasswordForm.vue,same,frontend_product,99db3e28b03922ca86ff93bbb65eec3715b3a3453f716f8be98c24a84a250f4e,99db3e28b03922ca86ff93bbb65eec3715b3a3453f716f8be98c24a84a250f4e,
frontend/src/components/user/profile/ProfileTotpCard.vue,same,frontend_product,796ef18e5440dd0a89b4cdec113bcc7c76e7091e3786010968a1c974eb5bbafc,796ef18e5440dd0a89b4cdec113bcc7c76e7091e3786010968a1c974eb5bbafc,
frontend/src/components/user/profile/TotpDisableDialog.vue,same,frontend_product,a6e4a6d6bfbd30c4653031268947ad28ddffc65d485bd60642aa790f1e59efa7,a6e4a6d6bfbd30c4653031268947ad28ddffc65d485bd60642aa790f1e59efa7,
frontend/src/components/user/profile/TotpSetupModal.vue,same,frontend_product,d6b8fbb7eb66c6fd02f83fb459e47d6c4044e7141ea06e08ec61397a252833c6,d6b8fbb7eb66c6fd02f83fb459e47d6c4044e7141ea06e08ec61397a252833c6,
frontend/src/components/user/profile/__tests__/ProfileAvatarCard.spec.ts,same,frontend_product,cc1d2dbfe84de81a811cd4263ffec8112eb8d9a032b70f5df507fdd0093a5f35,cc1d2dbfe84de81a811cd4263ffec8112eb8d9a032b70f5df507fdd0093a5f35,
frontend/src/components/user/profile/__tests__/ProfileIdentityBindingsSection.spec.ts,same,frontend_product,1a5c5a8c81db8dc0d482c091da272aa962e811c3a90e881f4536b234a4a60f90,1a5c5a8c81db8dc0d482c091da272aa962e811c3a90e881f4536b234a4a60f90,
frontend/src/components/user/profile/__tests__/ProfileInfoCard.spec.ts,same,frontend_product,8dfd41f43577d76bc8009d62d6f1299a63f93a1d3be02c611b9ab0f5c80f06be,8dfd41f43577d76bc8009d62d6f1299a63f93a1d3be02c611b9ab0f5c80f06be,
frontend/src/components/user/profile/__tests__/ProfilePasswordForm.spec.ts,same,frontend_product,e8aee4a93f44971c5c54bb140ae16f0123a23166c2e2e3824ce6a24da7a5b180,e8aee4a93f44971c5c54bb140ae16f0123a23166c2e2e3824ce6a24da7a5b180,
frontend/src/components/user/profile/__tests__/totp-timer-cleanup.spec.ts,same,frontend_product,faa1deba52b4c5140fb3f4a5ae09a711b32d9328bd9b6537f6eb4a754616c5ea,faa1deba52b4c5140fb3f4a5ae09a711b32d9328bd9b6537f6eb4a754616c5ea,
frontend/src/composables/__tests__/useAntigravityOAuth.spec.ts,same,frontend_product,ca8a9fdfb8a581434615582b32c1cca2d9730095cff00e22d977282329008a55,ca8a9fdfb8a581434615582b32c1cca2d9730095cff00e22d977282329008a55,
frontend/src/composables/__tests__/useClipboard.spec.ts,same,frontend_product,bfbe4ba2ef23d4d98bd5a421f8109e85ebb1a31aa97884e2ea5afea2c0b5d883,bfbe4ba2ef23d4d98bd5a421f8109e85ebb1a31aa97884e2ea5afea2c0b5d883,
frontend/src/composables/__tests__/useForm.spec.ts,same,frontend_product,ef10f27527a527d160a949532756c9c16a999c63f7777c82c801c1a29195eaa0,ef10f27527a527d160a949532756c9c16a999c63f7777c82c801c1a29195eaa0,
frontend/src/composables/__tests__/useGrokOAuth.spec.ts,different,frontend_product,a2b966ea59b506b400dec4787dc9941bd518ba3f71f785af43342813009b32c0,0e15c95302c64c91d799ec23deb1cd835231528f0fc3d3abab88e78f7fc3981f,
frontend/src/composables/__tests__/useKeyedDebouncedSearch.spec.ts,same,frontend_product,a6a2978c1f0bd82c8501af937313669f9bb40d05fe9643846b00febf9cb0fbe7,a6a2978c1f0bd82c8501af937313669f9bb40d05fe9643846b00febf9cb0fbe7,
frontend/src/composables/__tests__/useModelWhitelist.spec.ts,different,frontend_product,8d01618a105803169bc70e01122abf2fd99c3c164d0a5f46e597db465f71a5bf,537fe50d00b6a447ffb0fa47799c9038ae06762cab30b92d2e30f816902a1372,
frontend/src/composables/__tests__/useNavigationLoading.spec.ts,same,frontend_product,bac8803fc075e3addea722dc2ae9ed80112dc6fd47d8e248b0b318733852deac,bac8803fc075e3addea722dc2ae9ed80112dc6fd47d8e248b0b318733852deac,
frontend/src/composables/__tests__/useOpenAIOAuth.spec.ts,same,frontend_product,d731c2ef62ffbde77ba3b7f9d70188d636ab8f762615eee8062e38fd1859ddbb,d731c2ef62ffbde77ba3b7f9d70188d636ab8f762615eee8062e38fd1859ddbb,
frontend/src/composables/__tests__/usePersistedPageSize.spec.ts,same,frontend_product,bb8163e09b6489eff7053408f942552876ad8bb4d76134d021d0b63aab5ebd0a,bb8163e09b6489eff7053408f942552876ad8bb4d76134d021d0b63aab5ebd0a,
frontend/src/composables/__tests__/useRoutePrefetch.spec.ts,different,frontend_product,d418206377ab286d669db567d022e58b0dae111b6d9e7b53f6e6463f0e76e126,bb111d8d1238270f0827114fec4a68839cd1d15cfecc7a029ea36daade0ddeb1,
frontend/src/composables/__tests__/useStepUp.spec.ts,same,frontend_product,390efc75a27ff059a35c3e00ae6f11520dc51d31ba118d35f7b92cd03618e8a8,390efc75a27ff059a35c3e00ae6f11520dc51d31ba118d35f7b92cd03618e8a8,
frontend/src/composables/__tests__/useSwipeSelect.spec.ts,same,frontend_product,a3848a7913bbd3d63f7168d7597b9a3dc89d9a88d77467d7550989895d83e290,a3848a7913bbd3d63f7168d7597b9a3dc89d9a88d77467d7550989895d83e290,
frontend/src/composables/__tests__/useTableLoader.spec.ts,same,frontend_product,ce7fafebd195e1f5c7d8844728e89ddc6e6af609b0e241626c9a5d36d3a68f0b,ce7fafebd195e1f5c7d8844728e89ddc6e6af609b0e241626c9a5d36d3a68f0b,
frontend/src/composables/useAccountOAuth.ts,different,frontend_product,a0f13132f3a671614b52c414bc097ab01577e45c18649ebb31c81b10f437146f,cdac482e7993bdead8428bd37651fd55fde593f6ff41c42eac16df90ebf16611,
frontend/src/composables/useAntigravityOAuth.ts,same,frontend_product,81faa77260a12b1c2a9627419ca3d92694c772d3d5f79f315e38715865db4808,81faa77260a12b1c2a9627419ca3d92694c772d3d5f79f315e38715865db4808,
frontend/src/composables/useAutoRefresh.ts,same,frontend_product,b9e8f18ae00297057c8460a5d0df3704956a6f1e72bf5b293374d0c6d11e0e9e,b9e8f18ae00297057c8460a5d0df3704956a6f1e72bf5b293374d0c6d11e0e9e,
frontend/src/composables/useBatchImageAccess.ts,different,frontend_product,2bb576fedff392f6125b4a096c9f94dcfac5c3cdf9017c3ab63ec8d077579cd2,2b97b89b4d77e5176aa8eb7764d045e6ab5e4d20abd56163423fcde8eaf21869,
frontend/src/composables/useChannelMonitorFormat.ts,different,frontend_product,b2cdf13eabfae9bffb1563b1cab8576c24de2a5c58c4a2c19b4a4a1dcf4dfa6b,e3ba17b440647145146d83052bed37d2716f2ec190c320b209f4e62d7a520b67,
frontend/src/composables/useClipboard.ts,same,frontend_product,9147aae49df7a0a2e891cf41acd598f65a12b4ba3340e9e9898efd1ca773e019,9147aae49df7a0a2e891cf41acd598f65a12b4ba3340e9e9898efd1ca773e019,
frontend/src/composables/useForm.ts,same,frontend_product,825c1a2006b940929913c51d6966eedb74338ae414c50f83bbfacd3a33381552,825c1a2006b940929913c51d6966eedb74338ae414c50f83bbfacd3a33381552,
frontend/src/composables/useGeminiOAuth.ts,same,frontend_product,dd4ec5e07e3982deb469e6415da06e7180c23ad6fb86ff2ed46d4f4de805f36f,dd4ec5e07e3982deb469e6415da06e7180c23ad6fb86ff2ed46d4f4de805f36f,
frontend/src/composables/useGrokOAuth.ts,different,frontend_product,911eba898ee437e5f8293134134b6d6e845af8b24d6fbbf0c8b002cfc490add0,23e9241a1d2d01ff36ac32eccbc8c62ebb91617aab5d800a0b1a05094c218042,
frontend/src/composables/useKeyedDebouncedSearch.ts,same,frontend_product,5dfef9a4abb88833baee7947628775c32a586c43faca4ccdf9122cbe86852660,5dfef9a4abb88833baee7947628775c32a586c43faca4ccdf9122cbe86852660,
frontend/src/composables/useModelWhitelist.ts,different,frontend_product,b6aa9b2128a48f1d7a57d26412b46af864d23a8a67c88911b194cc58b089ac14,4dcdd3ba9de6652d751db0e6585bbd530f765a98623d418622206ba55ed1a4e2,
frontend/src/composables/useNavigationLoading.ts,same,frontend_product,0d544fc5cd439c9e7eecc8393e1802e92e28bacc0593f721bca5571062517d46,0d544fc5cd439c9e7eecc8393e1802e92e28bacc0593f721bca5571062517d46,
frontend/src/composables/useOnboardingTour.ts,same,frontend_product,42d227d9d23f87d40d3a022d169445d696ffbc4000ee9a7cf3f3d7669fc3b775,42d227d9d23f87d40d3a022d169445d696ffbc4000ee9a7cf3f3d7669fc3b775,
frontend/src/composables/useOpenAIOAuth.ts,same,frontend_product,da8198599fd35bd95d697b70bce9d5c0ff5692c232b77bc574ec54b721b99c4a,da8198599fd35bd95d697b70bce9d5c0ff5692c232b77bc574ec54b721b99c4a,
frontend/src/composables/usePersistedPageSize.ts,same,frontend_product,ea52e70880a243d13662dd3fa424121e0a2e67f4482cfe425790c3d7ce567b28,ea52e70880a243d13662dd3fa424121e0a2e67f4482cfe425790c3d7ce567b28,
frontend/src/composables/usePersistedViewState.ts,current_only,frontend_product,,4f8b7500f5812f8f04463991a631004f333143beaa9904b837cabc01343b3a9e,
frontend/src/composables/useQuotaNotifyState.ts,same,frontend_product,14577e43424a5b85954614502c85f33cf8f5cb623eead7b580d56dee53af52cf,14577e43424a5b85954614502c85f33cf8f5cb623eead7b580d56dee53af52cf,
frontend/src/composables/useRoutePrefetch.ts,different,frontend_product,0f1e3c19245dd1629e7e1c1a3408ab5a8b904adb92dce9a60ff2c7848e2403fa,54d602533ce34511abc40580c1a0ed8fb33fe1f2d90ec81488c88601b7d8f7e4,
frontend/src/composables/useStepUp.ts,same,frontend_product,7fa7ddc3783fa3b1e4414e4a554e1cdf9dcda8db9b870d2540f304d24e5717a9,7fa7ddc3783fa3b1e4414e4a554e1cdf9dcda8db9b870d2540f304d24e5717a9,
frontend/src/composables/useSwipeSelect.ts,same,frontend_product,20de2340c4bd7951597fbdaf88b67d7b24f61eca775048e99acb38442ec67bc7,20de2340c4bd7951597fbdaf88b67d7b24f61eca775048e99acb38442ec67bc7,
frontend/src/composables/useTableLoader.ts,same,frontend_product,312b02aef5292521a35797fbc7aed4df668ffd5029f6412ba32ddeaa35a868f3,312b02aef5292521a35797fbc7aed4df668ffd5029f6412ba32ddeaa35a868f3,
frontend/src/composables/useTableSelection.ts,same,frontend_product,b48ab3ad61bbcbc8521af0437c3c0669a5b57485dd1f8ad30e0341672bed7981,b48ab3ad61bbcbc8521af0437c3c0669a5b57485dd1f8ad30e0341672bed7981,
frontend/src/constants/__tests__/platforms.spec.ts,official_only,frontend_product,fd766c7412d586dc56e89e6d32158447e1e6c918ac80bc57037d69e0d81ebaa0,,
frontend/src/constants/account.ts,same,frontend_product,feb3539e65dc40ba669b169a4a1cac03b67b2fffe8787bb900641afb825a4040,feb3539e65dc40ba669b169a4a1cac03b67b2fffe8787bb900641afb825a4040,
frontend/src/constants/channel.ts,official_only,frontend_product,ab1908ca6ea970d5ca7c3e3ea4305806cb109d4a374837df8118c05c0eb90ac9,,
frontend/src/constants/channelMonitor.ts,different,frontend_product,7524e60860c88ffb7f4b4b559c8de0a1a5930839b147909ced1c011facb47afd,247c1f4388fa0f1920c140d8a07b52e9789afa52fad803a3fe5561af17a4e35b,
frontend/src/constants/platforms.ts,official_only,frontend_product,967fb366a66883660953b10a8f26f13e7cfe0f43626defbc15e5ecdad03ea9e8,,
frontend/src/features/channel-monitor-v2/FilterMultiSelect.vue,official_only,frontend_product,ebb9e431144e804a3a2225efa2decd771904a1056c787a0bad8fb54a5f1b4200,,
frontend/src/features/channel-monitor-v2/MetricCell.vue,official_only,frontend_product,069d2d34870830a722c68184063979fb1dc37fda0703852591361d20edae5f8e,,
frontend/src/features/channel-monitor-v2/MonitorRankBadge.vue,official_only,frontend_product,78c976119cf7a7deb5b544095ee9021624cb3a2529267f56f03f19592ec0c745,,
frontend/src/features/channel-monitor-v2/MonitorSettingsPanel.vue,official_only,frontend_product,1b056253df5ed59515450b18da951de2a89fb04bbdab4d97c660896cf835397e,,
frontend/src/features/channel-monitor-v2/MonitorTrendChart.vue,official_only,frontend_product,b7f4e9265711fefd57a6d4d14cd64e2a43789d377f7aea23e3dd6652eccc92e7,,
frontend/src/features/channel-monitor-v2/RelayPulseMatrix.vue,official_only,frontend_product,1f49a2ddfaf892654bc3cde678688130e3390c2d2418ca136b711a29465cd31b,,
frontend/src/features/channel-monitor-v2/__tests__/MetricCell.spec.ts,official_only,frontend_product,03616d7ea54b6ff14ff01e6e4da0e5e1d0f91ffdeddced35d325066c5b49413b,,
frontend/src/features/channel-monitor-v2/__tests__/RelayPulseMatrix.spec.ts,official_only,frontend_product,2cd1d47b88789f8be0edfe6558774cb094f586faf60c25ac9287c8178fdbfbbc,,
frontend/src/features/channel-monitor-v2/__tests__/designSystem.structure.spec.ts,official_only,frontend_product,510042b72ac3b3eb70b0dccb21b1fa31c6185e75664501ee11d87436a4634f92,,
frontend/src/features/channel-monitor-v2/__tests__/monitorFormat.spec.ts,official_only,frontend_product,77d79dcf4b6c8bfce2b2b9efdc8551ef8a923453218655222e362386842f394a,,
frontend/src/features/channel-monitor-v2/__tests__/monitorZoom.spec.ts,official_only,frontend_product,ebb990cb3a0920defe60e348d4d818a8c06a372c12b7e90e5e2934547acd3852,,
frontend/src/features/channel-monitor-v2/monitorFormat.ts,official_only,frontend_product,db21c12be3fbf8b9511a56d45ab18d16df5923ea54c79c46da77df6ae6eb4993,,
frontend/src/features/channel-monitor-v2/monitorZoom.ts,official_only,frontend_product,5cb27b4a038e7c2406bf4cf4fecb7131c8895ecf2ff9104986098dbfef0085ad,,
frontend/src/features/prompt-audit/PromptAuditView.vue,different,frontend_product,a7ac6cbed9ddb0a1a235f11a18beaef86365372bcfe4182e81d8e9d3be99c04f,26d65f72aa04a3273f27e734657b3752ea6f59922ce5a4eab2ccb481f00f145d,
frontend/src/features/prompt-audit/__tests__/PromptAuditView.spec.ts,different,frontend_product,7da42db0ca5019e337348898fd8a3454ed31afcfc980ebd3a76fa82e3031a391,10758ad0d114115ae63c52c014d16c677e8b3c572751c92b606dbccff73f3df4,
frontend/src/features/prompt-audit/__tests__/api.spec.ts,same,frontend_product,6f39ceff56f6b67b998be738a27932c3bc07aeccdcff07c35dd19247557043a0,6f39ceff56f6b67b998be738a27932c3bc07aeccdcff07c35dd19247557043a0,
frontend/src/features/prompt-audit/__tests__/components.spec.ts,different,frontend_product,cb70e6acb92a20200493ea1f20a4a4257838656021861be5181ede3be1969403,32c8436c2571279fa54e7723cb34b702825eb082577010d6a0723a3eabba6858,
frontend/src/features/prompt-audit/__tests__/integrationSurface.spec.ts,same,frontend_product,7f411b27064986e90db7e4ea50af96a731d6622f066db57d15c46ce6423412c7,7f411b27064986e90db7e4ea50af96a731d6622f066db57d15c46ce6423412c7,
frontend/src/features/prompt-audit/__tests__/viewModel.spec.ts,different,frontend_product,7a11a8bce6fb0a4ee53b5b2a8a59a53e4837f534ac64f51ddd02381a1829cc8d,ae40466e01dfee6cc9120ee58c6b02e0b704062a87fd893d966177be16917fe8,
frontend/src/features/prompt-audit/api.ts,different,frontend_product,ea04c899e59c869a681c4c21e4826065a7b5274fcb87cdc02ad0ebc0ba9f4dac,3acf59e9a59f531d519973da4265bf53561cf095aa6f699c4449221df85bc25a,
frontend/src/features/prompt-audit/components/EndpointPool.vue,same,frontend_product,9e784985f238ab1b1efc52237e8b0726a0b0437b39175ac2d9458a2a6ccab312,9e784985f238ab1b1efc52237e8b0726a0b0437b39175ac2d9458a2a6ccab312,
frontend/src/features/prompt-audit/components/EventDetailDialog.vue,different,frontend_product,a149c4d35457241eac2b343d6719c0724695297d07d155c046db8a6f6c34cc7d,aaf0ee8dac1096756a61ba7f17264e38bb133c3ace033f2534e7ddb127b380d6,
frontend/src/features/prompt-audit/components/EventWorkspace.vue,different,frontend_product,8d4828c98322e6acf87d17fbbcf68d233d9c8194364ec0c6f020ea45b9e262b3,e122ba8e53430a1f0c14b58657148779db6d7743b3e4ce88b1951ad2901cfa21,
frontend/src/features/prompt-audit/components/FilterDeleteDialog.vue,different,frontend_product,dc6f141e9375b05bf552d25b1232b78fb2d8e8ee22606781428e5db28cf29f2e,1a31796cf7dc1ac2b3db8276f078199cfa9b2352ad8beebaa33a58748128083e,
frontend/src/features/prompt-audit/components/PolicyPanel.vue,different,frontend_product,165101037761b139aa4a8a11a6b177c3520279a3df7b25ba78c8c79443a3c4c6,a70a191f6ef79314cbc5f990d9daa113226306e45941d36605fe1ba77337c6bf,
frontend/src/features/prompt-audit/components/RuntimeOverview.vue,same,frontend_product,e904a42d9d9a65daebfe817c1c3b10e5dd28392875dc42ea6df9afb44885107b,e904a42d9d9a65daebfe817c1c3b10e5dd28392875dc42ea6df9afb44885107b,
frontend/src/features/prompt-audit/types.ts,different,frontend_product,64008fa5283b8de4a4872a1f7188553114bf46df6a3fa68d094a9892dbf4c988,ca8667b6a0fb3d275322deb9f685dfae9ec0f84058398f368e0fc4f6e597392f,
frontend/src/features/prompt-audit/viewModel.ts,different,frontend_product,f05716427890eed53d464efcae8a2d908b039d924c477e62233a4ca8504082c4,a4223e088677f26ecc891bcc7057efaf3a3c1f6c493b782d703ee27bc405d601,
frontend/src/i18n/__tests__/ipGeoLocales.spec.ts,same,frontend_product,69263feb5508cdc37235e4a35697f8c42d9a3bc4c004b93f8c0851bee9c464f5,69263feb5508cdc37235e4a35697f8c42d9a3bc4c004b93f8c0851bee9c464f5,
frontend/src/i18n/__tests__/localesMessageCompile.spec.ts,same,frontend_product,dd45b4a14e1161677a57c37f8f513a35cce2f4a62abeec57a0875163e3b4817d,dd45b4a14e1161677a57c37f8f513a35cce2f4a62abeec57a0875163e3b4817d,
frontend/src/i18n/__tests__/localesNoKeyCollision.spec.ts,same,frontend_product,9eef5f69e5c414104f10d0008213ca455970fc19fce953046f87fdbf5556154e,9eef5f69e5c414104f10d0008213ca455970fc19fce953046f87fdbf5556154e,
frontend/src/i18n/__tests__/openaiFastPolicyLocales.spec.ts,different,frontend_product,63b1355a709da55440bdce9b6b230d233ae4993e07e0cce928359fdd9c0b1c87,21dc6e04d1c61709e62f0df62d297e59e238536e0c2306af1fdeeca4105e65e7,
frontend/src/i18n/__tests__/opsLocaleKeys.spec.ts,different,frontend_product,38b9125a7657f8eaebc2b93271cd1705bd92e7eb7e97ed9d36b1fdc435efcaf0,c16d70a50d500d46a5869ba92d2e0461192ca243ea069d69f6a6a1e12e130879,
frontend/src/i18n/__tests__/riskControlLocales.spec.ts,same,frontend_product,c5b9ea52f89a2c896982b4d3a414a9d51475b38209ffa842a29dc74804953e57,c5b9ea52f89a2c896982b4d3a414a9d51475b38209ffa842a29dc74804953e57,
frontend/src/i18n/__tests__/subscriptionPurchaseSemantics.spec.ts,current_only,frontend_product,,0aa552e724fd55666ec999407ce44cc95509cb7b23924b6e0db010c1cc74d2b1,
frontend/src/i18n/__tests__/subscriptionSummaryLocales.spec.ts,current_only,frontend_product,,e70880f794c810c4e4c0362a0df8119f75c2f344760dded4943b820418781ca3,
frontend/src/i18n/__tests__/usageServiceTierLocales.spec.ts,same,frontend_product,009c53d195a044f6bf7371998265a0152e4668b625d7dc7348471893259c5afb,009c53d195a044f6bf7371998265a0152e4668b625d7dc7348471893259c5afb,
frontend/src/i18n/__tests__/wsModeLocaleDesc.spec.ts,same,frontend_product,b85a0d4382a68d98c4b633c87053b5a72914b3035b712efe5ab4bd6dd869eb6f,b85a0d4382a68d98c4b633c87053b5a72914b3035b712efe5ab4bd6dd869eb6f,
frontend/src/i18n/index.ts,same,frontend_product,0676172d892817819165b9bf657288727a3bae77431d563ba1638e30133d25e7,0676172d892817819165b9bf657288727a3bae77431d563ba1638e30133d25e7,
frontend/src/i18n/locales/en/admin/accounts.ts,different,frontend_product,e832971d945f94df6931aae7003dbcfec3332777a042eda52d12164b6bfb6b69,5ed9748aaa61037caada37f46eaf3d40034392717c6d240369ab79f8b9b3a496,
frontend/src/i18n/locales/en/admin/audit.ts,same,frontend_product,c5cf0edf17bd03ba49065b1cddad02a59fbdd5b76ef9d54051e5110023d4e88d,c5cf0edf17bd03ba49065b1cddad02a59fbdd5b76ef9d54051e5110023d4e88d,
frontend/src/i18n/locales/en/admin/channels.ts,different,frontend_product,4f656fd340d35b74e15d84961c9be22f3b2605953cdbecb70c27388b40114ef5,71fcd7d3a0b27e361e1d053120861d4eec4f756c281c12dafb1dc3e076264467,
frontend/src/i18n/locales/en/admin/index.ts,different,frontend_product,23219023b7dc990bc4a2e2d4428024ad1b077f48988560a037305c8d879e9c9a,1267a3ee928d7c8d22a795f95982870dc9f2804471e03c1d65e7ed498b198674,
frontend/src/i18n/locales/en/admin/modelPricing.ts,current_only,frontend_product,,1459967bdf7b4dc3cf3355eb33e9b87bf57e3ea842acbc499798f7f2650b4dc0,
frontend/src/i18n/locales/en/admin/ops.ts,different,frontend_product,59ff494240a3a2b37f68c5ca16dfb73771fcaa71147035c364e10d2e52a192c3,bd1e3f5011bec70049f4394a8fdb6301dcd3b316dd8c538575f42d5800ce1cc0,
frontend/src/i18n/locales/en/admin/overview.ts,different,frontend_product,85625b5dc989e7a003ce5e98009dad39ac03e0861a79d285a461bcc871b8a033,642c9d0eb210459d8f8d6a3136f657ffd4ea665d24690d9498ce508ff71eae01,
frontend/src/i18n/locales/en/admin/platforms.ts,current_only,frontend_product,,d7787b51561d69eaaf287c41800806930262bc156d5c001300bc7ed652a0ca5e,
frontend/src/i18n/locales/en/admin/plugins.ts,official_only,frontend_product,80cabf0b96254a40ddffeaeef24d416913c5ab592278bf68a02644a7ee6e4787,,
frontend/src/i18n/locales/en/admin/promptAudit.ts,different,frontend_product,95d98164d75c49def4a984e63cbf227cfd09915f08f11048da3c26f46ec0ca02,56bda04b111ff0535989742d48aa65ed324560ff26cb61a1cdc927d80c5b760c,
frontend/src/i18n/locales/en/admin/resources.ts,different,frontend_product,aaee4f81e8594286915dea6261f17909587b7025efe5bc8346ded8fe105e428f,57464cde87f501fe2cbf71cc07d5ff89f819ba9259f1a23bfedb36abe848ff0a,
frontend/src/i18n/locales/en/admin/settings.ts,different,frontend_product,b9982000ef58b28ed19fb0921c44305ea5043c043189c4e7ad520edbd1064087,684bdfd8dee97dd511ad281672758f0b395fb247ed525d95770206f215c23372,
frontend/src/i18n/locales/en/batchImage.ts,different,frontend_product,01fd35ee72a3df88e5e4923090186c957e0df6d2d58821f353e17429ed777e5d,e279812ccb315b4dc59c2f4a582ac399baf74ade576268720cdf469b79fe054f,
frontend/src/i18n/locales/en/channelMonitorV2.ts,official_only,frontend_product,b2b6bff6d5bb716fde2ec948067bae4de6f94d141a14c5ebe1c1620f32e81f4b,,
frontend/src/i18n/locales/en/common.ts,different,frontend_product,a072c3d2f50bf9115c9e49253b3bc867ce990a4b63e8885c4e08527435e84055,62018c98e1a1a7e51147c9f1d0a8cb0ce35f70308c577b50798df85ded6086b9,
frontend/src/i18n/locales/en/dashboard.ts,different,frontend_product,9ecd097194a438febe0dd5c6b9985942b46c496da532fabb1918c1e0647e114c,25178d31df365db92413339568b65355ec41998654ed878faa470edfb2ab5647,
frontend/src/i18n/locales/en/index.ts,different,frontend_product,1394d6e52f83a428060b71d598de46b6624dd8d78bf925d12abfb57adbf7fe0d,f6cfc637e1cadb3398273fb6fcf6e5f53084b38090eca3b97155c8faad547ece,
frontend/src/i18n/locales/en/landing.ts,same,frontend_product,ad0a609599a38b2112f2de7ccb76b3286c83c369bafe2e992cf59268919b66db,ad0a609599a38b2112f2de7ccb76b3286c83c369bafe2e992cf59268919b66db,
frontend/src/i18n/locales/en/misc.ts,different,frontend_product,199f1f0d03f5bd9faf220d3401c8fbc7205f3174461e6e0162cff87376588469,b9a0785c399e3d9642848346dbff6cf91de957cbfe241371bd936822f68958d7,
frontend/src/i18n/locales/zh/admin/accounts.ts,different,frontend_product,16a2c5532a4b28d8bcfe461b1c4303889009ab383714a67e194cad32da8b83cd,46ceef58e0f254cf30c7f7d6b7a911e36636d31cc08dc0bfa004e7eb8c494500,
frontend/src/i18n/locales/zh/admin/audit.ts,same,frontend_product,d363dd7c8c9a5f37100b7a8fe8277d02b1ca5c789d8e5473338e028c140a42c7,d363dd7c8c9a5f37100b7a8fe8277d02b1ca5c789d8e5473338e028c140a42c7,
frontend/src/i18n/locales/zh/admin/channels.ts,different,frontend_product,5d707b607b8c42d2efbf416550446bd52b489596d89b9ea15d4d6619a347d695,29ecd0d75d26466303e1044e1eb87f76fbab4aa9f4a76d730abf985a17a62b45,
frontend/src/i18n/locales/zh/admin/index.ts,different,frontend_product,23219023b7dc990bc4a2e2d4428024ad1b077f48988560a037305c8d879e9c9a,1267a3ee928d7c8d22a795f95982870dc9f2804471e03c1d65e7ed498b198674,
frontend/src/i18n/locales/zh/admin/modelPricing.ts,current_only,frontend_product,,9f63f7716e6593f092183c53811146d9a2b828e0b77cfc6c9fe9054b66478464,
frontend/src/i18n/locales/zh/admin/ops.ts,different,frontend_product,9d8726a87199d65b2e11f78e8ca0f0380954d33e3cef8da22351a9dc80b15f45,edee1fa878de801987cded129ed6a06d2ba9341c8156520d2f79605b9d4e9e5d,
frontend/src/i18n/locales/zh/admin/overview.ts,different,frontend_product,c2fb6c35b774e417cff022accff82a605f8fa8a3604c2ac6c4fbb14a74ff9d45,54bdd836d137ffb80999e63cd6f2ace93f9d4577825cb45208d893d68121143f,
frontend/src/i18n/locales/zh/admin/platforms.ts,current_only,frontend_product,,7b18dfa7c5666e88c748291349472e77758088fda266e8d42f1b4bea9d924448,
frontend/src/i18n/locales/zh/admin/plugins.ts,official_only,frontend_product,e17bfd16cba177c2c1ea71976d4ab6684184b0d7dd314ac4612abb5c6b87b99a,,
frontend/src/i18n/locales/zh/admin/promptAudit.ts,different,frontend_product,077954975f8a6e8491c3551b1af3f66704b6c723df2b6e97a7aa8eb87aa1f837,c0325e556a3e40226e1a7d85113e4cd8cf37afe1186bdd4afb69b83dfbb39cef,
frontend/src/i18n/locales/zh/admin/resources.ts,different,frontend_product,5624ed4ff6b3fe40ec56d8ae4101378c3e8a3fba881552ce0aa688c6b21999fb,e383dd3233134a4db8414d9774e31de229f63fd3cf38d21e89dd7af546ea08ef,
frontend/src/i18n/locales/zh/admin/settings.ts,different,frontend_product,418382d284e2b90d9b56b06fb77851247ad9f75a0f6379f8f640ff45ec7036a5,d12f3cf1fae0a0f5021e35f49d7b84568fe2791b06b0ba351c0a92320f0c3c2a,
frontend/src/i18n/locales/zh/batchImage.ts,different,frontend_product,ff189dab0650168958a46a0c471a43e47dc5c43c418b9b13a1c1e73d08422d64,7716350f23454f2c52a096be9316defc785fac0222a43c25ddf802915f57aa9b,
frontend/src/i18n/locales/zh/channelMonitorV2.ts,official_only,frontend_product,6753283a177e110bccc8858aba5dc2a53088613fc248a0c16f81c1e49ad716c9,,
frontend/src/i18n/locales/zh/common.ts,different,frontend_product,228a734891af623427e13c6a5248ae4845ca6e3ec2153dcd80e6c2d54d346215,bec00917ae8c35294421258d22d6b01ee98e5721e9db909be00f86494f1c281d,
frontend/src/i18n/locales/zh/dashboard.ts,different,frontend_product,d939aed98b6dfeec69c20804595167518f332d13a814e6a6d25f9a3e4f6dcaf0,abaf4dafd0d76ee5c6b051c55cca4057b4e6e5917fffaf3ec098b512acf24aac,
frontend/src/i18n/locales/zh/index.ts,different,frontend_product,1394d6e52f83a428060b71d598de46b6624dd8d78bf925d12abfb57adbf7fe0d,f6cfc637e1cadb3398273fb6fcf6e5f53084b38090eca3b97155c8faad547ece,
frontend/src/i18n/locales/zh/landing.ts,same,frontend_product,a967ce2eb3b944248cb649f7615fec041f207968d89bfb547e3ec8a88e5e4741,a967ce2eb3b944248cb649f7615fec041f207968d89bfb547e3ec8a88e5e4741,
frontend/src/i18n/locales/zh/misc.ts,different,frontend_product,c314a51dd0dc4a14e27864f212ac5050bbd798d1b6a5c9fad468ef01860a0ad6,c77ed96c76525824ad80a3aa8d14c01a2ae95462dfd5e30b3b24bbee3a105a9a,
frontend/src/main.ts,same,frontend_product,2d7d531af156f8e464cf258ceeca9549932bf2bcb1b4bfceb596264498327a47,2d7d531af156f8e464cf258ceeca9549932bf2bcb1b4bfceb596264498327a47,
frontend/src/router/README.md,different,frontend_product,fcfaee8fd346c4183780ebed034ede73f524e99f0cc965cd41edeeeccc482d18,9964225aa91e5c82ad6ac2b1b3cebcc6f44bf1fe20456e5ec48154a676bf811e,
frontend/src/router/__tests__/feature-access.spec.ts,different,frontend_product,d20be2827845348ca2d5a49d9c9821fde37c19bcaf5783de56a4c612fd8fc38f,813fd5800ee4fd473a73d98260139561f0fd913a2e344194f88a2163a3d2fc7e,
frontend/src/router/__tests__/guards.spec.ts,different,frontend_product,8f72674bb266de70cf00bb38d02574899a06a72c107c1b3543551dc668d1bf06,27411c7e80f3784f150e1af5767ba36e88b30a09621c67e5178d951ee04279b0,
frontend/src/router/__tests__/title.spec.ts,same,frontend_product,147968b99bffea02d83ef6466f931c552b6619c30261bde7430ad337e0f35ce2,147968b99bffea02d83ef6466f931c552b6619c30261bde7430ad337e0f35ce2,
frontend/src/router/__tests__/wechat-route.spec.ts,same,frontend_product,b1d8313cf180551c7cb1bd40bdf2d1bb1547dd5318c296eff5000f271491805c,b1d8313cf180551c7cb1bd40bdf2d1bb1547dd5318c296eff5000f271491805c,
frontend/src/router/index.ts,different,frontend_product,80e14726218083dd28eb130c367d1d26e1c442aeb88b429c08ebc2dcb92710f7,b44386781b89bddf4d862aecc8bc602f60f2b94e6e3e165056dad12948d3e8ca,
frontend/src/router/meta.d.ts,same,frontend_product,8516698efb0f33b4a185e2d6ddf9098d8f7b7d24f3a08596a27f244fccfddfdc,8516698efb0f33b4a185e2d6ddf9098d8f7b7d24f3a08596a27f244fccfddfdc,
frontend/src/router/setupRedirect.ts,same,frontend_product,6556f15bc437935ece6f65a3d61f64a6837488d13447af60f4c605fc8ab697df,6556f15bc437935ece6f65a3d61f64a6837488d13447af60f4c605fc8ab697df,
frontend/src/router/title.ts,same,frontend_product,ebef73b8ba7058936f379b8d7457a0c97d472c63eb54c33ee0e6a528f35b1fae,ebef73b8ba7058936f379b8d7457a0c97d472c63eb54c33ee0e6a528f35b1fae,
frontend/src/stores/README.md,same,frontend_product,66b1e7163858831890bbff96076417bbcd25e319970184658019e2a47135edfb,66b1e7163858831890bbff96076417bbcd25e319970184658019e2a47135edfb,
frontend/src/stores/__tests__/app.spec.ts,different,frontend_product,56f95ec5c0e58fa429563c86da6d706c8f7c6dd6e5c2a88505998b9618f9c454,f4a50264ec0884bbb7d965e7f9b24ab7f5a5c16f788ea0145b9b638d7b1b8ac6,
frontend/src/stores/__tests__/auth.spec.ts,same,frontend_product,461b0def8832646af5cd636d7d4085b1a794e88e369dc3cd5d12e479fd05d7af,461b0def8832646af5cd636d7d4085b1a794e88e369dc3cd5d12e479fd05d7af,
frontend/src/stores/__tests__/subscriptions.spec.ts,different,frontend_product,d0ea34e3950ada3c55d870ebd4ac38e4e16d0d7d1c74e179e531de36f0791b76,e89dfd712e9999610a924feffeb5812131d94225546ad76e2aab26bfbe73860d,
frontend/src/stores/adminCompliance.ts,same,frontend_product,f73d7934d73c37fb50f81b8ae2e792d11317ec13d6a2c5b17271915bfebe8e09,f73d7934d73c37fb50f81b8ae2e792d11317ec13d6a2c5b17271915bfebe8e09,
frontend/src/stores/adminSettings.ts,same,frontend_product,11e4cc737c48dd43586700fc15a1033c641d623b2906260a5d5eec726efed3aa,11e4cc737c48dd43586700fc15a1033c641d623b2906260a5d5eec726efed3aa,
frontend/src/stores/announcements.ts,same,frontend_product,9878266cd295c4d60c1b6a0d6fdccf54958248f15a851ad169210023507f0470,9878266cd295c4d60c1b6a0d6fdccf54958248f15a851ad169210023507f0470,
frontend/src/stores/app.ts,different,frontend_product,59cf89d274847bd831eba689c1a02e5646383c1252f3548aad408c35291dec1c,45b9120a22274993284f4ece7d4222a52fca98a378d3f1485e8265295b493d28,
frontend/src/stores/auth.ts,different,frontend_product,98c5e1fdd0564253637517197cfbcee6d23f2e9de43feaa920497459113d38f1,496c5df56c47733c48b80fa2767e10e9c19f93ac491bcb8f78db717ebfed1235,
frontend/src/stores/index.ts,same,frontend_product,39bc373e9ed1801628ad7375a1bc8a89c81618a2938992a392ba4686e0e3dc3e,39bc373e9ed1801628ad7375a1bc8a89c81618a2938992a392ba4686e0e3dc3e,
frontend/src/stores/onboarding.ts,same,frontend_product,c17941661815dee36f6862a5968b5d809ec4af6b2f8940f1378762fbeba7eea3,c17941661815dee36f6862a5968b5d809ec4af6b2f8940f1378762fbeba7eea3,
frontend/src/stores/payment.ts,same,frontend_product,52128c20bbafffbc15c18129d6a883475ee13a5302ac02b027d913d89376adb8,52128c20bbafffbc15c18129d6a883475ee13a5302ac02b027d913d89376adb8,
frontend/src/stores/subscriptions.ts,same,frontend_product,cbfb7b4938740ca769a14e5e440269c7af2bd942af6d2e00e4a898b9aa8ea93e,cbfb7b4938740ca769a14e5e440269c7af2bd942af6d2e00e4a898b9aa8ea93e,
frontend/src/style.css,different,frontend_product,2d0e275db9c6466fe66e3a0c1fb399ecde2b454163c36bf4410e4b85a6ec61f3,942346d205e8c2bb2de7a1d3a19b849e2878e5c8f9b128dccb376d66a969bf7c,
frontend/src/styles/announcement-markdown.css,same,frontend_product,611fa5b001e2da3ef54e74a36e9d13f03a98ccee6f703bfeef83c1b131210047,611fa5b001e2da3ef54e74a36e9d13f03a98ccee6f703bfeef83c1b131210047,
frontend/src/styles/onboarding.css,same,frontend_product,b44f748c820f0c33c723b4edebe29ed4f55d5f73a5a314251404c376d3ff7dec,b44f748c820f0c33c723b4edebe29ed4f55d5f73a5a314251404c376d3ff7dec,
frontend/src/types/global.d.ts,same,frontend_product,e3038a5590279d22dcf37e9e31656e7c49e472b60afecbd9d367fff4cf66005c,e3038a5590279d22dcf37e9e31656e7c49e472b60afecbd9d367fff4cf66005c,
frontend/src/types/index.ts,different,frontend_product,e9ab0373b195f2cc2cf94c2d7db2ee5564d797a5c418148860b7cf7a23b8f3ed,9c11f6a516d4ca404aca2d8013596a3c124cf6429b066b4affd4ce22a76d8d5b,
frontend/src/types/payment.ts,different,frontend_product,21622776813b81b571fba9041093b4a6504b54aa29355f6e833d4823c1594684,53cbecc2fa5ad20171d985ac8d4517366700817b9be818c9009944a4a7b183af,
frontend/src/utils/__tests__/accountSelection.spec.ts,same,frontend_product,61b7cc30270e9f7a2ba3f1a00a005820e9eee989db9a49d73b57964a0f11d27d,61b7cc30270e9f7a2ba3f1a00a005820e9eee989db9a49d73b57964a0f11d27d,
frontend/src/utils/__tests__/accountUsageRefresh.spec.ts,different,frontend_product,c8b5f9117b1f4c695163840cd951afb09ed685cbf39b4cd5d5066e2ef1b791a2,1d6c0942a504c6d09f7c6ee61c4a9e9f32e42d7b2a6595436f294b70e196a5c6,
frontend/src/utils/__tests__/authError.spec.ts,same,frontend_product,b8e61c9fccc8ea801dc860d5ea85308331f0f24be470ada8488ed8a836df9762,b8e61c9fccc8ea801dc860d5ea85308331f0f24be470ada8488ed8a836df9762,
frontend/src/utils/__tests__/billingMode.spec.ts,official_only,frontend_product,940014ea348c4ef23e804752f32a786d6e1799346bdbb945b5ca9ed55b930f67,,
frontend/src/utils/__tests__/branding.spec.ts,same,frontend_product,6b868e1ad1f90d2321896ea83182dfd1e18e5d67789c7b6918ab065d7f81e228,6b868e1ad1f90d2321896ea83182dfd1e18e5d67789c7b6918ab065d7f81e228,
frontend/src/utils/__tests__/ccswitchImport.spec.ts,different,frontend_product,1570f9c2ebb3c3e3a4f91c9717d28f8b990c71000d927dae3ff4c52fef790b9a,82b58f9284fce3de760f63c25bffc3f64c596d63c37ab93fcd39759e2e1f33b2,
frontend/src/utils/__tests__/codexCatalogConfig.spec.ts,official_only,frontend_product,0f8ce59d60dff0b37dc2cdb38e97c8e07ce47d89baf1c143ede5f244d4dbf43c,,
frontend/src/utils/__tests__/device.spec.ts,same,frontend_product,552df4a6ad5917ad83125f13b3486ef55ad51ba3bb781dd2bbefea8322fcee83,552df4a6ad5917ad83125f13b3486ef55ad51ba3bb781dd2bbefea8322fcee83,
frontend/src/utils/__tests__/embedded-url.spec.ts,same,frontend_product,4f6a1a3bf54b778d70c4720db973fc31f78a1b59820ab0ee912a13f2271ce50f,4f6a1a3bf54b778d70c4720db973fc31f78a1b59820ab0ee912a13f2271ce50f,
frontend/src/utils/__tests__/floatingPanel.spec.ts,same,frontend_product,c491067c99e89f972876ea39fe8a486cf9c8c7e2237827d0d183c2cb116e6266,c491067c99e89f972876ea39fe8a486cf9c8c7e2237827d0d183c2cb116e6266,
frontend/src/utils/__tests__/formatCompactNumber.spec.ts,same,frontend_product,9ca9f2a4a99432e50801c3b76d719e6cf71d76a48d86553be95d32caad0839b6,9ca9f2a4a99432e50801c3b76d719e6cf71d76a48d86553be95d32caad0839b6,
frontend/src/utils/__tests__/formatDateLocalInput.spec.ts,same,frontend_product,a19760df4ad884c6c1ac07e868d187f5cc3a15a8a7b7305ebc5cf6569a7952d9,a19760df4ad884c6c1ac07e868d187f5cc3a15a8a7b7305ebc5cf6569a7952d9,
frontend/src/utils/__tests__/formatDateTimeLocalInput.spec.ts,official_only,frontend_product,9b5c2747e579f5dc8e6c36b774bb3872399e828366fab0847fcdbd15ba9e717a,,
frontend/src/utils/__tests__/formatDateTimeToMinute.spec.ts,same,frontend_product,760cc78d9a1acd86f21ee93b7185c10d8af80117cd82ab6e458d618e8c275db0,760cc78d9a1acd86f21ee93b7185c10d8af80117cd82ab6e458d618e8c275db0,
frontend/src/utils/__tests__/formatMultiplier.spec.ts,same,frontend_product,1d4067f9871035f343a0a5cc55c6c2b5543956addebfda799519e0bba28ea8e8,1d4067f9871035f343a0a5cc55c6c2b5543956addebfda799519e0bba28ea8e8,
frontend/src/utils/__tests__/formatReasoningEffort.spec.ts,official_only,frontend_product,133f8627a8d34d0f755da7c2a6f0fcaaa346d55dfbd08031b7885713fe53aa79,,
frontend/src/utils/__tests__/ipGeoLookup.spec.ts,same,frontend_product,ce058e8f576e7b9c50372ccb000c18fde3dc567101ed4cb1416a72cdb1d518d5,ce058e8f576e7b9c50372ccb000c18fde3dc567101ed4cb1416a72cdb1d518d5,
frontend/src/utils/__tests__/latencyHealth.spec.ts,same,frontend_product,131d8a773de410ab233803287660764a189f24f45ae7ac9532ec2c6e4c102e93,131d8a773de410ab233803287660764a189f24f45ae7ac9532ec2c6e4c102e93,
frontend/src/utils/__tests__/oauthAffiliate.spec.ts,same,frontend_product,16ce2426eb2132868dff14fce8b76e257d57129edeeb9c0c2152f1d709adcebb,16ce2426eb2132868dff14fce8b76e257d57129edeeb9c0c2152f1d709adcebb,
frontend/src/utils/__tests__/openaiWsMode.spec.ts,same,frontend_product,131365d0482cd383a9baae9467edc615d41d592f0ed52fdbc49786aa5cf6d0e5,131365d0482cd383a9baae9467edc615d41d592f0ed52fdbc49786aa5cf6d0e5,
frontend/src/utils/__tests__/pricing.spec.ts,current_only,frontend_product,,b4977da50eb302d474647c82a18ba93cd18a3de788e2a433353ffc5f433a75ef,
frontend/src/utils/__tests__/proxyExpiry.spec.ts,same,frontend_product,b07042cca8cd78570b1f3ddefc61b8c94d11d4815899f12f5aadb4702c31c5a9,b07042cca8cd78570b1f3ddefc61b8c94d11d4815899f12f5aadb4702c31c5a9,
frontend/src/utils/__tests__/registrationEmailPolicy.spec.ts,same,frontend_product,fc8ab7df0aa3839401aad00c5892d86200ae959a5bcf2cedc41521a380267be3,fc8ab7df0aa3839401aad00c5892d86200ae959a5bcf2cedc41521a380267be3,
frontend/src/utils/__tests__/stableObjectKey.spec.ts,same,frontend_product,7b59228ec9811b93578c008fca510708d5ed0a77ecc81eb6a1170a0a0b918b22,7b59228ec9811b93578c008fca510708d5ed0a77ecc81eb6a1170a0a0b918b22,
frontend/src/utils/__tests__/subscriptionQuota.spec.ts,same,frontend_product,ba0babf8ba15b998badcfab7d1ddae8283d90cdf97abff469dbf465d666b0992,ba0babf8ba15b998badcfab7d1ddae8283d90cdf97abff469dbf465d666b0992,
frontend/src/utils/__tests__/subscriptionTerms.spec.ts,current_only,frontend_product,,8b905c8d6738c3e5f105744751aa7b644a999e703a3b81877400194fac523321,
frontend/src/utils/__tests__/tablePreferences.spec.ts,same,frontend_product,0e9eb7924214a5320fd7ffbfa09446db17404531caa320c4d11b793e7d289156,0e9eb7924214a5320fd7ffbfa09446db17404531caa320c4d11b793e7d289156,
frontend/src/utils/__tests__/usageServiceTier.spec.ts,same,frontend_product,4d4c4a9be5469e2b734fea07b77045726df48016e0805fc1ad37c3ce7f7b96bc,4d4c4a9be5469e2b734fea07b77045726df48016e0805fc1ad37c3ce7f7b96bc,
frontend/src/utils/accountSelection.ts,same,frontend_product,48924ea9a5d7ebffe8c1d37d21007eec770c6ff7fcbf0fb91346bc64a6bd59c6,48924ea9a5d7ebffe8c1d37d21007eec770c6ff7fcbf0fb91346bc64a6bd59c6,
frontend/src/utils/accountUsageRefresh.ts,different,frontend_product,3f2f4d83e0655b332a0246ffa6c920b03192824786b101ea53920499fb25903b,ec6cbbb01b8254795c6e9613d72eb42d1a9baa686b7c3628cfe241d93353ded4,
frontend/src/utils/apiError.ts,same,frontend_product,5acf8b65031dbb27bf320cc5cba918416c3b5ce2a40c46dd137963afaf46d651,5acf8b65031dbb27bf320cc5cba918416c3b5ce2a40c46dd137963afaf46d651,
frontend/src/utils/authError.ts,same,frontend_product,ad3a68936c87f67ac1adee1098d7cafdb3945110be8233f17f2c26f1eb8e3d12,ad3a68936c87f67ac1adee1098d7cafdb3945110be8233f17f2c26f1eb8e3d12,
frontend/src/utils/billingMode.ts,different,frontend_product,70a2839bbfd6d696822501c36662c75f081fc0e6cacbfa6ea365a884fcf210be,55b0956896749827de8b625dd776982c99dfeb4150b436ecb03a6d26e2e40d36,
frontend/src/utils/branding.ts,same,frontend_product,c5e26f7ed816891bfa8d55c8936d004fea5c7e4e5f1771fb8e31c32165e882d3,c5e26f7ed816891bfa8d55c8936d004fea5c7e4e5f1771fb8e31c32165e882d3,
frontend/src/utils/ccswitchImport.ts,different,frontend_product,be69698513a2d07e38a0c4c1927ecc4870baf8da1ff359a050cb46a0bd160553,f97e37a67989e3658b923bbd0d860a0a1f2c5383d28f72ddcbc2e93ba1bac5a6,
frontend/src/utils/codexCatalogConfig.ts,official_only,frontend_product,cf12bba892c5c6c3c824d7eb86c1b11f45b582eb0cfc317c15adfbd1dc0b164f,,
frontend/src/utils/device.ts,same,frontend_product,b505bd8fa5708ea9eac231aaf52da43047feacc9234fc904445e75bd52988bfd,b505bd8fa5708ea9eac231aaf52da43047feacc9234fc904445e75bd52988bfd,
frontend/src/utils/embedded-url.ts,same,frontend_product,c1503c6ebdcdcae4530344ef37783ac0bfa83b5a03f87e7e9915b319267537b9,c1503c6ebdcdcae4530344ef37783ac0bfa83b5a03f87e7e9915b319267537b9,
frontend/src/utils/errorBadges.ts,same,frontend_product,fb2f62c221097851f67cb3b10df522b6684de887768571f6a057506e320e8765,fb2f62c221097851f67cb3b10df522b6684de887768571f6a057506e320e8765,
frontend/src/utils/errorCategory.ts,same,frontend_product,9f56f78f6a26514af652bed895e9b046551d9fbae86eb79f8d124b89a5b6f851,9f56f78f6a26514af652bed895e9b046551d9fbae86eb79f8d124b89a5b6f851,
frontend/src/utils/featureFlags.ts,different,frontend_product,40fae639c8a79d33c08bb993de33ec16c5b1cb496009ed0f4a29fabe1449d611,e7284346d5c0e44f5f0b6fe869b084f7846d37922754a696fc9d06e0d02075e7,
frontend/src/utils/floatingPanel.ts,same,frontend_product,99c092bbf8270d24e9270854b5f9a68b97b282acc241c5879620e38adb324f24,99c092bbf8270d24e9270854b5f9a68b97b282acc241c5879620e38adb324f24,
frontend/src/utils/format.ts,different,frontend_product,107915a3dfbcda225f36484e5e9d5a58cb926df9cabecf29a3be604c2ae7e552,ee565e91473d1a4677bcf7c6b783deac1861ab8be46153db7ab18252c46d1e6c,
frontend/src/utils/formatters.ts,same,frontend_product,56a6610e5f534c493fc477a50d237c93fd0eabd1237700e7fdd8ee2e1ffe505a,56a6610e5f534c493fc477a50d237c93fd0eabd1237700e7fdd8ee2e1ffe505a,
frontend/src/utils/imageUsage.ts,same,frontend_product,850d799ee6f873e8bb23587579a57e089cf22d5e1ee0669db294e784e2a6a27d,850d799ee6f873e8bb23587579a57e089cf22d5e1ee0669db294e784e2a6a27d,
frontend/src/utils/ipGeoLookup.ts,same,frontend_product,6eb165f0290c5192e699eae3e6780d72f2ceab330368088e41f8202ff7d3bef0,6eb165f0290c5192e699eae3e6780d72f2ceab330368088e41f8202ff7d3bef0,
frontend/src/utils/latencyHealth.ts,same,frontend_product,c483f6de8ce5a0e9c9276161e39b584c2150890a0924a5c884205c31b568265c,c483f6de8ce5a0e9c9276161e39b584c2150890a0924a5c884205c31b568265c,
frontend/src/utils/maskApiKey.ts,same,frontend_product,8aca60053e558aaadb60aa3965739ba3d8b70d75fbe0b6861022c85e0d100c81,8aca60053e558aaadb60aa3965739ba3d8b70d75fbe0b6861022c85e0d100c81,
frontend/src/utils/oauthAffiliate.ts,same,frontend_product,feed8b7145a5405194d71b894b145d6742498eb3c6fc8b48e881a4750ba15e36,feed8b7145a5405194d71b894b145d6742498eb3c6fc8b48e881a4750ba15e36,
frontend/src/utils/openaiWsMode.ts,same,frontend_product,6cab31e4d9d6f9e2cb89da0096e3c7215eab189c57993848cf8132af8cb70a93,6cab31e4d9d6f9e2cb89da0096e3c7215eab189c57993848cf8132af8cb70a93,
frontend/src/utils/peak-rate.ts,same,frontend_product,5a8e5a9e28209882b79cc2582fac10485e4b662d84396d75841e4c47c1b720c0,5a8e5a9e28209882b79cc2582fac10485e4b662d84396d75841e4c47c1b720c0,
frontend/src/utils/platformColors.ts,different,frontend_product,ece92410cfc2793fd0119e1c7a4cd1984deefa70ed148b2df0cc2b8e9f8400b2,e13ae67c787f2b1d8d2a4e805d93ded1a6f40e6a91019541e963fcf679350594,
frontend/src/utils/pricing.ts,different,frontend_product,9c9fa5f948b68b7ebff1349e206ddebdf74942ef029b671add2148e2936befd2,b596b8674bce6c3c108c2787b391c0569af732a28a683935db31ee5af47a1ba8,
frontend/src/utils/proxyExpiry.ts,same,frontend_product,9cb319df5d5d1bb68ff6563f0364724cdfa18560210a6faaf89b3366302e1ec8,9cb319df5d5d1bb68ff6563f0364724cdfa18560210a6faaf89b3366302e1ec8,
frontend/src/utils/registrationEmailPolicy.ts,same,frontend_product,957feb7b63391ffe28c284a819000d0411bdef65a3cecef250904eb05b8c56d2,957feb7b63391ffe28c284a819000d0411bdef65a3cecef250904eb05b8c56d2,
frontend/src/utils/sanitize.ts,same,frontend_product,ec99d576318e660280ee78b5a718fd57477fd3dd36bfc0e3316946558e2bfc38,ec99d576318e660280ee78b5a718fd57477fd3dd36bfc0e3316946558e2bfc38,
frontend/src/utils/stableObjectKey.ts,same,frontend_product,49c7888c757a893daa608e0be67a6e5ad6196d7bd0a359ab252f9bc7e4bca42b,49c7888c757a893daa608e0be67a6e5ad6196d7bd0a359ab252f9bc7e4bca42b,
frontend/src/utils/subscriptionQuota.ts,same,frontend_product,99bb120ef65e1494cf6db4c6c4013b88e70239adeb683a863e6f44caf2368ff6,99bb120ef65e1494cf6db4c6c4013b88e70239adeb683a863e6f44caf2368ff6,
frontend/src/utils/subscriptionTerms.ts,current_only,frontend_product,,fb7b859641a73bf0e5d6cc9313b3f993936276ff143e3bdd237261e963ded8a2,
frontend/src/utils/tablePreferences.ts,same,frontend_product,daf9090280c283c3e2b3912484a945eb6418779a2b5931fe68a0d27e32039305,daf9090280c283c3e2b3912484a945eb6418779a2b5931fe68a0d27e32039305,
frontend/src/utils/tencentCaptcha.ts,official_only,frontend_product,4bbe3623df90cab91fb95982ba1e5b0a5aff708ed414e6bb61b13390c63cf78d,,
frontend/src/utils/url.ts,same,frontend_product,576f17b6e0d9c6d9e7b05d694f9964393427894fb010981054877b0b6e98d7f4,576f17b6e0d9c6d9e7b05d694f9964393427894fb010981054877b0b6e98d7f4,
frontend/src/utils/usageLoadQueue.ts,same,frontend_product,9e21783487000c85c7b1260283af7d6bcac6dd52a389fdbc65b45cecdd1a2134,9e21783487000c85c7b1260283af7d6bcac6dd52a389fdbc65b45cecdd1a2134,
frontend/src/utils/usagePricing.ts,same,frontend_product,c83f2e49991d729a23539346e6f37ad181e4e62e8410b988051cbcc08abd5970,c83f2e49991d729a23539346e6f37ad181e4e62e8410b988051cbcc08abd5970,
frontend/src/utils/usageRequestType.ts,same,frontend_product,7a19ed7eb947b3007fd7c0b786bb0e90b9ce9b775a12838639f8099dc59cd397,7a19ed7eb947b3007fd7c0b786bb0e90b9ce9b775a12838639f8099dc59cd397,
frontend/src/utils/usageServiceTier.ts,same,frontend_product,fb6caa1a05642cff48077e9231738080c08bb08b6292bc61ca9a5eb2bacf446f,fb6caa1a05642cff48077e9231738080c08bb08b6292bc61ca9a5eb2bacf446f,
frontend/src/utils/usageSpeed.ts,current_only,frontend_product,,7e629f227cbb66f232bcb91ddb84f7989a0633e8a0b7afab6d1f0d76b3eb9045,
frontend/src/views/HomeView.vue,different,frontend_product,56b479344750947c2d6667ddd08ea9bda5fd1707128a2b88be29c082b3303de8,d20d893ea00fbe0146d2f12438a484aeda3a6c805d0fffac60df4263e7cae9b9,
frontend/src/views/KeyUsageView.vue,same,frontend_product,c1edc2480e67920074918cc85fbacf254a321c8c9931547a9a7f9c904c4e0096,c1edc2480e67920074918cc85fbacf254a321c8c9931547a9a7f9c904c4e0096,
frontend/src/views/ModelPlazaView.vue,same,frontend_product,d8ef090b1ba56c0d6784afb1c0af8953d4b9cd67bc239f8e174fc079a6256520,d8ef090b1ba56c0d6784afb1c0af8953d4b9cd67bc239f8e174fc079a6256520,
frontend/src/views/NotFoundView.vue,same,frontend_product,77d0c2619bba4d9c19d08c93f1f4ae669828d9c7b0386a5872f8d3d026b2b0ee,77d0c2619bba4d9c19d08c93f1f4ae669828d9c7b0386a5872f8d3d026b2b0ee,
frontend/src/views/__tests__/HomeView.compact.spec.ts,different,frontend_product,3a07a6240b6ac6bbc17bb523988c8a4510aa0221b5e90732c400e8c4737ce241,f3b6c21cdf4d627eaab8566907b95a9a3d5c7c15edc167e317267c73ef8f5582,
frontend/src/views/__tests__/KeyUsageView.spec.ts,same,frontend_product,33768bb7e6116573534fe43159d197c1b096efd409ec5a796be83a4f24b5ee1a,33768bb7e6116573534fe43159d197c1b096efd409ec5a796be83a4f24b5ee1a,
frontend/src/views/admin/AccountsView.vue,different,frontend_product,a628a1949e044b35560b6e23afb3433e787008bd6933003485b10c68852c67a4,e5eebbfc34836ea6a54f428a1831146bcb2c45464b3e62917f4cfae99af263ab,
frontend/src/views/admin/AnnouncementsView.vue,different,frontend_product,6d8a47b34d2cf1bde4721b638466389ffcc712193d1fdaf18f35ae3f99743f00,43091253cb7dcdb6096104359dacd03d36557d5b8617b5c77a8165c0a6a0665f,
frontend/src/views/admin/AuditLogView.vue,same,frontend_product,668bb397f451dd9923c50c71578c843ce5aaeca9948d92a16d8ea9950f8452bc,668bb397f451dd9923c50c71578c843ce5aaeca9948d92a16d8ea9950f8452bc,
frontend/src/views/admin/BackupView.vue,different,frontend_product,af9170db19562103bc77a712cdf4e5d0ae88bb5f06db6b6d2bb1727986b32026,7ce83ec5385dfbb2e79ab0b9a820c6a02750f3e96bbad1e33d97a28075572769,
frontend/src/views/admin/ChannelMonitorView.vue,different,frontend_product,c1400b7d399824c92ff5eb242115fcdf65e2c0322f408d39aa8767514ea1824b,f8e6500013eade91808a81f5078aec73fb3ce2bbb535e0bee523ee25811a1942,
frontend/src/views/admin/ChannelsView.vue,official_only,frontend_product,e5c79d8eb1748057d2a35d0b38d92ef0ca74d78ea77826ecb35027097124a455,,
frontend/src/views/admin/DashboardView.vue,different,frontend_product,a2088a03ef980ffc204944416a35dc6a002f36463999d1c3019d18d883f70cef,a14818622fa01199792b4a8a9a0ba4a1f1f6c6dccf7b1be004dfb110882bd88a,
frontend/src/views/admin/GroupsView.vue,official_only,frontend_product,442714388b47a297e5dfe39896ea0d52b51481a73b0ab0d28808f4ab4dc982c8,,
frontend/src/views/admin/ModelPricingView.vue,current_only,frontend_product,,df18292570a57613dc78c4f1b20d9d5af72884fc1f0a85fc54571541212ff273,
frontend/src/views/admin/PlatformsView.vue,current_only,frontend_product,,f7925fd02edf648f1ee0cdd63dd4cae565cc5a6bcd4f8acea1fa631a4338daa6,
frontend/src/views/admin/PluginsView.vue,official_only,frontend_product,944c5b08a5ee0824ac7fcc8d9fc81bd835359d5e6ff0a98864b8d20b89977f78,,
frontend/src/views/admin/PromoCodesView.vue,same,frontend_product,2530a6c9de12faac904582b18161523e4aea2aa2c62800aa597c1dc4592b64d1,2530a6c9de12faac904582b18161523e4aea2aa2c62800aa597c1dc4592b64d1,
frontend/src/views/admin/ProxiesView.vue,different,frontend_product,f1a8430d4e7b2698ea557eccd4cad3c7b7bbbde22d4651315d64f13533b61a9c,33e062b22e7e33c981669f6cbafc90e73d128a0dfbf251f38f039d7f35783635,
frontend/src/views/admin/RedeemView.vue,different,frontend_product,74c97bb2ffd89e4d535dac2ca3526b24bd438c9d134ab7ba8ce09c73dd9aa9f7,5f3b4107d50d602f8aa46066cdae08cf07cbdbb32c494987b29d2a82fbe7ba33,
frontend/src/views/admin/RiskControlView.vue,different,frontend_product,10eb255b53bd97681130185d92b2e26234edc8d88156fe3d411bcf6ba2cb1ebf,9c27abea812ba06793a5cc7c261bdead7ecfbf62824ae7cb2838d1dfdb028104,
frontend/src/views/admin/SettingsView.vue,different,frontend_product,71426aa4f82b460ba2d773c708366ea934f9a4570b6a1d653dfc4314394ca565,a59c3d89a52ded0ac2ecb42d3895971d95625ec2e5a050dc7a866ac0ed8b6903,
frontend/src/views/admin/SubscriptionsView.vue,different,frontend_product,09ee39a06366efdee553646556854d656a2590ae4719b43490890e1a94a0fb44,d1421715409634a3f66e679cd8109549e9c3a7b1e467bfc12f5729607da6394d,
frontend/src/views/admin/UsageView.vue,different,frontend_product,b7fc09483f1009177f4610a44ffb3b11bba0a092d94a1fc0550ccab4239fdf39,5955832a4637ffcbf83bfeed9c54820ae6e587cb71d4601f714e5a9806bb233a,
frontend/src/views/admin/UsersView.vue,different,frontend_product,77ab963352d7988d0dcb89a08d3394ac4da4d1f15e1b5c9f51fd8a7c06d37cda,491786bb34cb9f8bb29281f35c5a0194b8ac96a6465b5e081f0c880224c3f7c9,
frontend/src/views/admin/__tests__/AccountsView.bulkEdit.spec.ts,different,frontend_product,c5da69fc3d092065ff377f6cf59b3afd801ef95680d099b9b8cc04d7ab966425,26e574e643ed702d62593b7fb314ba16ad9cad584a031cecc8ffc49dd2fbb89d,
frontend/src/views/admin/__tests__/AccountsView.priorityColumn.spec.ts,official_only,frontend_product,97a9c45a3222f7c7a23fe0444ee9259b86bf793b74a436e28db337c67c0dd87a,,
frontend/src/views/admin/__tests__/AccountsView.schedulerScore.spec.ts,different,frontend_product,581a54bcfc0c1016a965ae9b0f39fb8c4dc6d1af2e3488129d9cc4b7904a6347,5e5bf7a952ed4a05379e3550ad369f27a04074a3899e9605ac03e3e75544af85,
frontend/src/views/admin/__tests__/AccountsView.selectAllResults.spec.ts,different,frontend_product,6ea04c584da519fa925ad88ff75aaf53caa65fb7fe7f4174a271a37796db7a54,bb9eb4e7ef6da6e1063db0a0621df9bb7719be0ec770e7b507b93d868f510a71,
frontend/src/views/admin/__tests__/AccountsView.sparkShadow.spec.ts,different,frontend_product,c4fa74ce0bcea68ccf464fb4a8d6e8db0ceb1f137691cba0193e451a20d572d4,932d9f8a36ed833f95a728554be6a4bf429371cc653d03386a7e17b2069b1ff8,
frontend/src/views/admin/__tests__/AccountsView.usageWindowsHint.spec.ts,different,frontend_product,506962cd4c1bb006a782ed810b4b0eb1e48635980f1bcb576298d2afbfa663f2,6e744e6ab095e0248927135e40008bac349637e0286250ff1cd6ff4e68371b7a,
frontend/src/views/admin/__tests__/BackupView.spec.ts,official_only,frontend_product,13327d05e890537fe7d5e5dc1c547ee7caf60be04cf781b42acb84c68786a046,,
frontend/src/views/admin/__tests__/ChannelMonitorView.checkModeBadge.spec.ts,official_only,frontend_product,0d742c18ad4a0257dc09cf658e943bb191e1e9fd71dabbb662e688a3c5fba71d,,
frontend/src/views/admin/__tests__/ChannelMonitorView.duplicate.spec.ts,different,frontend_product,f5bea8e2e7f054571433730e5033bbbae46cc2cb2230a16b0a1f6816cd4217d4,daad229ff8269ae1cb0e22eb567f99477113786fde32cd0acbcfecb5af6e34d2,
frontend/src/views/admin/__tests__/ChannelMonitorView.grok.spec.ts,different,frontend_product,e88e8a7f8aa39cc96e885b07bd438f1dcd85635ac5b9a4ba3909332579873be5,8555a9014ee3a0219a7dcb951a874396800e976388ebd4b1e8e4688504be5839,
frontend/src/views/admin/__tests__/DashboardView.spec.ts,same,frontend_product,049094c59a031159bb392d30489a604ba08f2680c4dcdd1bb9bc06fec62c774d,049094c59a031159bb392d30489a604ba08f2680c4dcdd1bb9bc06fec62c774d,
frontend/src/views/admin/__tests__/GroupsView.columnSettings.spec.ts,official_only,frontend_product,fc2335b7d32749d928572ec120c8074083965779b83d14dd3f22497b397fdb95,,
frontend/src/views/admin/__tests__/GroupsView.compositePlatforms.spec.ts,official_only,frontend_product,e9148505e94c524e92c61ca8a11067dba2c15ad725e0eaf767e73ecc44aa25f5,,
frontend/src/views/admin/__tests__/GroupsView.duplicate.spec.ts,official_only,frontend_product,a4ccf5e9b3c6b21618b63124eae97146410ce00d93de98d8385bd8741a18644b,,
frontend/src/views/admin/__tests__/ModelPricingView.spec.ts,current_only,frontend_product,,c4081f65f563113a4d226ad128d85772b2d793d10e0cdbc42547e21275963f18,
frontend/src/views/admin/__tests__/MonitorFormDialog.accountSelector.spec.ts,official_only,frontend_product,ebe2a15dea14ea1eaf904133d13f10f97017e7f3256de60f7c47870e25a54131,,
frontend/src/views/admin/__tests__/PlatformsView.spec.ts,current_only,frontend_product,,15cea9014b5961a2c34f365f1793845b85d82da344ab3c064cde170cade95e8d,
frontend/src/views/admin/__tests__/PluginsView.spec.ts,official_only,frontend_product,9a7d70612b97250c723e220324655ae859d8ab387944deb32ff02eb6cfde6749,,
frontend/src/views/admin/__tests__/ProxiesView.ipv6.spec.ts,official_only,frontend_product,620d4d1c6590ef7fa8ffb8d8788525a31dfd3926234b44ef863cb2aed037ed44,,
frontend/src/views/admin/__tests__/RedeemView.batchUpdate.spec.ts,different,frontend_product,511c475cf326d30f72021bd095d2ca45b083201ebad89e28e05dff102e1bdb0c,108edf53e48f53da4547209cabc90a9921ec9ffe7e143b913fdc92a4f18ede8e,
frontend/src/views/admin/__tests__/RiskControlView.spec.ts,different,frontend_product,82490c5661cdbf0017cff39c943d28a2cdc765be16bc25a37b412d906c8c0ca3,e3cf9a3cc31aa0a3b7ade8a016e5a5b192bfc909b1d6904d37ea7ae456047cf6,
frontend/src/views/admin/__tests__/SettingsView.spec.ts,different,frontend_product,2b086b6c875009322dbeb980501cb3523d36d47daa59ad292c3e4af31bd7d530,f6b73fe38b8758140eda811d908a57edf705c033c5afa17453912b9fbb952b0c,
frontend/src/views/admin/__tests__/SubscriptionsView.spec.ts,current_only,frontend_product,,0697ad3bdb69dc4759e30a27dee171db3713b9c416ce5414dea2d51649967ed6,
frontend/src/views/admin/__tests__/UsageView.spec.ts,different,frontend_product,d8fc15a190cdff631c2bcd2383b86dc6a173db31b80f1770e67b8f511e284f4a,3ce377df1a07322bcabfaca9559a8907a2f6d87960760071364c2df45957a98e,
frontend/src/views/admin/__tests__/UsersView.spec.ts,different,frontend_product,c0e3b4eec3e1aad5cfca3c447a2a8182435ebefb4974505899a423743b4562a8,7b8b1dd157f2454eb4461b4a0888ff30000b39efbec218301555363ba3ab5cd8,
frontend/src/views/admin/__tests__/apiKeyGroupFilterOptions.spec.ts,official_only,frontend_product,a90ef99370c79ffc003525ba67c65e7f8facee15fc2c2c7af51efd855727b0a6,,
frontend/src/views/admin/__tests__/channelPlatformOptions.spec.ts,official_only,frontend_product,a6ab263172028846c0dabc1ad9dc714de86b2bf5643886a368a7b00cdf051868,,
frontend/src/views/admin/__tests__/codexFingerprintSignals.spec.ts,same,frontend_product,22822b50edf09877566b764720b0493d81ae18b99428cbd3c8c7208e26ba9ae3,22822b50edf09877566b764720b0493d81ae18b99428cbd3c8c7208e26ba9ae3,
frontend/src/views/admin/__tests__/groupsImagePricing.spec.ts,official_only,frontend_product,57983d6fc6a20b82a53242cdffe2940a63ee5e5fdad8bc6ccf4934398c2129fa,,
frontend/src/views/admin/__tests__/groupsMessagesDispatch.spec.ts,official_only,frontend_product,f5a860aabadb60f7d8393a9f1a377f4973b0c755d3cc567a1c46871a5e81584f,,
frontend/src/views/admin/__tests__/groupsModelsList.spec.ts,official_only,frontend_product,024f24e9663064a4264d8848da9be5b0d7b51cbcf2939ab945c469bc3cb965b4,,
frontend/src/views/admin/__tests__/groupsModelsListCandidates.spec.ts,official_only,frontend_product,2580b942c31d999d0b4aa23e77116cb8d5b4a9616412fe1df1095748c62e8ec7,,
frontend/src/views/admin/__tests__/groupsModelsListLayout.spec.ts,official_only,frontend_product,6c76388add8cd2ea81309a94bb16067781137f6baea44b38314fdcac0183a791,,
frontend/src/views/admin/__tests__/groupsOpenAIFast.spec.ts,official_only,frontend_product,0ca1e36051cfa35f8a25c6407e005513c2b2569493c5c835966017ac6d31ef25,,
frontend/src/views/admin/__tests__/groupsProfitControl.spec.ts,official_only,frontend_product,cc30c4a6d9b3950ed45834356ddc4c2651f314e311ad861ea27c5dabaa7d1126,,
frontend/src/views/admin/__tests__/groupsReasoningEffort.spec.ts,official_only,frontend_product,3f180a271566c90eb34cdc067866844fd65f6994d6ae30e52b5715aeaa77609c,,
frontend/src/views/admin/__tests__/groupsSupportedModelScopes.spec.ts,official_only,frontend_product,09a9319b6a92398a380ede7d9f4a252b7319c5ce4079bc106be8c6965673a43a,,
frontend/src/views/admin/__tests__/groupsVideoModelPricing.spec.ts,official_only,frontend_product,fa88cd7752094ccd30536c2b3715597d08ba1acf53b2c6b6420f05974b42fc72,,
frontend/src/views/admin/__tests__/platformFilterCatalogUsage.spec.ts,official_only,frontend_product,1b242d1ab4bc1953ae6c1a82259c9e3894c8dff6d09bfee023433ae3511232ff,,
frontend/src/views/admin/affiliates/AdminAffiliateInvitesView.vue,same,frontend_product,3d1d8fa091905c7457f068eae4c7b01067ddc2a4f9bcc8454a6d4821c9b3e907,3d1d8fa091905c7457f068eae4c7b01067ddc2a4f9bcc8454a6d4821c9b3e907,
frontend/src/views/admin/affiliates/AdminAffiliateRebatesView.vue,same,frontend_product,09c08019f128572165a23e73e8087b97cf53adcf08460e00a74e5fbce1683e67,09c08019f128572165a23e73e8087b97cf53adcf08460e00a74e5fbce1683e67,
frontend/src/views/admin/affiliates/AdminAffiliateRecordsTable.vue,same,frontend_product,8e502de11342b2868d93684d0757a6206b5f680390ca3851513d9bbedfbea1e9,8e502de11342b2868d93684d0757a6206b5f680390ca3851513d9bbedfbea1e9,
frontend/src/views/admin/affiliates/AdminAffiliateTransfersView.vue,same,frontend_product,9a57b84356c8d25c91e0f118553e4d3f86836c44e427c3993f3099fa72989356,9a57b84356c8d25c91e0f118553e4d3f86836c44e427c3993f3099fa72989356,
frontend/src/views/admin/apiKeyGroupFilterOptions.ts,official_only,frontend_product,b7b494ba627b194bdccb5d283c51470df81f898f1b61b325b4b571ec7592cea9,,
frontend/src/views/admin/codexFingerprintSignals.ts,same,frontend_product,1769e04b34c39f49c063ab56fd2dd77fd8e30ae0b49c65aaa249240294402df4,1769e04b34c39f49c063ab56fd2dd77fd8e30ae0b49c65aaa249240294402df4,
frontend/src/views/admin/groupsImagePricing.ts,official_only,frontend_product,5d60837bbf7da3fac1b1ea61a966b91c10ce8a0923383951d7ec5a1a1edf8094,,
frontend/src/views/admin/groupsMessagesDispatch.ts,official_only,frontend_product,5b452b90a17c32797ea9770c8fc90d39665baf46ac690a3f9f944fd79f7a205f,,
frontend/src/views/admin/groupsModelsList.ts,official_only,frontend_product,6ab06351ed2dd68e0152a03605c5c6edf1e82b6bfd01309fc98260ff52346b19,,
frontend/src/views/admin/groupsModelsListCandidates.ts,official_only,frontend_product,157ff0874678dc37cbdca970f6d4634ab471d9d3085d8eff82c602e95e2c66ef,,
frontend/src/views/admin/groupsOpenAIFast.ts,official_only,frontend_product,e9405a14c8f1ac100cc5f4b4193036b9ab561b2ff6b08dbbb95f5aa9272a8941,,
frontend/src/views/admin/groupsProfitControl.ts,official_only,frontend_product,5b4b7556ca3d57fe45ec1a0347ceccbabb61ca381fc52a07255b557f95a0fbbb,,
frontend/src/views/admin/groupsReasoningEffort.ts,official_only,frontend_product,6991a958a1e698864a553a8a7b4b7af2eac248f883993baf1bebe9bfa8561f6a,,
frontend/src/views/admin/groupsSupportedModelScopes.ts,official_only,frontend_product,4b122a8d084250931e4ecf8c0b8b7f9001b3d6c70be42db3e6b7a6350b205762,,
frontend/src/views/admin/groupsVideoModelPricing.ts,official_only,frontend_product,3e9a886b25f5922ffb453f1af48afdf111e38c76f9c69f54014f0814d3a0cbcf,,
frontend/src/views/admin/ops/OpsDashboard.vue,different,frontend_product,e0b8cf7b283101b54c3e03b3f043059d4649c1c7c51989acd9df47e8c1b5387e,f14b629fa6d114dfaede75ca150177e7f60813bbd022fccf62b8b9bf25de4ccd,
frontend/src/views/admin/ops/components/OpsAlertEventsCard.vue,different,frontend_product,29146305ef0e6c162bf3d215e3700d2acda2ac4b1296e713f9e1710d6d450db1,94eb5a15ff0710c63c8aa5fad5847c0d714e64214d3de784f3128a08b29fb820,
frontend/src/views/admin/ops/components/OpsAlertRulesCard.vue,different,frontend_product,11f51bed7fe41e02a5a36a6abf4461a455239b46440b9f4d35b8cc7176eae378,8592b2685a5e657caf85983a4ca477b8faa87b8d069d16f2e176509e7428665a,
frontend/src/views/admin/ops/components/OpsConcurrencyCard.vue,different,frontend_product,80782208616305b575005d8d8f4e48d37add28cc703bf0ee7519be9d56a25176,5fa4c7298997211139dbf9f91737deecc3ceb59f434ee2871ed4bd2d0092dcd9,
frontend/src/views/admin/ops/components/OpsDashboardHeader.vue,different,frontend_product,5e1a752bab7cd853b87696bd51fc8144a4b1d5506a687fc145509458d7fbcb8d,df9b57f318ced53a61dc96b49edea91399974eba618ac3c7ba228bebe63eb8fd,
frontend/src/views/admin/ops/components/OpsDashboardSkeleton.vue,same,frontend_product,b1e0b5f50fbe6a854432fde5660dae85139706a69de9a43eb695a7effeaca552,b1e0b5f50fbe6a854432fde5660dae85139706a69de9a43eb695a7effeaca552,
frontend/src/views/admin/ops/components/OpsEmailNotificationCard.vue,same,frontend_product,f7ccb7bb71cdf89df729e7f8a0afea4891c7d168ded1ef65720ca78a10897e92,f7ccb7bb71cdf89df729e7f8a0afea4891c7d168ded1ef65720ca78a10897e92,
frontend/src/views/admin/ops/components/OpsErrorDetailModal.vue,different,frontend_product,e37e57ec312b9121a2fd3f1752a5d0c9db5e7a7b9fd9503634d128cfbf581f6b,df382f22666f8e15072e39781f4b43defa2d7022d923b02f6677b6970e8ab136,
frontend/src/views/admin/ops/components/OpsErrorDetailsModal.vue,different,frontend_product,210d8de8b79e8ee4443c74c590154bb0e5aa0ef7cbc58bfc7b3e0678fafb41b3,7932a217edd36cbb88fa42a297636303e7461ec5fce5f6857a7c3d4cd12fb399,
frontend/src/views/admin/ops/components/OpsErrorDistributionChart.vue,different,frontend_product,67e68c62ac1976716c0b77d30384cbefc270cf67b0358d7824d1d68d562e1ecf,22dbb8c4a1dc044bc1a7a56d49e7da978d891f3c3e3c1d7c5a47290d8927978a,
frontend/src/views/admin/ops/components/OpsErrorLogTable.vue,different,frontend_product,47b6e42dc4ae446a7fc16481a3c110b2bdf04eb48c94919c5e8b5893fe38e7ed,5fe363da696a21f89e137ca205c33521db96f8d523fc1c154824354c711ae3df,
frontend/src/views/admin/ops/components/OpsErrorTrendChart.vue,same,frontend_product,4b43480a24946e7c6cb2810245525ceba4702df85bad809313bfe54383a9c9a7,4b43480a24946e7c6cb2810245525ceba4702df85bad809313bfe54383a9c9a7,
frontend/src/views/admin/ops/components/OpsLatencyChart.vue,same,frontend_product,0b91182c45bd12871cc3229c04978aeac953c92e6bd59b5d622f7712fe162e82,0b91182c45bd12871cc3229c04978aeac953c92e6bd59b5d622f7712fe162e82,
frontend/src/views/admin/ops/components/OpsOpenAITokenStatsCard.vue,different,frontend_product,f818074508d63f1101fa89cbb2f4caf376b6c60f2942c92586e59811753d0002,80c093bf26f6c5e5ec6aaa4fd00b68bb800234a8612569316b19c334b4a8b7a1,
frontend/src/views/admin/ops/components/OpsRequestDetailsModal.vue,different,frontend_product,f8531267cb848623a549041bb23282a268867c929bf2726c425be456e30281e9,5b48fc2f12426d338a1b9ec7e6da39bb725cf6a35b64b92fcf54b624d1c993b5,
frontend/src/views/admin/ops/components/OpsRuntimeSettingsCard.vue,same,frontend_product,2bb7050e41a47914e89a98da3338e29a83b2eb9822949cf5a9408f66d1bff463,2bb7050e41a47914e89a98da3338e29a83b2eb9822949cf5a9408f66d1bff463,
frontend/src/views/admin/ops/components/OpsSettingsDialog.vue,same,frontend_product,0ffdf288ec10b9ed66390e374ec1837c5d211cc9f21e8b3d52403ec22da322ac,0ffdf288ec10b9ed66390e374ec1837c5d211cc9f21e8b3d52403ec22da322ac,
frontend/src/views/admin/ops/components/OpsSwitchRateTrendChart.vue,same,frontend_product,0b9d4babd47b252fec19be23634cf95112e88f5508f436cd04f15a35c7057593,0b9d4babd47b252fec19be23634cf95112e88f5508f436cd04f15a35c7057593,
frontend/src/views/admin/ops/components/OpsSystemLogTable.vue,same,frontend_product,9974add175d316fbe06818e3a9ad28091549f9653e03834f75aadddbb2c7d8f8,9974add175d316fbe06818e3a9ad28091549f9653e03834f75aadddbb2c7d8f8,
frontend/src/views/admin/ops/components/OpsThroughputTrendChart.vue,different,frontend_product,df3ad36095f78d3b618d48a9bd0b85ca4abf4625fbdf1fb4ee04b82383ff61d0,b5d45b74bf4a8b22d0c554bd71f9d53a377c1f24c2019d2026dff889a6aae289,
frontend/src/views/admin/ops/components/__tests__/OpsErrorDetailModal.spec.ts,official_only,frontend_product,5ab1fb9a456b903f0efe0e8646f3f57775392ace13942d02fe9490d5a0b01e40,,
frontend/src/views/admin/ops/components/__tests__/OpsErrorLogTable.spec.ts,different,frontend_product,f773d5f2e8a3668372dfb1fc49b9d30d2a4746040caa4604f0054e61f3917cc4,f493b6923d43e26be3d0d1c80d53938103bb757188272eff17db847838283b94,
frontend/src/views/admin/ops/components/__tests__/OpsErrorScopeCharts.spec.ts,same,frontend_product,f67731f46a1f22a817945b95d25c2c39503d0c4bdeeecfeb78928ecc1380484e,f67731f46a1f22a817945b95d25c2c39503d0c4bdeeecfeb78928ecc1380484e,
frontend/src/views/admin/ops/components/__tests__/OpsOpenAITokenStatsCard.spec.ts,different,frontend_product,1b1ab8f45d5886821a9fac50e073f30ab18028682d1e74e96af43aaa7c0fe25f,41b9f0c1e243e2b37bbf9afbcd2b1fd2fbd2de122967e21d6307109ed4a3aed0,
frontend/src/views/admin/ops/components/__tests__/OpsSystemLogTable.spec.ts,same,frontend_product,d0c7133362b6fe7de084346fc64fb94a347787b9687fb68edb0431f5b3f80e4e,d0c7133362b6fe7de084346fc64fb94a347787b9687fb68edb0431f5b3f80e4e,
frontend/src/views/admin/ops/components/__tests__/OpsThroughputTrendChart.spec.ts,same,frontend_product,5d8a3d0debce5d60d472f641847385d99f7ea5fb767da673f46a75e15edae34b,5d8a3d0debce5d60d472f641847385d99f7ea5fb767da673f46a75e15edae34b,
frontend/src/views/admin/ops/types.ts,same,frontend_product,b4dfef53945c96557341f7ba4eefc08853c156408397fae48aec6c305891632f,b4dfef53945c96557341f7ba4eefc08853c156408397fae48aec6c305891632f,
frontend/src/views/admin/ops/utils/__tests__/errorDetailResponse.spec.ts,different,frontend_product,5c8c4def06c084e0365c46fa235e94e508493c46d2def83744dd4aad57fef2b0,c446d8af4a43a776f0a47e4774781500a96aa93de05e8b9fc4b0f4975eead2b6,
frontend/src/views/admin/ops/utils/__tests__/opsErrorParams.spec.ts,official_only,frontend_product,7eae4ead4af8e33f0e67faa0bd894f43d2f772fd580723c1a9432541d1d432ab,,
frontend/src/views/admin/ops/utils/__tests__/opsFormatters.spec.ts,official_only,frontend_product,e10b61431ac636b2b1f509fc2d220bbc27dc9a90ea0171c0bb5e53d55e15dce6,,
frontend/src/views/admin/ops/utils/errorDetailResponse.ts,same,frontend_product,19f35542f506e44583e17c1e9bcd6f8efbaffea7de9374587845787bf6d0a8cb,19f35542f506e44583e17c1e9bcd6f8efbaffea7de9374587845787bf6d0a8cb,
frontend/src/views/admin/ops/utils/opsErrorParams.ts,official_only,frontend_product,0a1ba7a6228ee5f446b0cd7b1473447a20e1100a7e37574b95b2a425e3ba9cdc,,
frontend/src/views/admin/ops/utils/opsFormatters.ts,different,frontend_product,799b304854bb2775a35487335cfd7582dd099e5bf92224454ea19325850b2808,79ac038302b03bad967f6596064d328d53ecbc52cf4e2c734189ce179ef5fcfb,
frontend/src/views/admin/orders/AdminOrdersView.vue,different,frontend_product,50aa4afda334b1acc1ee9f17fe55b190a590bd78ef753d2b4ac3d8eb7c164535,743d1ad79a0075dfda53a242a68f8b3b639d8f8bc46564d8b61c336735347805,
frontend/src/views/admin/orders/AdminPaymentDashboardView.vue,same,frontend_product,01b421dc014329e3f79788ffe356071bb57076a5628d550619ff983c1b21f98b,01b421dc014329e3f79788ffe356071bb57076a5628d550619ff983c1b21f98b,
frontend/src/views/admin/orders/AdminPaymentPlansView.vue,different,frontend_product,cb33b9a0ce7b42dc90cf16a0b1614a69523bad4083a7c1b5b4b945f83b335eb3,f6ddfc8343abcf456a6acf67efe8c4cd78e523fe02d0d419b49fc09f74971c3e,
frontend/src/views/admin/orders/PlanEditDialog.vue,different,frontend_product,995d9a995923ab3bbb70ef8aa2b7ea2648d56cd9755fb36e952d52703ae95563,86b4d7bc643d57d1d56e823c5804f96d0e2ad6b7c7e3a3c298a7610ffd212c33,
frontend/src/views/admin/orders/__tests__/AdminPaymentPlansView.spec.ts,different,frontend_product,0bf6f0cb08af7571ced269485bb4d0428485e7b252dad165ecf193a89423a772,2eed7b8907e695058fb745f34144bf2f72fec19c7d3fb8971397e8bc491b2f33,
frontend/src/views/admin/orders/__tests__/PlanEditDialog.spec.ts,different,frontend_product,56afb5a217dea03260efe8704c6e3b03b6d5b3d4574486f5b4e39367d06c39de,e8cfc6e6b17afc718a8a55adbff495280bfb87a17a588200c93000dd64e7ab7b,
frontend/src/views/admin/settings/EmailTemplateEditor.vue,different,frontend_product,7c6abe13f58bb14658bed11eb7eec65d8706f5a16b73fc63f2470b4acb4d1980,964b0a4c4731062054a62eb132de1f43641dafa69d0c19cb174000d46c17cb00,
frontend/src/views/admin/settings/OpenAIFastPolicyUserSelector.vue,same,frontend_product,f1b928af1a74d8526cee81f81b2eaadadf9a84073a111ed2e4445a85eeac2d23,f1b928af1a74d8526cee81f81b2eaadadf9a84073a111ed2e4445a85eeac2d23,
frontend/src/views/admin/settings/__tests__/OpenAIFastPolicyUserSelector.spec.ts,same,frontend_product,a7c6c4fbf9546481da8e0daa1f06272dc04c6e7638a62da90b66172cdb3f4633,a7c6c4fbf9546481da8e0daa1f06272dc04c6e7638a62da90b66172cdb3f4633,
frontend/src/views/auth/DingTalkCallbackView.vue,different,frontend_product,359fe4305074293ca96bea027bf212e54d6055837a46fc0e2b47ce8cab2d5280,e97c6dc92dddc3b919874bf4b33dc59c9b23244554561c2d9a10030c4d3a7d1b,
frontend/src/views/auth/DingTalkEmailCompletionView.vue,different,frontend_product,dd27f4b307d950c679ec27556e4e76319603515afb168955dc1fab73af6c9d89,821544f394cf686d062c877b27dccd608c03275c8085811c1a307f7a528bc023,
frontend/src/views/auth/EmailVerifyView.vue,different,frontend_product,87fc8dc1239437ddc3c70f968a0ed0505bf2d2047fb1030e2a82a35018fcb70f,feec2594640e051ecb772e6caa46403b779131078e32ee68e090031c26f8bf63,
frontend/src/views/auth/ForgotPasswordView.vue,different,frontend_product,8d0450d3b475f38f88a79cfdd8c4640e9791d52f918511bf23d2492fb0713595,46c08e33a0172b7063734cf16c50fcd7784bdf911c3dd1f85631fd489a4cf0ac,
frontend/src/views/auth/LinuxDoCallbackView.vue,different,frontend_product,f3781470e52f2f6d1164c8ab3c6b08c1ed1effdc241349c8f9a7a9b7e1ccca88,5391d0fd8f2e423dcdf0aa685e58a408df1610a33c0571f09173114e723081c2,
frontend/src/views/auth/LoginView.vue,different,frontend_product,c8e0eb969554e88328c641d8592dc8349f01a15179a3a61bc5d79edaf1619ab8,d8986daa4ada8c23629f35148f4bce50796134768e9acf5fae818e7b3464e408,
frontend/src/views/auth/OAuthCallbackView.vue,same,frontend_product,8dc435bea47124c981de3995d87a98448ca4eb0032f7c2212f100999fbab1e3a,8dc435bea47124c981de3995d87a98448ca4eb0032f7c2212f100999fbab1e3a,
frontend/src/views/auth/OidcCallbackView.vue,different,frontend_product,f966e4a6e3469f1b552ac92330f75d3cfa480185ee959e0605a8c24392eb17f8,52b12cc1e47dd54f2a6fdfc98aa6850e266d096409893a98439edf49431329ce,
frontend/src/views/auth/README.md,same,frontend_product,8ad2ff9f5a7509326bebe889c075333fb2451ed0f33a7505630bf0fba9916ad9,8ad2ff9f5a7509326bebe889c075333fb2451ed0f33a7505630bf0fba9916ad9,
frontend/src/views/auth/RegisterView.vue,different,frontend_product,48dff8c5e2dd8ee9673f0491c759ca23aad99dfcab0693ae3ee61a4115fe7646,ba6d44e5e4fc543b720c1ed423d903b2723e9dd728e105cd8bf4fd451030f6f3,
frontend/src/views/auth/ResetPasswordView.vue,same,frontend_product,8097e5066ec78f87d93e5fe43e589265a4b78ef4cc3cc28ecc7c7fae5424e1fb,8097e5066ec78f87d93e5fe43e589265a4b78ef4cc3cc28ecc7c7fae5424e1fb,
frontend/src/views/auth/USAGE_EXAMPLES.md,same,frontend_product,8e76c239173d483395720355504ce094f81e38b66a0c62fa182f97ba37fbb93d,8e76c239173d483395720355504ce094f81e38b66a0c62fa182f97ba37fbb93d,
frontend/src/views/auth/VISUAL_GUIDE.md,same,frontend_product,52bc2e128fe6d4577f6c543db800e69fc6c5705f434cd7ee8a7fda4d9fd11c6a,52bc2e128fe6d4577f6c543db800e69fc6c5705f434cd7ee8a7fda4d9fd11c6a,
frontend/src/views/auth/WechatCallbackView.vue,different,frontend_product,91eb2450cfc33f5c8d1317a0396ad1386a449bbb3932f41165679f8d642a2937,bc207dd39a4e93ccc4ea29706515ca2a188b9d5aae30bd0f7271f8beffd01083,
frontend/src/views/auth/WechatPaymentCallbackView.vue,same,frontend_product,8fbe92bbffdf751f00abd7d7837e75d4c874617a7fe5a4faefb9bb869257263e,8fbe92bbffdf751f00abd7d7837e75d4c874617a7fe5a4faefb9bb869257263e,
frontend/src/views/auth/__tests__/EmailVerifyView.spec.ts,different,frontend_product,ad3f531aef4ea71fa8830c0f02797c9e74c13ef953edb5b12f007bc88fa046a3,fe966962fe2255dafdcc1664b0959d3161f00d03d9e60583170e32d4a4c36b01,
frontend/src/views/auth/__tests__/LinuxDoCallbackView.spec.ts,same,frontend_product,0a5b276edabfa3a4602c7e1cd1283a01148d5c75f22689363f42fef3ea0d24d1,0a5b276edabfa3a4602c7e1cd1283a01148d5c75f22689363f42fef3ea0d24d1,
frontend/src/views/auth/__tests__/OAuthCallbackView.spec.ts,same,frontend_product,ab56aac93d010ae0589b7b4ba5605ed50b6ccd0af4420c02f118dfdc949ac48a,ab56aac93d010ae0589b7b4ba5605ed50b6ccd0af4420c02f118dfdc949ac48a,
frontend/src/views/auth/__tests__/OidcCallbackView.spec.ts,same,frontend_product,47d3699d1332317c0a49190ee01af2cb3fcc9a007e710a2188fd9ee2b15044f1,47d3699d1332317c0a49190ee01af2cb3fcc9a007e710a2188fd9ee2b15044f1,
frontend/src/views/auth/__tests__/RegisterView.spec.ts,different,frontend_product,167cf639195e78db92f65a5202721dd34a3d2d1a62293bc34060ec367679084b,42724f9d0f442895410217f2fcdf9f02b4f5977d27f2db145d8559567eb3cd7b,
frontend/src/views/auth/__tests__/TencentCaptchaActionGate.spec.ts,official_only,frontend_product,aec7b20a8861f0b9be0decfc4e2988e26e2ffa7ac59a08a00082315da615ac80,,
frontend/src/views/auth/__tests__/TencentCaptchaForgotPassword.spec.ts,official_only,frontend_product,af02e9f465f137d8686a5ec97cb760ddf76f2adfb2477a9f74fc9b31d2201119,,
frontend/src/views/auth/__tests__/WechatCallbackView.spec.ts,different,frontend_product,347c875a219d57b6487031ecf1e7e8008ac57e8e378a2dd13ad77847a0e69f43,d7c062168f5e6cbb114ead3361ff12dda8de2b6aac76ec6d81d953ad84867627,
frontend/src/views/auth/__tests__/WechatPaymentCallbackView.spec.ts,same,frontend_product,46e9b35f463a51775f213e06cb34d0f603a780d0b8999bff0288775e5682bcef,46e9b35f463a51775f213e06cb34d0f603a780d0b8999bff0288775e5682bcef,
frontend/src/views/auth/index.ts,same,frontend_product,8f523c7ccdc427a165000e4b342086ffbb7f16b83b6f8a765d4a5c7bf86d6755,8f523c7ccdc427a165000e4b342086ffbb7f16b83b6f8a765d4a5c7bf86d6755,
frontend/src/views/public/LegalDocumentView.vue,same,frontend_product,8e9948d7b19914a623cd2e6d030a820c46f45b3b5c157d677d6d5406b3c64487,8e9948d7b19914a623cd2e6d030a820c46f45b3b5c157d677d6d5406b3c64487,
frontend/src/views/setup/SetupWizardView.vue,same,frontend_product,a6b4e4c79e761164d7831cec8dc50efd4be32b2d84d7f5e279907989638ad416,a6b4e4c79e761164d7831cec8dc50efd4be32b2d84d7f5e279907989638ad416,
frontend/src/views/user/AffiliateView.vue,same,frontend_product,ca45cbf11e57586789adc08fb5b0cabf81cbb888ea335e4ccae7475e4d7dfb74,ca45cbf11e57586789adc08fb5b0cabf81cbb888ea335e4ccae7475e4d7dfb74,
frontend/src/views/user/AirwallexPaymentView.vue,same,frontend_product,e08a819bd52cfb3efac34208c7618b52ac5be3a34c54ac7480621a33b763ab5b,e08a819bd52cfb3efac34208c7618b52ac5be3a34c54ac7480621a33b763ab5b,
frontend/src/views/user/AvailableChannelsView.vue,official_only,frontend_product,cfe6d517bff625f391b58f5adabb0f104d1cb2c80e9995df2236df3849f93e08,,
frontend/src/views/user/AvailablePlatformsView.vue,current_only,frontend_product,,c263efee76b36dc603ff704daa79b04d10fef53312bcd047bced7a1fc3ff7eb6,
frontend/src/views/user/BatchImageGuideView.vue,different,frontend_product,c8e2c14f8c77c99bedd30c9d42d5531b66e788d11500cc16f7f7e469c484c7e1,63996a18a044122d6add066dfadb8ec23931b5b3414331a46a7c37b81812c54d,
frontend/src/views/user/ChannelStatusV1View.vue,official_only,frontend_product,ffc09633a3df8669119488058719dab3f56c9cf282b0f99c5033df9b86cf55d9,,
frontend/src/views/user/ChannelStatusV2View.vue,official_only,frontend_product,5e64f0347376ba769e95c91d417dd0b06ba0444645392733b6f3c785286db198,,
frontend/src/views/user/ChannelStatusView.vue,different,frontend_product,4db54bba2d9d772a0c49b60ad30d739a3c69aae4f36c63861d46f44cdffaf1f1,ffc09633a3df8669119488058719dab3f56c9cf282b0f99c5033df9b86cf55d9,
frontend/src/views/user/CustomPageView.vue,same,frontend_product,27a1be7a65d1aad84ba8d6d53992f688bf5bd3abfec92f1701610ac1f50424df,27a1be7a65d1aad84ba8d6d53992f688bf5bd3abfec92f1701610ac1f50424df,
frontend/src/views/user/DashboardView.vue,different,frontend_product,9596b3490ad4ce46fea7219cf544fbaa106ffe2cd54266af3e478f7b63d32a8d,8daf75daea8aeb22cf3921a60df557721481115abc495b54a4029080162178dd,
frontend/src/views/user/KeysView.vue,different,frontend_product,8d419958937218c1531eedfb7c8425edd68ecdbb3b7ead6db2d772cafdf82996,d8a25c2de35feb1629914d897a2d4d54d35670fb8243d44c6f9c0e3753c4890d,
frontend/src/views/user/PaymentQRCodeView.vue,same,frontend_product,2ac49a27f3ca5c731f0ea8e3a3c2b7e0421000a064268977275ba1ee8ca5864b,2ac49a27f3ca5c731f0ea8e3a3c2b7e0421000a064268977275ba1ee8ca5864b,
frontend/src/views/user/PaymentResultView.vue,different,frontend_product,2689a01175bc775c6de02999d3b8dcce20fb10f6b7b4a185491d9c899b4b0c19,8b625514d6e3213b0ddd337aba9bab73baf568f3425e90371cc85ae4bfe275e7,
frontend/src/views/user/PaymentView.vue,different,frontend_product,9ee72c34ead8c27444f14204d53f9fb7aecea57ccf19564f497e999666264128,9d5459ad6510e56935765f804d75ff7d7232ce86756bdd6223754521cdd78287,
frontend/src/views/user/ProfileView.vue,same,frontend_product,37963e1d93fcda3957162b0b761591df68ddcc89c1caea47ce004acde40e1ff0,37963e1d93fcda3957162b0b761591df68ddcc89c1caea47ce004acde40e1ff0,
frontend/src/views/user/RedeemView.vue,different,frontend_product,fcb8d6e2d07fd46f8277277d475be913f76f79a9ef20a20e1ca48cba40e5dd17,cb642694c3f4999ffdc466ab88f4123aeb5d4c596fe743886f71f220f3b751cd,
frontend/src/views/user/StripePaymentView.vue,same,frontend_product,a505720ffcee5434bdcebd5dfd6675b619d5cf60489ac821c0796538a00586a4,a505720ffcee5434bdcebd5dfd6675b619d5cf60489ac821c0796538a00586a4,
frontend/src/views/user/StripePopupView.vue,same,frontend_product,fe88457a8ccfb6618cc49fcc9934592639b9f32322a936e204b96dba60138a36,fe88457a8ccfb6618cc49fcc9934592639b9f32322a936e204b96dba60138a36,
frontend/src/views/user/SubscriptionsView.vue,different,frontend_product,f9f16261d39cc4d2f5a6a452206b3717f97dac712389b286c88ffbc1bdb1f048,9b0def321c95e6e98cfa765402620e03807a05ffa7e7f5534f9a402055488f00,
frontend/src/views/user/UsageView.vue,different,frontend_product,d0d47cd3c9c554692f3a42c79ac260c897ae8c01fb73477ba23809edc8dc4f80,776ac71dfb11efe333f07f67639439eddc0f24dbf403f619cdc63986a43529e4,
frontend/src/views/user/UserOrdersView.vue,same,frontend_product,6b785d0667407f40e8b23239f4aa378cb864012fa3aa573a2cef06fbca0a11cc,6b785d0667407f40e8b23239f4aa378cb864012fa3aa573a2cef06fbca0a11cc,
frontend/src/views/user/__tests__/AffiliateView.spec.ts,same,frontend_product,0be297660ce8d4c07bb9e5bbe152960820403cc0842746550950a63ae37724e2,0be297660ce8d4c07bb9e5bbe152960820403cc0842746550950a63ae37724e2,
frontend/src/views/user/__tests__/AirwallexPaymentView.spec.ts,same,frontend_product,e92fa06e78aa49785c775bb86ecba99cccf65101871493b51c01f92dbcb5b96e,e92fa06e78aa49785c775bb86ecba99cccf65101871493b51c01f92dbcb5b96e,
frontend/src/views/user/__tests__/ChannelStatusView.mode.spec.ts,official_only,frontend_product,d6bf0b8ab310d8d4d029f1ba89015100936003ccced0191c95f53f22ce1fe775,,
frontend/src/views/user/__tests__/DashboardSubscriptions.spec.ts,current_only,frontend_product,,cc67f4f15848ece2654f31828b0b0892b1741d1c31d881c14eef1a1743a51fa5,
frontend/src/views/user/__tests__/KeysView.spec.ts,different,frontend_product,03ecbcd16cf63a64a67e6df98a1b367d6e0b3999ab7aec89fb3fc8706faf8dc8,ff59a332e6ce91fb101eaa91f12a371f08d0d5b424a54d8b9755772271a6919f,
frontend/src/views/user/__tests__/PaymentResultView.spec.ts,different,frontend_product,f7684c9d2e37a702b8ae9a2e20b32995bd7ec707379552273a11fcb7fd970590,3c12896d3bc14fefec214e7ecfc7409cdedfb3f356463dd70939fc0c2d7efb4f,
frontend/src/views/user/__tests__/PaymentView.spec.ts,different,frontend_product,362a36a29124b006143c48baed3979aeab546045eecb917e9502d61558206fe9,f867e5de4c0260db9b9a0917bef6882f9df9444a887f1b365f9dde3fa7657ec6,
frontend/src/views/user/__tests__/ProfileView.spec.ts,same,frontend_product,a1ae918e99dfb848050d39296e21b362ab25a06ac208f595662a4d22acf80d31,a1ae918e99dfb848050d39296e21b362ab25a06ac208f595662a4d22acf80d31,
frontend/src/views/user/__tests__/StripePaymentView.spec.ts,same,frontend_product,6b6506a6da594a0599c4d7f1edb590d659706643e1a95a4e326ffdb41addccc4,6b6506a6da594a0599c4d7f1edb590d659706643e1a95a4e326ffdb41addccc4,
frontend/src/views/user/__tests__/SubscriptionsView.v2.spec.ts,current_only,frontend_product,,972b984943c13bdd57e48c3e16de7c07f3bd4a717c4fe358048ce05263b4734f,
frontend/src/views/user/__tests__/UsageView.spec.ts,different,frontend_product,953411d2b8de7dec9895207c3d182743b042ca8e0c7b1aafadb63d8d6cb45c33,ee073e4577d9ee3b2ef7c6f0d1d91492224bf811612e752e1ce7ffb1e1503b38,
frontend/src/views/user/__tests__/paymentUx.spec.ts,same,frontend_product,c9be534f11ac217bf60be013fe7c993a0936a7c3ce85c56b7a9f521fecaa2265,c9be534f11ac217bf60be013fe7c993a0936a7c3ce85c56b7a9f521fecaa2265,
frontend/src/views/user/__tests__/paymentWechatResume.spec.ts,same,frontend_product,03978b30f5de14103285a00941b4e75d55154ba169578df3bbdf693e2ef9083a,03978b30f5de14103285a00941b4e75d55154ba169578df3bbdf693e2ef9083a,
frontend/src/views/user/__tests__/stripeLazyLoading.spec.ts,same,frontend_product,009c20419841cde4cd625ecf7178d3b07f29f46063adec5bbee754b0f4441c4c,009c20419841cde4cd625ecf7178d3b07f29f46063adec5bbee754b0f4441c4c,
frontend/src/views/user/paymentUx.ts,same,frontend_product,4c9a50b3db490605f2b538da4aed8e40db74571a7720425e23ceb6b5a7e28d70,4c9a50b3db490605f2b538da4aed8e40db74571a7720425e23ceb6b5a7e28d70,
frontend/src/views/user/paymentWechatResume.ts,same,frontend_product,4b0e049b945881618f19a4fbe2c16d40a2c6d94c972e76f029d367e62e2d7e1c,4b0e049b945881618f19a4fbe2c16d40a2c6d94c972e76f029d367e62e2d7e1c,
frontend/src/vite-env.d.ts,same,frontend_product,a8fd09645cb5ef0453626a0a069a0d4431ffb39a0314bc0c6079467554b70027,a8fd09645cb5ef0453626a0a069a0d4431ffb39a0314bc0c6079467554b70027,
frontend/tailwind.config.js,different,frontend_product,717af6397bf3c1b57fee20b15528d1c27d1241e4db686dcf79dba2effb27fb3d,4ef74ede48a7370d1ccb8cd097b19f43def16a4b92956d694aea5a0f4853875e,
frontend/tsconfig.json,same,frontend_product,f98ff6cf3dda571189c0220ab3a7e52305e393856650785be136edd403217fe6,f98ff6cf3dda571189c0220ab3a7e52305e393856650785be136edd403217fe6,
frontend/tsconfig.node.json,same,frontend_product,9e2abb169ea87b7190613a1d4da57ca608463a453bd4231fa3aeee5e308370dd,9e2abb169ea87b7190613a1d4da57ca608463a453bd4231fa3aeee5e308370dd,
frontend/vite.config.ts,same,frontend_product,815b3dec61328dc35361667718016d2c192dd5236f90fd062c8a5d5293d22538,815b3dec61328dc35361667718016d2c192dd5236f90fd062c8a5d5293d22538,
frontend/vitest.config.ts,same,frontend_product,7fe146c9d88c0b4a24e73f7b583cb1dd3ab94436246337482d18d0c8616db1a2,7fe146c9d88c0b4a24e73f7b583cb1dd3ab94436246337482d18d0c8616db1a2,
openspec/changes/add-openai-compatible-prompt-audit/.openspec.yaml,same,documentation,cbe77f7cdd1eb53a9af2409ba4d32d1520863ffedadf79c7cc4b2470c9b6432b,cbe77f7cdd1eb53a9af2409ba4d32d1520863ffedadf79c7cc4b2470c9b6432b,
openspec/changes/add-openai-compatible-prompt-audit/README.md,same,documentation,37fa08f05fac23d9537c82d7177a1fc6534c7eb66d61bef80ce1cdb819edb708,37fa08f05fac23d9537c82d7177a1fc6534c7eb66d61bef80ce1cdb819edb708,
openspec/changes/add-openai-compatible-prompt-audit/design.md,same,documentation,4d40224ec5bb76a58623de8af8e7fefe7e1abba354e4b2791b6898aefce892df,4d40224ec5bb76a58623de8af8e7fefe7e1abba354e4b2791b6898aefce892df,
openspec/changes/add-openai-compatible-prompt-audit/implementation-evidence.md,same,documentation,696828439b45a29e3c73eb08bc52ce41c8242b9bb910791b0456afa46f6791dd,696828439b45a29e3c73eb08bc52ce41c8242b9bb910791b0456afa46f6791dd,
openspec/changes/add-openai-compatible-prompt-audit/implementation-guide.md,same,documentation,5809e7badcc271a9753b9535cc1da37799ac1ee90cc5249b95d3a28ed4bbae91,5809e7badcc271a9753b9535cc1da37799ac1ee90cc5249b95d3a28ed4bbae91,
openspec/changes/add-openai-compatible-prompt-audit/proposal.md,same,documentation,b5e50f1d852491677801b0a2d5bfa59db3f510632e0587bdc73b35179e6f87ce,b5e50f1d852491677801b0a2d5bfa59db3f510632e0587bdc73b35179e6f87ce,
openspec/changes/add-openai-compatible-prompt-audit/source-baseline.md,same,documentation,39c3f2d2d9072f9b263dce9eeb1aec5eda8ee4bafce3f85e46e8bf63431c2c57,39c3f2d2d9072f9b263dce9eeb1aec5eda8ee4bafce3f85e46e8bf63431c2c57,
openspec/changes/add-openai-compatible-prompt-audit/source-feature-map.md,same,documentation,8496c026e7a17c5f43f7ef29e295554c1df4ea20acb8e1cf6a7935bcdb31966e,8496c026e7a17c5f43f7ef29e295554c1df4ea20acb8e1cf6a7935bcdb31966e,
openspec/changes/add-openai-compatible-prompt-audit/source-freeze/MANIFEST.md,same,documentation,badab312bf6af4d2c77857a9400381f4da4fbf45722d9f4a6df23bc7005273b6,badab312bf6af4d2c77857a9400381f4da4fbf45722d9f4a6df23bc7005273b6,
openspec/changes/add-openai-compatible-prompt-audit/source-freeze/aicodex-prompt-audit-tracked.patch,same,documentation,f751a13cce3f3a73cd60cae3aececcef6e1e76dcec8c551a7a4747f032234d2b,f751a13cce3f3a73cd60cae3aececcef6e1e76dcec8c551a7a4747f032234d2b,
openspec/changes/add-openai-compatible-prompt-audit/specs/prompt-input-audit/spec.md,same,documentation,2056c3556cfd8f7cd9d84e482636adfcb8166d3cfa3110401dbe6a3d32468b3e,2056c3556cfd8f7cd9d84e482636adfcb8166d3cfa3110401dbe6a3d32468b3e,
openspec/changes/add-openai-compatible-prompt-audit/specs/prompt-input-guard/spec.md,same,documentation,ff5af56d8e3cab0129f39a22a390b7c63ce0d708972b4e0d381d7d09e038f066,ff5af56d8e3cab0129f39a22a390b7c63ce0d708972b4e0d381d7d09e038f066,
openspec/changes/add-openai-compatible-prompt-audit/specs/security-audit-console/spec.md,same,documentation,79e7bc2b6175585c5ff25bf580ef0179d6c263a987de61363ae3826e019d9995,79e7bc2b6175585c5ff25bf580ef0179d6c263a987de61363ae3826e019d9995,
openspec/changes/add-openai-compatible-prompt-audit/tasks.md,same,documentation,377b862211cd316d051cecb96309c5ff2f0f3fe475cd4bf99688a0a4ab3c903a,377b862211cd316d051cecb96309c5ff2f0f3fe475cd4bf99688a0a4ab3c903a,
openspec/changes/add-openai-compatible-prompt-audit/verification.md,same,documentation,49b6654c4d30a140c4fdaee38078fb967d9a7fd86934c59e6e03aafe7db62b79,49b6654c4d30a140c4fdaee38078fb967d9a7fd86934c59e6e03aafe7db62b79,
openspec/config.yaml,same,documentation,7f64d2448e1c83ffa6f2f3398b742fb5f2d4d3ea47b2c540a9076484977026b4,7f64d2448e1c83ffa6f2f3398b742fb5f2d4d3ea47b2c540a9076484977026b4,
skills/sub2api-admin/SKILL.md,same,documentation,6b7730a94d8e6604d5a7ce86c08a8afad455a33207f114ca77a5b4b4fe6a4608,6b7730a94d8e6604d5a7ce86c08a8afad455a33207f114ca77a5b4b4fe6a4608,
skills/sub2api-admin/agents/openai.yaml,same,documentation,3c37355cbc143d0c95813c1cd7fd754b5b7cc8bab2de6e8c14f215fadbccc0c7,3c37355cbc143d0c95813c1cd7fd754b5b7cc8bab2de6e8c14f215fadbccc0c7,
skills/sub2api-admin/references/admin-cli.md,same,documentation,0a5a6c17b5228e5240fb06388cc3f2daa5d9a67b6589e81b7105f516200bd177,0a5a6c17b5228e5240fb06388cc3f2daa5d9a67b6589e81b7105f516200bd177,
skills/sub2api-admin/scripts/sub2api-admin.js,same,documentation,ddf058f5c315a07acae6af7d1d0a3411f1f8d2aa955b4f502b32690dd2f05768,ddf058f5c315a07acae6af7d1d0a3411f1f8d2aa955b4f502b32690dd2f05768,
tools/check_pnpm_audit_exceptions.py,same,infrastructure,9a77561de1ecf98e72bfa5f6c42443a037ce05de3443be06146abfeafd3ae7ea,9a77561de1ecf98e72bfa5f6c42443a037ce05de3443be06146abfeafd3ae7ea,
tools/sub2api_upstream_inventory.py,current_only,infrastructure,,77086f798087826df27f555d4e5e3c97231997021935b65dce5b7d2adcd3fae2,
tools/sub2api_upstream_sync.py,current_only,infrastructure,,e55bf49d6831b15462954b5c4e9c5a55d4d30bc226a06a42ab011da34e7a25db,
tools/test_sub2api_upstream_inventory.py,current_only,infrastructure,,2ab9b25732b059943b8c0de6d1603fdd20da67b2fa0fc2bed11e448e3bd51185,
tools/test_sub2api_upstream_sync.py,current_only,infrastructure,,73012f2d92ebb37d154ad764c17e041171cf5a962d38fba3f8fe71be1d09187d,
